time,close,cm_macd,cm_signal,cm_hist,zl_macd,zl_signal,zl_hist,cm_closedcross,zl_closedcross,custom_ema_sma_macd,custom_ema_sma_signal,custom_ema_sma_hist
2026.01.05 10:00,100.0,-0.14645827811456513,-0.49078586158298415,0.344327583468419,0.7917795313239253,0.37644504082403074,0.41533449049989457,0.0,0.0,-0.14645827811456513,-0.49078586158298126,0.34432758346841613
2026.01.05 10:01,100.0,-0.0021891843257577648,-0.4109431606387135,0.40875397631295574,0.9596821998109988,0.4930924726214244,0.46658972718957437,0.0,0.0,-0.0021891843257577648,-0.4109431606387122,0.40875397631295446
2026.01.05 10:02,100.0,0.11086710493128749,-0.3237838321739901,0.4346509371052776,1.054575405989766,0.6053890592950928,0.4491863466946733,0.0,0.0,0.11086710493128749,-0.32378383217399037,0.43465093710527786
2026.01.05 10:03,100.0,0.19818052694259336,-0.23256343460879367,0.43074396155138706,1.094476601074831,0.7032065676510404,0.39127003342379063,0.0,0.0,0.19818052694259336,-0.23256343460879395,0.4307439615513873
2026.01.05 10:04,100.0,0.26433001111733745,-0.13999022548572262,0.40432023660306005,1.0936718127402827,0.7812996166688889,0.31237219607139377,0.0,0.0,0.26433001111733745,-0.1399902254857229,0.4043202366030604
2026.01.05 10:05,100.0,0.31314422223867666,-0.048306154356538136,0.3614503765952148,1.0634274223653364,0.8377251778081785,0.22570224455715793,0.0,0.0,0.31314422223867666,-0.0483061543565384,0.36145037659521506
2026.01.05 10:06,100.0,0.3478203794164756,0.04064516492221086,0.3071752144942647,1.01257225599862,0.8726945934462668,0.13987766255235334,0.0,0.0,0.3478203794164756,0.0406451649222106,0.307175214494265
2026.01.05 10:07,100.0,0.37102454382169014,0.1253612805530132,0.24566326326867693,0.9479729512619031,0.887750265009394,0.06022268625250904,0.0,0.0,0.37102454382169014,0.12536128055301296,0.24566326326867718
2026.01.05 10:08,100.0,0.38497624477936654,0.20463284120078962,0.18034340357857692,0.8749215750942767,0.8851845270263706,-0.010262951932093922,0.0,-1.0,0.38497624477936654,0.20463284120078937,0.18034340357857717
2026.01.05 10:09,100.0,0.3915198709453023,0.26440819109633046,0.12711167984897181,0.7974511625643999,0.8676378541339765,-0.07018669156957669,0.0,0.0,0.3915198709453023,0.2644081910963302,0.1271116798489721
2026.01.05 10:10,100.0,0.3921848786713866,0.3082275314293465,0.08395734724204013,0.7185921093404488,0.8378287051752711,-0.11923659583482227,0.0,0.0,0.3921848786713866,0.3082275314293462,0.0839573472420404
2026.01.05 10:11,100.0,0.3882365527739182,0.3390463589674166,0.049190193806501636,0.6405800836096063,0.7983789808621382,-0.15779889725253193,0.0,0.0,0.3882365527739182,0.3390463589674163,0.049190193806501914
2026.01.05 10:12,100.0,0.3807187868682149,0.3593283878480412,0.0213903990201737,0.5650242472558915,0.7517080341408889,-0.18668378688499743,0.0,0.0,0.3807187868682149,0.35932838784804094,0.021390399020173978
2026.01.05 10:13,100.0,0.37049012370144396,0.37112395591294195,-0.0006338322114979866,0.4930430243843915,0.6999750321895895,-0.20693200780519794,-1.0,0.0,0.37049012370144396,0.37112395591294167,-0.0006338322114977091
2026.01.05 10:14,100.0,0.3582541041411247,0.37613616501321395,-0.017882060872089267,0.4253733724983704,0.6450547002513457,-0.21968132775297533,0.0,0.0,0.3582541041411247,0.3761361650132137,-0.01788206087208899
2026.01.05 10:15,100.0,0.3445848112760217,0.3757766574420524,-0.031191846166030712,0.3624584518072993,0.5885354505625364,-0.22607699875523712,0.0,0.0,0.3445848112760217,0.37577665744205213,-0.031191846166030435
2026.01.05 10:16,100.0,0.32994835890278296,0.37121263689550715,-0.041264277992724196,0.3045177130676393,0.531731903063557,-0.2272141899959177,0.0,0.0,0.32994835890278296,0.3712126368955069,-0.04126427799272392
2026.01.05 10:17,100.0,0.3147209576542025,0.3634064938816,-0.04868553622739752,0.2516027023069256,0.4757060629122307,-0.2241033606053051,0.0,0.0,0.3147209576542025,0.36340649388159973,-0.04868553622739724
2026.01.05 10:18,100.0,0.2992040939106744,0.3531491853221969,-0.05394509141152254,0.2036412854118197,0.42129310741214854,-0.21765182200032884,0.0,0.0,0.2992040939106744,0.35314918532219663,-0.05394509141152226
2026.01.05 10:19,100.0,0.2836372736681909,0.3410883403218418,-0.057451066653650906,0.16047250501387111,0.3691289869324931,-0.20865648191862196,0.0,0.0,0.2836372736681909,0.3410883403218416,-0.057451066653650684
2026.01.05 10:20,100.0,0.26820871337943686,0.327751913722455,-0.05954320034301813,0.12187387824539542,0.3196779651950736,-0.19780408694967816,0.0,0.0,0.26820871337943686,0.32775191372245477,-0.05954320034301791
2026.01.05 10:21,100.0,0.2530643004651125,0.31356808189988805,-0.06050378143477553,0.08758261172629034,0.27325889450131696,-0.18567628277502662,0.0,0.0,0.2530643004651125,0.31356808189988783,-0.060503781434775306
2026.01.05 10:22,100.0,0.23831509603975576,0.29888196771525605,-0.06056687167550029,0.057311937112757505,0.2300695030236051,-0.1727575659108476,0.0,0.0,0.23831509603975576,0.2988819677152558,-0.06056687167550007
2026.01.05 10:23,100.0,0.22404360999665585,0.28396969058809285,-0.059926080591437,0.030763546366216588,0.1902083116921274,-0.15944476532591081,0.0,0.0,0.22404360999665585,0.2839696905880926,-0.05992608059143678
2026.01.05 10:24,100.0,0.21030904275494322,0.26905016075241744,-0.058741117997474224,0.007636922031736049,0.15369403376004914,-0.1460571117283131,0.0,0.0,0.21030904275494322,0.2690501607524172,-0.058741117997474
2026.01.05 10:25,100.0,0.19715165767662768,0.2542949717272891,-0.05714331405066142,-0.012363792828310238,0.12048246844237727,-0.1328462612706875,0.0,0.0,0.19715165767662768,0.2542949717272889,-0.0571433140506612
2026.01.05 10:26,100.0,0.1845964225562824,0.23983669004974242,-0.05524026749346003,-0.02952486367441054,0.09048100201901971,-0.12000586569343025,0.0,0.0,0.1845964225562824,0.23983669004974217,-0.05524026749345978
2026.01.05 10:27,100.0,0.17265603694852416,0.22577579483172575,-0.053119757883201585,-0.044119551879020946,0.06356089123941158,-0.10768044311843253,0.0,0.0,0.17265603694852416,0.2257757948317255,-0.053119757883201335
2026.01.05 10:28,100.0,0.16133344381483994,0.21218648040357563,-0.05085303658873569,-0.056405882060317936,0.03956753657946568,-0.09597341863978362,0.0,0.0,0.16133344381483994,0.21218648040357538,-0.05085303658873544
2026.01.05 10:29,100.0,0.1506239085241674,0.19912150208632345,-0.04849759356215605,-0.06662531795457483,0.018328965672657578,-0.0849542836272324,0.0,0.0,0.1506239085241674,0.1991215020863232,-0.0484975935621558
2026.01.05 10:30,100.0,0.14051673519360008,0.18661621705615541,-0.04609948186255533,-0.07500212992280808,-0.00033725344643555435,-0.07466487647637253,0.0,0.0,0.14051673519360008,0.18661621705615516,-0.04609948186255508
2026.01.05 10:31,100.0,0.1309966793341033,0.17469194853330514,-0.04369526919920183,-0.08174328144521326,-0.016618459046191095,-0.06512482239902216,0.0,0.0,0.1309966793341033,0.17469194853330489,-0.04369526919920158
2026.01.05 10:32,100.0,0.12204510646031963,0.16335878147371222,-0.04131367501339259,-0.08703869782029017,-0.03070250680101091,-0.05633619101927925,0.0,0.0,0.12204510646031963,0.16335878147371197,-0.04131367501339234
2026.01.05 10:33,100.0,0.11364093846565027,0.15261788099712412,-0.03897694253147385,-0.0910618092845823,-0.04277436729772519,-0.0482874419868571,0.0,0.0,0.11364093846565027,0.15261788099712387,-0.0389769425314736
2026.01.05 10:34,100.0,0.1057614229317494,0.14246341046991542,-0.03670198753816603,-0.09397028415799014,-0.053013550669778184,-0.04095673348821195,0.0,0.0,0.1057614229317494,0.14246341046991517,-0.03670198753816578
2026.01.05 10:35,100.0,0.09838275494442428,0.13288411406859785,-0.03450135912417357,-0.09590688643154976,-0.061592217822132506,-0.03431466860941726,0.0,0.0,0.09838275494442428,0.1328841140685976,-0.03450135912417332
2026.01.05 10:36,100.0,0.09148057626553907,0.12386461843715506,-0.03238404217161599,-0.09700040729977388,-0.06867385571766078,-0.0283265515821131,0.0,0.0,0.09148057626553907,0.12386461843715482,-0.03238404217161575
2026.01.05 10:37,100.0,0.08503037272777192,0.11538649942748083,-0.030356126699708913,-0.09736663219055686,-0.07441241101224,-0.022954221178316858,0.0,0.0,0.08503037272777192,0.1153864994274806,-0.030356126699708677
2026.01.05 10:38,100.0,0.07900778736082259,0.10742915263155363,-0.02842136527073104,-0.09710931443748905,-0.0789517916972898,-0.018157522740199245,0.0,0.0,0.07900778736082259,0.10742915263155339,-0.028421365270730803
2026.01.05 10:39,100.0,0.07338886392676613,0.09997050026857209,-0.02658163634180595,-0.0963211343358239,-0.08242566022499663,-0.013895474110827269,0.0,0.0,0.07338886392676613,0.09997050026857185,-0.026581636341805714
2026.01.05 10:40,100.0,0.06815023315733981,0.09298756180448725,-0.02483732864714744,-0.09508462830889641,-0.0849574538417766,-0.010127174467119818,0.0,0.0,0.06815023315733981,0.09298756180448702,-0.024837328647147203
2026.01.05 10:41,100.0,0.06326925197721778,0.08645691130636482,-0.023187659329147042,-0.09347307759723833,-0.08666057859286894,-0.006812499004369393,0.0,0.0,0.06326925197721778,0.08645691130636458,-0.023187659329146806
2026.01.05 10:42,100.0,0.058724104306449476,0.0803550408442314,-0.02163093653778192,-0.09155134952332844,-0.08763873277896085,-0.003912616744367589,0.0,0.0,0.058724104306449476,0.08035504084423116,-0.021630936537781684
2026.01.05 10:43,100.0,0.05449387061217692,0.07465864614205668,-0.02016477552987976,-0.08937668718857594,-0.08798632366088387,-0.0013903635276920762,0.0,0.0,0.05449387061217692,0.07465864614205645,-0.020164775529879525
2026.01.05 10:44,100.0,0.050558572183760475,0.06934484805753847,-0.018786275873778,-0.0869994455925962,-0.08778894804722634,0.0007895024546301366,0.0,1.0,0.050558572183760475,0.06934484805753824,-0.018786275873777764
2026.01.05 10:45,100.0,0.04689919509957008,0.0643913612613197,-0.017492166161749617,-0.0844637737677374,-0.08712391319132856,0.002660139423591168,0.0,0.0,0.04689919509957008,0.06439136126131946,-0.01749216616174938
2026.01.05 10:46,100.0,0.043497698009687724,0.05977661962597701,-0.016278921616289285,-0.08180824370134587,-0.08606077929333203,0.004252535591986156,0.0,0.0,0.043497698009687724,0.059776619625976773,-0.01627892161628905
2026.01.05 10:47,100.0,0.04033700714997224,0.05547986626921586,-0.015142859119243623,-0.07906642766783989,-0.0846619089682336,0.005595481300393709,0.0,0.0,0.04033700714997224,0.055479866269215625,-0.015142859119243388
2026.01.05 10:48,100.0,0.03740100140917946,0.0514812148783729,-0.014080213469193442,-0.07626742618079163,-0.08298301241074521,0.00671558622995358,0.0,0.0,0.03740100140917946,0.051481214878372664,-0.014080213469193206
2026.01.05 10:49,100.0,0.034674489772839934,0.04776168783565069,-0.013087198062810758,-0.07343634916286135,-0.08107367976116844,0.007637330598307096,0.0,0.0,0.034674489772839934,0.047761687835650456,-0.013087198062810522
2026.01.05 10:50,100.0,0.03214318305180086,0.04430323573282659,-0.012160052681025726,-0.07059475316260944,-0.07897789444145664,0.008383141278847206,0.0,0.0,0.03214318305180086,0.04430323573282635,-0.01216005268102549
2026.01.05 10:51,100.0,0.029793661454959874,0.04108874208266108,-0.011295080627701203,-0.06776103756131135,-0.07673452306542759,0.008973485504116238,0.0,0.0,0.029793661454959874,0.04108874208266084,-0.011295080627700967
2026.01.05 10:52,100.0,0.027613339275617932,0.03810201637859897,-0.010488677102981035,-0.06495080273705867,-0.07437777899975381,0.009426976262695147,0.0,0.0,0.027613339275617932,0.03810201637859873,-0.0104886771029808
2026.01.05 10:53,100.0,0.025590427718853448,0.03532777810472041,-0.009737350385866962,-0.06217717311328386,-0.07193765782245982,0.009760484709175968,0.0,0.0,0.025590427718853448,0.035327778104720174,-0.009737350385866726
2026.01.05 10:54,100.0,0.02371389669610835,0.03275163383766911,-0.00903773714156076,-0.05945108793075349,-0.06944034384411857,0.00998925591336508,0.0,0.0,0.02371389669610835,0.03275163383766887,-0.009037737141560517
2026.01.05 10:55,100.0,0.021973436245858124,0.0303600491972436,-0.008386612951385475,-0.056781562462447255,-0.06690858756778431,0.010127025105337056,0.0,0.0,0.021973436245858124,0.030360049197243357,-0.008386612951385233
2026.01.05 10:56,100.0,0.02035941810112263,0.028140317080704753,-0.007780898979582125,-0.05417592224809198,-0.06436205450384586,0.010186132255753877,0.0,0.0,0.02035941810112263,0.02814031708070451,-0.007780898979581882
2026.01.05 10:57,100.0,0.018862857809921252,0.02608052334745384,-0.0072176655375325895,-0.051640012771102306,-0.06181764615729715,0.010177633386194845,0.0,0.0,0.018862857809921252,0.026080523347453602,-0.00721766553753235
2026.01.05 10:58,100.0,0.01747537772070018,0.02416951089721609,-0.006694133176515911,-0.04917838683969933,-0.05928979429377759,0.010111407454078264,0.0,0.0,0.01747537772070018,0.02416951089721585,-0.006694133176515668
2026.01.05 10:59,100.0,0.016189171067082953,0.022396842898914103,-0.0062076718318311505,-0.04679447177129248,-0.056790729789280577,0.009996258017988098,0.0,0.0,0.016189171067082953,0.02239684289891386,-0.006207671831830908
2026.01.05 11:00,100.0,0.014996967323455124,0.020752765773191354,-0.00575579844973623,-0.04449071831871265,-0.05433072749516699,0.009840009176454341,0.0,0.0,0.014996967323455124,0.02075276577319111,-0.0057557984497359875
2026.01.05 11:01,100.0,0.01389199895083948,0.019228172403771525,-0.005336173452932046,-0.04226873312225621,-0.05191832862058483,0.009649595498328625,0.0,0.0,0.01389199895083948,0.019228172403771282,-0.005336173452931803
2026.01.05 11:02,100.0,0.012867969611022545,0.01781456594734587,-0.004946596336323324,-0.040129396321432864,-0.049560542160754444,0.00943114583932158,0.0,0.0,0.012867969611022545,0.017814565947345627,-0.0049465963363230815
2026.01.05 11:03,100.0,0.01191902389336974,0.016504024524819357,-0.004585000631449617,-0.03807296581992148,-0.04726302689258785,0.009190061072666372,0.0,0.0,0.01191902389336974,0.016504024524819114,-0.004585000631449374
2026.01.05 11:04,100.0,0.01103971857163799,0.015289167005461565,-0.004249448433823574,-0.03609916956411041,-0.04503025542689237,0.008931085862781955,0.0,0.0,0.01103971857163799,0.015289167005461322,-0.004249448433823331
2026.01.05 11:05,100.0,0.010224995387133617,0.014163120037240563,-0.003938124650106945,-0.03420728707180842,-0.042865661755875584,0.00865837468406716,0.0,0.0,0.010224995387133617,0.01416312003724032,-0.003938124650106702
2026.01.05 11:06,100.0,0.00947015533789397,0.01311948642923753,-0.00364933109134356,-0.032396221332433583,-0.040771773671187186,0.008375552338753603,0.0,0.0,0.00947015533789397,0.01311948642923729,-0.0036493310913433188
2026.01.05 11:07,100.0,0.008770834440753106,0.012152314953687855,-0.0033814805129347494,-0.03066456209391788,-0.038750331355733324,0.008085769261815444,0.0,0.0,0.008770834440753106,0.012152314953687614,-0.0033814805129345083
2026.01.05 11:08,100.0,0.008122980923729983,0.011256071604426415,-0.0031330906806964313,-0.029010641453439234,-0.03680239337527451,0.007791751921835274,0.0,0.0,0.008122980923729983,0.011256071604426173,-0.0031330906806961902
2026.01.05 11:09,100.0,0.007522833798731199,0.010425612323901535,-0.002902778525170336,-0.02743258258006165,-0.03492843121623194,0.0074958486361702895,0.0,0.0,0.007522833798731199,0.010425612323901292,-0.002902778525170093
2026.01.05 11:10,100.0,0.006966902760069615,0.009656157191593772,-0.002689254431524157,-0.025928342314529118,-0.033128413435891374,0.007200071121362256,0.0,0.0,0.006966902760069615,0.00965615719159353,-0.002689254431523914
2026.01.05 11:11,100.0,0.0064519493507475545,0.008943266051563217,-0.002491316700815663,-0.024495748317534094,-0.03140188041221992,0.006906132094685824,0.0,0.0,0.0064519493507475545,0.008943266051562974,-0.00249131670081542
2026.01.05 11:12,100.0,0.005974969336591585,0.008282815545254533,-0.0023078462086629486,-0.0231325313694839,-0.029748010603672714,0.006615479234188815,0.0,0.0,0.005974969336591585,0.008282815545254292,-0.0023078462086627075
2026.01.05 11:13,100.0,0.005533176227658032,0.0076709775070345375,-0.0021378012793765054,-0.021836353363156036,-0.02816567915556938,0.0063293257924133435,0.0,0.0,0.005533176227658032,0.0076709775070342955,-0.0021378012793762634
2026.01.05 11:14,100.0,0.005123985886157811,0.007104198673592781,-0.00198021278743497,-0.020604831475139918,-0.02665350961948349,0.006048678144343574,0.0,0.0,0.005123985886157811,0.007104198673592539,-0.001980212787434728
2026.01.05 11:15,100.0,0.004745002161200773,0.006579181653960204,-0.0018341794927594305,-0.019435558950902987,-0.025209919485767392,0.0057743605348644055,0.0,0.0,0.004745002161200773,0.0065791816539599625,-0.0018341794927591894
2026.01.05 11:16,100.0,0.004394003491668741,0.0060928671040619406,-0.0016988636123931996,-0.018326122893228103,-0.02383316016725954,0.005507037274031436,0.0,0.0,0.004394003491668741,0.0060928671040616994,-0.0016988636123929585
2026.01.05 11:17,100.0,0.004068930420189076,0.0056424170481129505,-0.0015734866279238742,-0.017274119402586052,-0.02252135201432484,0.005247232611738789,0.0,0.0,0.004068930420189076,0.005642417048112709,-0.001573486627923633
2026.01.05 11:18,100.0,0.0037678739633832947,0.00522519928862985,-0.0014573253252465551,-0.016277166380604058,-0.021272514887580685,0.0049953485069766275,0.0,0.0,0.0037678739633832947,0.00522519928862961,-0.0014573253252463149
2026.01.05 11:19,100.0,0.003489064785384244,0.004838772846998142,-0.0013497080616138978,-0.015332914274907239,-0.020084594765045996,0.004751680490138757,0.0,0.0,0.003489064785384244,0.004838772846997901,-0.0013497080616136576
2026.01.05 11:20,100.0,0.003230863124173311,0.004480874377378781,-0.0012500112532054701,-0.014439055013383495,-0.0189554868147135,0.004516431801330004,0.0,0.0,0.003230863124173311,0.004480874377378541,-0.0012500112532052299
2026.01.05 11:21,100.0,0.0029917494223781205,0.00414940549802173,-0.0011576560756436094,-0.013593329349220085,-0.017883055321614817,0.004289725972394732,0.0,0.0,0.0029917494223781205,0.00414940549802149,-0.0011576560756433691
2026.01.05 11:22,100.0,0.0027703156170133525,0.0038424209857278765,-0.001072105368714524,-0.012793532813347497,-0.016865150819961355,0.004071618006613858,0.0,0.0,0.0027703156170133525,0.003842420985727636,-0.0010721053687142833
2026.01.05 11:23,100.0,0.0025652570445231504,0.003558117781101803,-0.0009928607365786526,-0.012037520450149941,-0.015899624745999073,0.0038621042958491315,0.0,0.0,0.0025652570445231504,0.0035581177811015627,-0.0009928607365784123
2026.01.05 11:24,100.0,0.0023753649202689076,0.0032948247543315955,-0.0009194598340626879,-0.011323210492136582,-0.014984341895226575,0.0036611314030899934,0.0,0.0,0.0023753649202689076,0.003294824754331355,-0.0009194598340624477
2026.01.05 11:25,100.0,0.0021995193537378555,0.003050993183450386,-0.0008514738297125306,-0.01064858711214356,-0.014117190938609973,0.0034686038264664133,0.0,0.0,0.0021995193537378555,0.003050993183450146,-0.0008514738297122904
2026.01.05 11:26,100.0,0.0020366828631068756,0.0028251878993301414,-0.0007885050362232658,-0.010011702376061749,-0.01329609322610033,0.003284390850038581,0.0,0.0,0.0020366828631068756,0.002825187899329901,-0.0007885050362230256
2026.01.05 11:27,100.0,0.0018858943549133755,0.0026160790539445948,-0.0007301846990312192,-0.009410677505172771,-0.01251901008191482,0.0031083325767420483,0.0,0.0,0.0018858943549133755,0.0026160790539443545,-0.000730184699030979
2026.01.05 11:28,100.0,0.0017462635367593293,0.0024224344707640486,-0.0006761709340047193,-0.008843703544698656,-0.011783948774471587,0.002940245229772931,0.0,0.0,0.0017462635367593293,0.002422434470763809,-0.0006761709340044795
2026.01.05 11:29,100.0,0.0016169657329498932,0.0022431125384058913,-0.0006261468054559981,-0.008309041523830274,-0.011088967324343325,0.0027799258005130507,0.0,0.0,0.0016169657329498932,0.002243112538405651,-0.0006261468054557578
2026.01.05 11:30,100.0,0.0014972370748864705,0.002077055610906819,-0.0005798185360203485,-0.007805022183035248,-0.01043217829608171,0.0026271561130464614,0.0,0.0,0.0014972370748864705,0.0020770556109065788,-0.0005798185360201082
2026.01.05 11:31,100.0,0.001386370039938356,0.0019232838801207083,-0.0005369138401823523,-0.0073300453350526595,-0.009811751703875899,0.0024817063688232395,0.0,0.0,0.001386370039938356,0.0019232838801204683,-0.0005369138401821122
2026.01.05 11:32,100.0,0.0012837093140944944,0.0017808896878508578,-0.0004971803737563634,-0.0068825789182795916,-0.009225917146756638,0.0023433382284770467,0.0,0.0,0.0012837093140944944,0.0017808896878506175,-0.0004971803737561231
2026.01.05 11:33,100.0,0.0011886479555158758,0.0016490322473227432,-0.0004603842918068674,-0.006461157794461769,-0.008672965276297665,0.0022118074818358955,0.0,0.0,0.0011886479555158758,0.001649032247322503,-0.00046038429180662714
2026.01.05 11:34,100.0,0.0011006238374875466,0.0015269327455171532,-0.0004263089080296066,-0.006064382335679852,-0.008151248688174103,0.0020868663524942505,0.0,0.0,0.0011006238374875466,0.001526932745516913,-0.00042630890802936635
2026.01.05 11:35,100.0,0.0010191163508466161,0.0014138697997104577,-0.00039475344886384157,-0.005690916840705995,-0.007659182318680482,0.0019682654779744867,0.0,0.0,0.0010191163508466161,0.0014138697997102174,-0.0003947534488636013
2026.01.05 11:36,100.0,0.0009436433473410943,0.0013091752433135376,-0.00036553189597244326,-0.005339487815220423,-0.00719524341798847,0.001855755602768047,0.0,0.0,0.0009436433473410943,0.0013091752433132973,-0.000365531895972203
2026.01.05 11:37,100.0,0.0008737583064402088,0.0012122302177225242,-0.00033847191128231536,-0.005008882146370297,-0.006757971163664836,0.0017490890172945387,0.0,0.0,0.0008737583064402088,0.001212230217722284,-0.0003384719112820751
2026.01.05 11:38,100.0,0.0008090477096516224,0.0011224615484671607,-0.0003134138388155383,-0.004697945198188336,-0.0063459659705695365,0.0016480207723812007,0.0,0.0,0.0008090477096516224,0.0011224615484669205,-0.00031341383881529805
2026.01.05 11:39,100.0,0.0007491286072252024,0.0010393383853936865,-0.0002902097781684841,-0.004405578850423808,-0.005957888546540391,0.0015523096961165828,0.0,0.0,0.0007491286072252024,0.0010393383853934462,-0.00029020977816824386
2026.01.05 11:40,100.0,0.0006936463633593348,0.0009623690879960174,-0.0002687227246366826,-0.004130739500880054,-0.005592458737408324,0.0014617192365282703,0.0,0.0,0.0006936463633593348,0.0009623690879957773,-0.0002687227246364424
2026.01.05 11:41,100.0,0.0006422725670205409,0.0008910983383211337,-0.0002488257713005928,-0.0038724360480699715,-0.0052484541995406545,0.001376018151470683,0.0,0.0,0.0006422725670205409,0.0008910983383208935,-0.0002488257713003526
2026.01.05 11:42,100.0,0.0005947030961976907,0.0008251044650635575,-0.00023040136886586687,-0.0036297278690256007,-0.004924708933437644,0.0012949810644120431,0.0,0.0,0.0005947030961976907,0.0008251044650633174,-0.00023040136886562671
2026.01.05 11:43,100.0,0.0005506563245063489,0.0007639969636212022,-0.00021334063911485329,-0.0034017228044262993,-0.004620111707635375,0.001218388903209076,0.0,0.0,0.0005506563245063489,0.0007639969636209622,-0.00021334063911461324
2026.01.05 11:44,100.0,0.0005098714597977505,0.0007074141979491061,-0.00019754273815135556,-0.0031875751617889136,-0.0043336043984660835,0.0011460292366771698,0.0,0.0,0.0005098714597977505,0.000707414197948866,-0.00019754273815111552
2026.01.05 11:45,100.0,0.00047210700499533687,0.0006550212710217997,-0.00018291426602646285,-0.002986483745630153,-0.004064180267898898,0.0010776965222687451,0.0,0.0,0.00047210700499533687,0.0006550212710215596,-0.0001829142660262227
2026.01.05 11:46,100.0,0.000437139332376546,0.0006065080516813927,-0.00016936871930484673,-0.002797689921706592,-0.003810882198660437,0.0010131922769538448,0.0,0.0,0.000437139332376546,0.0006065080516811526,-0.00016936871930460658
2026.01.05 11:47,100.0,0.00040476136285860775,0.0005615873464821689,-0.00015682598362356116,-0.0026204757217982433,-0.0035728009032879983,0.000952325181489755,0.0,0.0,0.00040476136285860775,0.0005615873464819288,-0.000156825983623321
2026.01.05 11:48,100.0,0.0003747813427281699,0.0005199932059824986,-0.0001452118632543287,-0.0024541619936684356,-0.003349073121364086,0.0008949111276956505,0.0,0.0,0.0003747813427281699,0.0005199932059822584,-0.00014521186325408856
2026.01.05 11:49,100.0,0.00034702171051037567,0.0004814793556659476,-0.00013445764515557191,-0.0022981066003779915,-0.0031388798171668674,0.0008407732167888759,0.0,0.0,0.00034702171051037567,0.0004814793556657075,-0.00013445764515533182
2026.01.05 11:50,100.0,0.0003213180475398758,0.0004458177423903181,-0.0001244996948504423,-0.0021517026718669285,-0.00294144438810688,0.0007897417162399515,0.0,0.0,0.0003213180475398758,0.000445817742390078,-0.0001244996948502022
2026.01.05 11:51,100.0,0.00029751810592415495,0.0004127971879154808,-0.00011527908199132587,-0.0020143769112479504,-0.002756030892735094,0.0007416539814871438,0.0,0.0,0.00029751810592415495,0.0004127971879152407,-0.00011527908199108577
2026.01.05 11:52,100.0,0.0002754809083000964,0.0003822221416703417,-0.00010674123337024526,-0.0018855879574459777,-0.002581942305677271,0.0006963543482312934,0.0,0.0,0.0002754809083000964,0.0003822221416701015,-0.00010674123337000511
2026.01.05 11:53,100.0,0.0002550759140547143,0.000353911525476671,-0.00009883561142195671,-0.0017648248053205862,-0.002418518805605934,0.0006536940002853479,0.0,0.0,0.0002550759140547143,0.00035391152547643086,-0.00009883561142171656
2026.01.05 11:54,100.0,0.00023618224717836256,0.0003276976634970072,-0.00009151541631864462,-0.0016516052836692552,-0.0022651361012185987,0.0006135308175493435,0.0,0.0,0.00023618224717836256,0.000327697663496767,-0.00009151541631840447
2026.01.05 11:55,100.0,0.000218687981146104,0.0003034252911380692,-0.00008473730999196519,-0.001545474591665652,-0.0021212037993080094,0.0005757292076423574,0.0,0.0,0.000218687981146104,0.00030342529113782903,-0.00008473730999172504
2026.01.05 11:56,100.0,0.00020248947663503714,0.000280950637113228,-0.00007846116047819084,-0.0014460038931360941,-0.0019861638180736266,0.0005401599249375325,0.0,0.0,0.00020248947663503714,0.0002809506371129879,-0.00007846116047795075
2026.01.05 11:57,100.0,0.00018749076824065014,0.00026014057328128135,-0.0000726498050406312,-0.001352788968574714,-0.0018594888481738442,0.0005066998795991301,0.0,0.0,0.00018749076824065014,0.0002601405732810412,-0.00007264980504039105
2026.01.05 11:58,100.0,0.00017360299648316868,0.00024087182727825835,-0.00006726883079508967,-0.001265448923803092,-0.0017406808632996938,0.00047523193949660183,0.0,0.0,0.00017360299648316868,0.00024087182727801823,-0.00006726883079484955
2026.01.05 11:59,100.0,0.0001607438819064555,0.00022303025331898944,-0.00006228637141253394,-0.0011836249545638111,-0.0016292696815525174,0.00044564472698870625,0.0,0.0,0.0001607438819064555,0.0002230302533187493,-0.00006228637141229379
2026.01.05 12:00,98.60426,-0.1111922453831653,-0.012164721245468727,-0.09902752413769657,-0.19841225948019314,-0.04098586764128065,-0.1574263918389125,0.0,-1.0,-0.1111922453831653,-0.012164721245468968,-0.09902752413769633
2026.01.05 12:01,98.34898,-0.2175316843186721,-0.03636551738179897,-0.18116616693687312,-0.3646322377671538,-0.10571514166645529,-0.2589170961006985,0.0,0.0,-0.2175316843186721,-0.03636551738179921,-0.18116616693687287
2026.01.05 12:02,98.09752,-0.31842655317903734,-0.07177458728103142,-0.24665196589800592,-0.5028712180932615,-0.18514635695181653,-0.317724861141445,0.0,0.0,-0.31842655317903734,-0.07177458728103166,-0.2466519658980057
2026.01.05 12:03,97.8544,-0.41324063501345165,-0.11771645586554587,-0.2955241791479058,-0.6153681290479938,-0.271190711371052,-0.34417741767694177,0.0,0.0,-0.41324063501345165,-0.1177164558655461,-0.2955241791479055
2026.01.05 12:04,97.62398,-0.5011969596983903,-0.17342930560771658,-0.3277676540906737,-0.7037905419866206,-0.35771067749416574,-0.34607986449245487,0.0,0.0,-0.5011969596983903,-0.17342930560771683,-0.32776765409067343
2026.01.05 12:05,97.41033,-0.5814402686714999,-0.23805627873528712,-0.3433839899362128,-0.769421200091287,-0.44005278201359,-0.329368418077697,0.0,0.0,-0.5814402686714999,-0.23805627873528737,-0.34338398993621255
2026.01.05 12:06,97.21714,-0.6530940262012024,-0.31064311395411415,-0.34245091224708823,-0.8133116941844065,-0.5147045644477533,-0.29860712973665327,0.0,0.0,-0.6530940262012024,-0.31064311395411437,-0.342450912247088
2026.01.05 12:07,97.04756,-0.7153180923432529,-0.39014219121408483,-0.3251759011291681,-0.8364183654034605,-0.5790473246388947,-0.25737104076456574,0.0,0.0,-0.7153180923432529,-0.39014219121408505,-0.3251759011291679
2026.01.05 12:08,96.90417,-0.7673558867013526,-0.47542181683444695,-0.2919340698669056,-0.8397030743386011,-0.631178474578836,-0.20852459975976512,0.0,0.0,-0.7673558867013526,-0.4754218168344472,-0.2919340698669054
2026.01.05 12:09,96.78891,-0.8085759718912868,-0.5529088975575716,-0.25566707433371527,-0.8242118741989799,-0.6697851545028649,-0.154426719696115,0.0,0.0,-0.8085759718912868,-0.5529088975575718,-0.25566707433371505
2026.01.05 12:10,96.70296,-0.8385127796966003,-0.621906797044008,-0.21660598265259234,-0.7911427005957279,-0.6940566637214375,-0.0970860368742904,0.0,0.0,-0.8385127796966145,-0.6219067970440099,-0.21660598265260467
2026.01.05 12:11,96.64679,-0.8568926401743084,-0.6817363622657048,-0.17515627790860366,-0.7418789837322777,-0.7036211277236055,-0.03825785600867215,0.0,0.0,-0.8568926401743227,-0.6817363622657082,-0.17515627790861443
2026.01.05 12:12,96.62011,-0.8636559765579932,-0.7317825113262094,-0.13187346523178378,-0.6780124136340788,-0.6984993849057002,0.020486971271621357,0.0,1.0,-0.8636559765580074,-0.7317825113262144,-0.131873465231793
2026.01.05 12:13,96.62189,-0.8589706591770323,-0.7715351446016141,-0.0874355145754182,-0.6013472886952513,-0.6790689656636104,0.07772167696835908,0.0,0.0,-0.8589706591770465,-0.7715351446016206,-0.08743551457542587
2026.01.05 12:14,96.65037,-0.8432390782184171,-0.8006239012179382,-0.0426151770004789,-0.5138931083257887,-0.6460337941960461,0.1321406858702574,0.0,0.0,-0.8432390782184314,-0.8006239012179464,-0.042615177000485005
2026.01.05 12:15,96.70316,-0.817093035265458,-0.8188460133361889,0.0017529780707309373,-0.417836295720619,-0.6003942945009607,0.18255799878034173,1.0,0.0,-0.8170930352654722,-0.8188460133361986,0.0017529780707263853
2026.01.05 12:16,96.77727,-0.7813847334046926,-0.8261867512319044,0.044802017827211826,-0.31550806557082467,-0.5434170487149336,0.2279089831441089,0.0,0.0,-0.7813847334046926,-0.8261867512319141,0.044802017827221485
2026.01.05 12:17,96.86921,-0.7371692292869483,-0.8228326781858595,0.0856634488989112,-0.2093406208662998,-0.47660176314520686,0.26726114227890707,0.0,0.0,-0.7371692292869483,-0.8228326781858691,0.08566344889892086
2026.01.05 12:18,96.9751,-0.6856795980917099,-0.809177525541462,0.12349792744975219,-0.10181517039367805,-0.4016444445949011,0.2998292742012231,0.0,0.0,-0.6856795980917099,-0.8091775255414717,0.12349792744976185
2026.01.05 12:19,97.0908,-0.6282950768066371,-0.7858200029981328,0.15752492619149572,0.004596894117611328,-0.32039617685239863,0.32499307097000996,0.0,0.0,-0.6282950768066513,-0.7858200029981425,0.15752492619149117
2026.01.05 12:20,97.21197,-0.5665096532721208,-0.7535552266756675,0.18704557340354677,0.10748571718264088,-0.23481979804539074,0.34230551522803165,0.0,0.0,-0.566509653272135,-0.7535552266756772,0.18704557340354222
2026.01.05 12:21,97.33427,-0.5018901943402483,-0.7133590286514737,0.21146883431122543,0.20456777982022345,-0.1469422824722679,0.3515100622924914,0.0,0.0,-0.5018901943402625,-0.7133590286514833,0.21146883431122077
2026.01.05 12:22,97.45345,-0.4360356302843513,-0.666366247663398,0.2303306173790467,0.29374194659028774,-0.05880543665975678,0.35254738325004453,0.0,0.0,-0.43603563028436554,-0.6663662476634076,0.23033061737904204
2026.01.05 12:23,97.56546,-0.37053583644815546,-0.6138436652444801,0.24330782879632462,0.3731402075896568,0.027583692190125943,0.34555651539953086,0.0,0.0,-0.3705358364481697,-0.6138436652444896,0.24330782879631996
2026.01.05 12:24,97.66662,-0.30692595995029137,-0.557158434653906,0.25023247470361465,0.44118128313451166,0.11030321037900309,0.33087807275550857,0.0,0.0,-0.30692595995029137,-0.557158434653914,0.25023247470362264
2026.01.05 12:25,97.75364,-0.2466496640052327,-0.4977434269428549,0.2510937629376222,0.496602920303431,0.1875631523638887,0.3090397679395423,0.0,0.0,-0.2466496640052327,-0.4977434269428629,0.2510937629376302
2026.01.05 12:26,97.82382,-0.19101541887441442,-0.43705967023035114,0.24604425135593672,0.5385034224168805,0.2577512063744871,0.2807522160423934,0.0,0.0,-0.19101541887441442,-0.43705967023035913,0.2460442513559447
2026.01.05 12:27,97.87506,-0.14116299982464398,-0.37655782597845494,0.23539482615381097,0.5663609558030345,0.3194731562601966,0.24688779954283785,0.0,0.0,-0.14116299982464398,-0.37655782597846293,0.23539482615381896
2026.01.05 12:28,97.90591,-0.09803517293579489,-0.31764005888169466,0.21960488594589977,0.5800420261889911,0.37158693024595557,0.20845509594303557,0.0,0.0,-0.09803517293579489,-0.3176400588817011,0.21960488594590621
2026.01.05 12:29,97.91567,-0.062349779527892224,-0.2616222951323359,0.1992725156044437,0.5798087958819309,0.41323130337315067,0.16657749250878023,0.0,0.0,-0.062349779527906435,-0.26162229513234236,0.19927251560443593
2026.01.05 12:30,97.90437,-0.034582023672385276,-0.2096991650581289,0.17511714138574364,0.5663079532888418,0.44384663335628893,0.12246131993255283,0.0,0.0,-0.034582023672385276,-0.2096991650581338,0.17511714138574852
2026.01.05 12:31,97.87278,-0.014952562262251945,-0.16291215750011787,0.14795959523786592,0.540550961124481,0.4631874989099274,0.07736346221455359,0.0,0.0,-0.014952562262251945,-0.1629121575001212,0.14795959523786925
2026.01.05 12:32,97.82236,-0.0034250632969161643,-0.12212207159442462,0.11869700829750846,0.5038800890195176,0.4713260169318455,0.03255407208767214,0.0,0.0,-0.003425063296930375,-0.12212207159442794,0.11869700829749756
2026.01.05 12:33,97.75528,0.00029437393573061854,-0.08798647894042218,0.0882808528761528,0.45793523244641676,0.4686478600347598,-0.010712627588343016,0.0,-1.0,0.0002943739357164077,-0.08798647894042706,0.08828085287614347
2026.01.05 12:34,97.6743,-0.0032548347730170235,-0.06094260902573155,0.05768777425271453,0.4046022558590323,0.4558387391996143,-0.051236483340582006,0.0,0.0,-0.0032548347730170235,-0.060942609025736436,0.05768777425271941
2026.01.05 12:35,97.58268,-0.01330717966135353,-0.04119724911316923,0.0278900694518157,0.3459541894325042,0.4338618292461923,-0.0879076398136881,0.0,0.0,-0.01330717966135353,-0.041197249113174114,0.027890069451820584
2026.01.05 12:36,97.48416,-0.02889044497659654,-0.028722520796719515,-0.00016792417987702632,0.2841991000805848,0.4039292834130709,-0.11973018333248608,-1.0,0.0,-0.02889044497659654,-0.0287225207967244,-0.00016792417987214134
2026.01.05 12:37,97.38276,-0.04885920902727037,-0.02325852480688346,-0.02560068422038691,0.22160872604003146,0.367465171938463,-0.14585644589843155,0.0,0.0,-0.04885920902727037,-0.023258524806888344,-0.025600684220382024
2026.01.05 12:38,97.28274,-0.07192625540282904,-0.02432257768187644,-0.0476036777209526,0.16045866796869745,0.3260638711445099,-0.16560520317581245,0.0,0.0,-0.07192625540282904,-0.024322577681879745,-0.0476036777209493
2026.01.05 12:39,97.1884,-0.09670475321385652,-0.031225103186484353,-0.06547965002737216,0.10295595921259348,0.2814422887581266,-0.17848632954553312,0.0,0.0,-0.09670475321385652,-0.03122510318648766,-0.06547965002736886
2026.01.05 12:40,97.10401,-0.12174802354199699,-0.04309126555090047,-0.07865675799109652,0.05117872532990475,0.23538957607248226,-0.1842108507425775,0.0,0.0,-0.12174802354199699,-0.04309126555090378,-0.0786567579910932
2026.01.05 12:41,97.03369,-0.14559095016898027,-0.05888747520335204,-0.08670347496562823,0.007019306809780801,0.18971552221994198,-0.18269621541016118,0.0,0.0,-0.14559095016899448,-0.05888747520335534,-0.08670347496563914
2026.01.05 12:42,96.98122,-0.16679779068677192,-0.07745327127251898,-0.08934451941425293,-0.027878022185902296,0.14619681333877313,-0.17407483552467543,0.0,0.0,-0.16679779068677192,-0.07745327127252072,-0.0893445194142512
2026.01.05 12:43,96.95002,-0.18400089604187997,-0.09753616696905931,-0.08646472907282066,-0.05215671914079678,0.10652610684285915,-0.15868282598365593,0.0,0.0,-0.18400089604187997,-0.09753616696906103,-0.08646472907281894
2026.01.05 12:44,96.94296,-0.19594542706320794,-0.11782930556926535,-0.07811612149394259,-0.06479434061085954,0.07226201735211542,-0.13705635796297494,0.0,0.0,-0.19594542706320794,-0.11782930556926709,-0.07811612149394086
2026.01.05 12:45,96.96235,-0.20152390091681127,-0.13701080067373367,-0.0645131002430776,-0.0651262130240724,0.04478437127687786,-0.10991058430095026,0.0,0.0,-0.20152390091681127,-0.1370108006737354,-0.06451310024307588
2026.01.05 12:46,97.00981,-0.19981194851247608,-0.15378332728320096,-0.04602862122927512,-0.052869133384632505,0.025253670344575783,-0.0781228037292083,0.0,0.0,-0.19981194851247608,-0.15378332728320268,-0.0460286212292734
2026.01.05 12:47,97.08626,-0.190095040520319,-0.1669131922962554,-0.023181848224063606,-0.028126921466920862,0.014577551982276456,-0.04270447344919732,0.0,0.0,-0.190095040520319,-0.16691319229625712,-0.023181848224061885
2026.01.05 12:48,97.19189,-0.17188942838379262,-0.17526704509291496,0.003377616709122344,0.008614409919047716,0.013384923569630709,-0.0047705136505829925,1.0,0.0,-0.17188942838379262,-0.17526704509291668,0.003377616709124065
2026.01.05 12:49,97.32609,-0.14496150516133355,-0.1778463208283968,0.03288481566706325,0.0564932989810103,0.022006598651906628,0.03448670032910367,0.0,1.0,-0.14496150516133355,-0.17784632082839855,0.032884815667065
2026.01.05 12:50,97.48757,-0.10933055101084221,-0.17381738758860368,0.06448683657776147,0.11430759244359479,0.04046679741024426,0.07384079503335053,0.0,0.0,-0.10933055101084221,-0.17381738758860385,0.06448683657776164
2026.01.05 12:51,97.67428,-0.06527438407229624,-0.16253700907588417,0.09726262500358793,0.18054010351323768,0.06848145863084294,0.11205864488239474,0.0,0.0,-0.06527438407229624,-0.1625370090758843,0.09726262500358807
2026.01.05 12:52,97.88356,-0.013318875683722808,-0.14357234014720005,0.13025346446347724,0.2534096605833014,0.10546709902133464,0.14794256156196675,0.0,0.0,-0.013318875683722808,-0.1435723401472002,0.13025346446347738
2026.01.05 12:53,98.11214,0.04577309101027538,-0.11671472702792413,0.1624878180381995,0.3309172481100262,0.15055712883907296,0.18036011927095325,0.0,0.0,0.04577309101027538,-0.11671472702792426,0.16248781803819964
2026.01.05 12:54,98.35627,0.11102334308094441,-0.08198725547261794,0.19301059855356234,0.4109058312543965,0.2026268693221377,0.2082789619322588,0.0,0.0,0.11102334308094441,-0.08198725547261808,0.1930105985535625
2026.01.05 12:55,98.61183,0.1812666648675929,-0.039645187319276944,0.22091185218686984,0.4911250465025603,0.2603265047582222,0.23079854174433806,0.0,0.0,0.1812666648675929,-0.03964518731927708,0.22091185218686998
2026.01.05 12:56,98.8744,0.2551806444455167,0.009829888788038137,0.24535075565747855,0.5692915773345959,0.32211951927349697,0.24717205806109893,0.0,0.0,0.2551806444455167,0.009829888788037996,0.2453507556574787
2026.01.05 12:57,99.13943,0.33132441027501613,0.06574253752790578,0.26558187274711037,0.6431587090940099,0.3863273572375996,0.25683135185641026,0.0,0.0,0.3313244102750019,0.06574253752790406,0.2655818727470979
2026.01.05 12:58,99.40234,0.40817830760268237,0.12720251672390753,0.28097579087877483,0.7105800177237995,0.4511778893348396,0.25940212838895993,0.0,0.0,0.40817830760266816,0.12720251672390426,0.2809757908787639
2026.01.05 12:59,99.65866,0.48418704986677596,0.19314891682142066,0.2910381330453553,0.7695724221692188,0.5148567959017155,0.2547156262675033,0.0,0.0,0.48418704986676175,0.1931489168214158,0.291038133045346
2026.01.05 13:00,99.90413,0.5578019100467202,0.26237961616797806,0.29542229387874214,0.818370873224751,0.5755596113663226,0.24281126185842838,0.0,0.0,0.557801910046706,0.2623796161679716,0.29542229387873437
2026.01.05 13:01,100.13488,0.6275280607854512,0.33358483133121963,0.29394322945423157,0.8554864948996936,0.6315449880729969,0.22394150682669678,0.0,0.0,0.6275280607854512,0.33358483133121314,0.29394322945423806
2026.01.05 13:02,100.34743,0.6919610499877535,0.4053834934398283,0.2865775565479252,0.879739447488106,0.6811838799560187,0.19855556753208725,0.0,0.0,0.6919610499877535,0.40538349343982183,0.2865775565479317
2026.01.05 13:03,100.5389,0.7498311007874179,0.47636213318499204,0.27346896760242584,0.8903025007872145,0.7230076041222578,0.16729489666495667,0.0,0.0,0.7498311007874179,0.47636213318498555,0.27346896760243233
2026.01.05 13:04,100.707,0.8000354870174959,0.5451142245349813,0.2549212624825147,0.886719110329679,0.7557499053637421,0.1309692049659369,0.0,0.0,0.8000354870175101,0.5451142245349764,0.2549212624825338
2026.01.05 13:05,100.85016,0.8416723652659357,0.6102799712928055,0.23139239397313016,0.868922577642607,0.7783844398195152,0.09053813782309184,0.0,0.0,0.8416723652659499,0.6102799712928023,0.2313923939731476
2026.01.05 13:06,100.96751,0.8740633967681077,0.6705843031253713,0.20347909364273642,0.837233693762812,0.7901542906081747,0.04707940315463732,0.0,0.0,0.874063396768122,0.6705843031253712,0.20347909364275074
2026.01.05 13:07,101.05893,0.8967729126542139,0.7248725925755415,0.1719003200786724,0.7923529920903718,0.7905940309046142,0.0017589611857575793,0.0,0.0,0.8967729126542281,0.7248725925755445,0.1719003200786836
2026.01.05 13:08,101.12505,0.9096201639877108,0.7721429385889786,0.1374772253987322,0.7353420281695549,0.7795436303576024,-0.044201602188047584,0.0,-1.0,0.909620163987725,0.7721429385889849,0.1374772253987402
2026.01.05 13:09,101.16722,0.9126836211408857,0.8115742398216637,0.10110938131922209,0.6675930222577193,0.7571535087376259,-0.08956048647990655,0.0,0.0,0.9126836211409,0.8115742398216731,0.10110938131922687
2026.01.05 13:10,101.18746,0.9062973995812342,0.8425486107989729,0.06374878878226131,0.5907882360493062,0.7238804541999619,-0.13309221815065575,0.0,0.0,0.90629739958122,0.8425486107989807,0.06374878878223933
2026.01.05 13:11,101.18843,0.8910431530649134,0.8646688444742129,0.026374308590700557,0.5068560747192947,0.6804755783038285,-0.17361950358453382,0.0,0.0,0.8910431530648992,0.8646688444742191,0.02637430859068013
2026.01.05 13:12,101.17328,0.8677289353889961,0.8777686038743883,-0.010039668485392172,0.41790913319486833,0.6279622892820365,-0.21005315608716812,-1.0,0.0,0.8677289353889819,0.8777686038743929,-0.010039668485411046
2026.01.05 13:13,101.14564,0.837369261307984,0.8819168010177758,-0.04454753970979186,0.32619134684547646,0.5676081007947245,-0.241416753949248,0.0,0.0,0.8373692613079697,0.8819168010177774,-0.044547539709807626
2026.01.05 13:14,101.10942,0.8011511774974167,0.8774144468212737,-0.07626326932385696,0.2340062071899638,0.5008877220737724,-0.2668815148838086,0.0,0.0,0.8011511774974025,0.877414446821272,-0.07626326932386951
2026.01.05 13:15,101.06877,0.7604025229164932,0.864785460837761,-0.10438293792126774,0.14365676192630872,0.4294415300442797,-0.285784768117971,0.0,0.0,0.760402522916479,0.8647854608377562,-0.10438293792127717
2026.01.05 13:16,101.02792,0.7165526935677207,0.8447609920503728,-0.12820829848265214,0.05737881796440547,0.35502898762830487,-0.2976501696638994,0.0,0.0,0.7165526935677207,0.8447609920503665,-0.1282082984826458
2026.01.05 13:17,100.99105,0.6710903749204817,0.8182576821540141,-0.14716730723353233,-0.022724047899259858,0.27947838052279195,-0.3022024284220518,0.0,0.0,0.6710903749204817,0.8182576821540061,-0.14716730723352434
2026.01.05 13:18,100.96217,0.6255201779755595,0.7863506329134222,-0.16083045493786274,-0.09474051275586248,0.2046346018670611,-0.29937511462292354,0.0,0.0,0.6255201779755737,0.7863506329134142,-0.16083045493784054
2026.01.05 13:19,100.94501,0.5813197082554353,0.750242000543889,-0.16892229228845368,-0.15700447181784227,0.13230678713008043,-0.2893112589479227,0.0,0.0,0.5813197082554495,0.7502420005438842,-0.1689222922884347
2026.01.05 13:20,100.94289,0.5398958677823487,0.711225635512493,-0.1713297677301443,-0.20814390567242924,0.06421664856957851,-0.2723605542420078,0.0,0.0,0.5398958677823629,0.7112256355124913,-0.17132976773012842
2026.01.05 13:21,100.95863,0.5025442449868365,0.6706495588011419,-0.16810531381430538,-0.24711930682896366,0.0019494574898700767,-0.24906876431883374,0.0,0.0,0.5025442449868507,0.6706495588011434,-0.16810531381429272
2026.01.05 13:22,100.99447,0.47041218444917376,0.6298765502612741,-0.15946436581210033,-0.273251805995983,-0.053090795207300534,-0.22016101078868244,0.0,0.0,0.470412184449188,0.6298765502612788,-0.15946436581209078
2026.01.05 13:23,101.05199,0.44446516055842267,0.5902447706013859,-0.14577961004296325,-0.286242819133534,-0.09972119999254724,-0.18652161914098675,0.0,0.0,0.4444651605584369,0.5902447706013937,-0.1457796100429568
2026.01.05 13:24,101.13206,0.4254585160792601,0.5530287698416934,-0.12757025376243325,-0.286182497374071,-0.137013459468852,-0.149169037905219,0.0,0.0,0.4254585160792601,0.5530287698417027,-0.12757025376244258
2026.01.05 13:25,101.23483,0.413916916945098,0.5194025724391798,-0.10548565549408173,-0.27354404074885963,-0.1643195757248535,-0.10922446502400612,0.0,0.0,0.413916916945098,0.5194025724391891,-0.10548565549409106
2026.01.05 13:26,101.35968,0.4101168957779322,0.4904055192011187,-0.08028862342318649,-0.24917361883223066,-0.18129038434632894,-0.06788323448590172,0.0,0.0,0.4101168957779322,0.490405519201128,-0.08028862342319582
2026.01.05 13:27,101.50528,0.4140807892135996,0.4669122537831231,-0.052831464569523534,-0.2142616135292883,-0.18788463018292084,-0.026376983346367455,0.0,0.0,0.4140807892135996,0.4669122537831309,-0.052831464569531306
2026.01.05 13:28,101.66962,0.42557727792572564,0.4496075393020443,-0.02403026137631864,-0.17030570896592678,-0.18436884593952205,0.014063136973595264,0.0,1.0,0.42557727792571143,0.4496075393020489,-0.02403026137633746
2026.01.05 13:29,101.85001,0.44412470038764695,0.43896629848041074,0.00515840190723621,-0.11907344523247332,-0.1713097657981123,0.05223632056563898,1.0,0.0,0.44412470038763274,0.4389662984804122,0.005158401907220556
2026.01.05 13:30,102.04324,0.46900926555993294,0.4352401896551992,0.033769075904733714,-0.06254272303664266,-0.14955635724581837,0.08701363420917571,0.0,0.0,0.46900926555991873,0.4352401896551975,0.033769075904721224
2026.01.05 13:31,102.24559,0.49930276516147387,0.43845025417878813,0.06085251098268574,-0.0028499441095846123,-0.12021507461857162,0.117365130508987,0.0,0.0,0.49930276516145966,0.43845025417878325,0.06085251098267641
2026.01.05 13:32,102.45298,0.5338908601180918,0.44838644301875136,0.08550441709934048,0.057774797382009524,-0.0846171002184554,0.14239189760046492,0.0,0.0,0.5338908601180776,0.44838644301874336,0.08550441709933426
2026.01.05 13:33,102.66108,0.5715061383876048,0.4646139566085674,0.10689218177903737,0.11707381612322365,-0.04427891695011959,0.16135273307334325,0.0,0.0,0.5715061383876048,0.4646139566085594,0.10689218177904536
2026.01.05 13:34,102.86541,0.6107637365943503,0.48648582545848434,0.124277911135866,0.17282526320498448,-0.0008580809190987734,0.17368334412408326,0.0,0.0,0.6107637365943503,0.48648582545847635,0.124277911135874
2026.01.05 13:35,103.06149,0.6502025530059683,0.5131620095949327,0.13704054341103555,0.22290962699125316,0.04389546066297162,0.17901416632828154,0.0,0.0,0.6502025530059683,0.5131620095949248,0.13704054341104355
2026.01.05 13:36,103.24498,0.6883295738070245,0.5436340967719799,0.1446954770350446,0.26537463965541974,0.08819129646146126,0.17718334319395848,0.0,0.0,0.6883295738070245,0.543634096771972,0.14469547703505248
2026.01.05 13:37,103.41174,0.7236597516562,0.5767543716309216,0.14690538002527842,0.29848543482818,0.13025012413480502,0.168235310693375,0.0,0.0,0.7236597516562,0.5767543716309151,0.14690538002528486
2026.01.05 13:38,103.55801,0.7547615177584817,0.6112695735610143,0.14349194419746736,0.32077953064518283,0.1683560054368806,0.15242352520830224,0.0,0.0,0.7547615177584817,0.6112695735610095,0.14349194419747213
2026.01.05 13:39,103.68051,0.7802998072373697,0.645857411525174,0.13444239571219574,0.3311117327155557,0.20090715089261563,0.1302045818229401,0.0,0.0,0.7802998072373697,0.6458574115251707,0.13444239571219896
2026.01.05 13:40,103.7765,0.7990734550372167,0.6791652659558121,0.11990818908140466,0.328684548546363,0.22646263042336512,0.10222191812299786,0.0,0.0,0.7990734550372167,0.6791652659558104,0.11990818908140632
2026.01.05 13:41,103.84389,0.8100517437118953,0.7098498085773458,0.10020193513454945,0.31307422212189806,0.24378494876307172,0.06928927335882634,0.0,0.0,0.8100517437118953,0.7098498085773457,0.10020193513454956
2026.01.05 13:42,103.88126,0.8124026907509005,0.7366160921732675,0.07578659857763304,0.28423973104492006,0.2518759052194414,0.03236382582547864,0.0,0.0,0.8124026907509005,0.7366160921732674,0.07578659857763315
2026.01.05 13:43,103.88797,0.8055217211575041,0.7582558682358401,0.047265852921663964,0.24253195916770665,0.2500071160090945,-0.007475156841387831,0.0,-1.0,0.8055217211575041,0.7582558682358401,0.047265852921663964
2026.01.05 13:44,103.8641,0.7890467538560557,0.7736830016636276,0.015363752192428137,0.18867822273456625,0.23774133735418884,-0.049063114619622594,0.0,0.0,0.7890467538560557,0.7736830016636276,0.015363752192428137
2026.01.05 13:45,103.81048,0.7628696512254862,0.7819652324879011,-0.01909558126241484,0.12376250697826663,0.2149455712790044,-0.09118306430073778,-1.0,0.0,0.7628696512255004,0.7819652324879027,-0.019095581262402295
2026.01.05 13:46,103.72869,0.7271422955892888,0.7823521818137998,-0.05520988622451106,0.049198744528681004,0.18179620592893972,-0.13259746140025871,0.0,0.0,0.727142295589303,0.7823521818138031,-0.05520988622450007
2026.01.05 13:47,103.62098,0.6822720050413835,0.7742977915119,-0.09202578647051651,-0.033311525478836757,0.13877465964738445,-0.1720861851262212,0.0,0.0,0.6822720050413977,0.7742977915119048,-0.09202578647050708
2026.01.05 13:48,103.49021,0.6289102445831531,0.7574767289947648,-0.12856648441161167,-0.12182842962079121,0.08665404179374932,-0.20848247141454052,0.0,0.0,0.6289102445831674,0.7574767289947713,-0.1285664844116039
2026.01.05 13:49,103.33978,0.5679354152260458,0.7317947245713013,-0.1638593093452555,-0.21422788981637098,0.026477655471725252,-0.24070554528809623,0.0,0.0,0.5679354152260601,0.7317947245713093,-0.16385930934524928
2026.01.05 13:50,103.17353,0.5004288062969522,0.697392175969641,-0.1969633696726888,-0.3082617775713743,-0.04047023113689466,-0.26779154643447967,0.0,0.0,0.5004288062969664,0.6973921759696506,-0.19696336967268424
2026.01.05 13:51,102.99563,0.42764466760554853,0.6546412845090464,-0.22699661690349782,-0.40162180998558483,-0.1127005469066327,-0.28892126307895216,0.0,0.0,0.42764466760556274,0.6546412845090575,-0.2269966169034947
2026.01.05 13:52,102.81046,0.35097521800281584,0.6041361174918588,-0.25316089948904297,-0.4920054084089287,-0.1885615192070919,-0.3034438892018368,0.0,0.0,0.35097521800283005,0.6041361174918715,-0.2531608994890414
2026.01.05 13:53,102.62245,0.2719088946046355,0.5466763553528121,-0.2747674607481766,-0.5771863879102455,-0.2662864929477226,-0.31089989496252285,0.0,0.0,0.2719088946046355,0.5466763553528248,-0.27476746074818925
2026.01.05 13:54,102.43604,0.19199335468178447,0.48324565573684525,-0.2912523010550608,-0.6550696123382522,-0.34404311682582855,-0.3110264955124237,0.0,0.0,0.19199335468178447,0.48324565573685635,-0.2912523010550719
2026.01.05 13:55,102.25546,0.11278826380568319,0.414984096649778,-0.3021958328440948,-0.7237580107305916,-0.41998609560678124,-0.3037719151238104,0.0,0.0,0.11278826380568319,0.4149840966497875,-0.30219583284410434
2026.01.05 13:56,102.08468,0.035824181053101256,0.34315656065107997,-0.3073323795979787,-0.7816017059021476,-0.49230921766585456,-0.28929248823629305,0.0,0.0,0.03582418105311547,0.34315656065108946,-0.307332379597974
2026.01.05 13:57,101.92723,-0.03744368071660631,0.26911723561777334,-0.30656091633437965,-0.8272512040657318,-0.5592976149458301,-0.26795358911990175,0.0,0.0,-0.0374436807165921,0.2691172356177829,-0.306560916334375
2026.01.05 13:58,101.78617,-0.10567321708070665,0.1942718320281342,-0.29994504910884084,-0.8596901066977836,-0.6193761132962208,-0.2403139934015628,0.0,0.0,-0.10567321708069244,0.1942718320281437,-0.2999450491088361
2026.01.05 13:59,101.66396,-0.16767409922262289,0.12003817585929252,-0.28771227508191544,-0.8782662932762406,-0.6711541492922248,-0.20711214398401578,0.0,0.0,-0.16767409922260867,0.12003817585930203,-0.2877122750819107
2026.01.05 14:00,101.56242,-0.22243952996943506,0.047806598350961016,-0.2702461283203961,-0.8827078855338755,-0.713464896540555,-0.16924298899332046,0.0,0.0,-0.22243952996942085,0.047806598350970515,-0.27024612832039135
2026.01.05 14:01,101.48263,-0.2691770095577368,-0.02109920471132261,-0.24807780484641423,-0.8731361810378502,-0.7453991534400141,-0.12773702759783612,0.0,0.0,-0.2691770095577226,-0.021099204711313116,-0.2480778048464095
2026.01.05 14:02,101.42497,-0.3073268068470725,-0.08545872709484571,-0.22186807975222678,-0.8500558296983911,-0.7663304886916895,-0.08372534100670159,0.0,0.0,-0.30732680684705826,-0.08545872709483465,-0.2218680797522236
2026.01.05 14:03,101.38906,-0.3365785647592645,-0.14418894036607338,-0.19238962439319113,-0.8143432512798654,-0.7759330412093247,-0.038410210070540685,0.0,0.0,-0.3365785647592503,-0.14418894036606072,-0.19238962439318957
2026.01.05 14:04,101.3738,-0.3568782774852366,-0.19637411162062002,-0.16050416586461658,-0.767219668355736,-0.774190366638607,0.006970698282871002,0.0,1.0,-0.3568782774852224,-0.1963741116206058,-0.16050416586461658
2026.01.05 14:05,101.37739,-0.36842924013394907,-0.24129115841918117,-0.1271380817147679,-0.7102167988134624,-0.7613956530735781,0.0511788542601157,0.0,0.0,-0.36842924013393485,-0.24129115841916693,-0.12713808171476793
2026.01.05 14:06,101.39741,-0.3716834787888246,-0.27842891376053874,-0.09325456502828583,-0.6451297636771756,-0.7381424751942978,0.0930127115171222,0.0,0.0,-0.37168347878881036,-0.27842891376052453,-0.09325456502828583
2026.01.05 14:07,101.43085,-0.36732980846100816,-0.30750186835835003,-0.05982794010265813,-0.5739694562091415,-0.7053078713972665,0.13133841518812495,0.0,0.0,-0.36732980846099395,-0.3075018683583358,-0.05982794010265813
2026.01.05 14:08,101.47425,-0.35627061024449347,-0.328457036249669,-0.02781357399482448,-0.49890032518661087,-0.6640263621551353,0.16512603696852446,0.0,0.0,-0.35627061024449347,-0.32845703624965633,-0.027813573994837137
2026.01.05 14:09,101.52377,-0.3395956189324636,-0.34147437946778325,0.0018787605353196568,-0.4221798183235279,-0.6156570533888139,0.19347723506528602,1.0,0.0,-0.3395956189324636,-0.3414743794677722,0.00187876053530861
2026.01.05 14:10,101.57531,-0.31854967851499794,-0.3469602315741456,0.028410553059147636,-0.34609381154663765,-0.5617444050203787,0.21565059347374105,0.0,0.0,-0.31854967851499794,-0.34696023157413614,0.0284105530591382
2026.01.05 14:11,101.62466,-0.2944937459541279,-0.34553433591937394,0.05104058996524602,-0.27288711658057707,-0.5039729473324184,0.2310858307518413,0.0,0.0,-0.2944937459541279,-0.3455343359193661,0.05104058996523819
2026.01.05 14:12,101.66759,-0.26886583587420887,-0.33801069937658995,0.06914486350238108,-0.20470139936341525,-0.44411863773861776,0.2394172383752025,0.0,0.0,-0.26886583587420887,-0.3380106993765837,0.06914486350237481
2026.01.05 14:13,101.69999,-0.2431383754312435,-0.32537293248170185,0.08223455705045835,-0.1435133432843685,-0.3839975788477679,0.24048423556339943,0.0,0.0,-0.2431383754312435,-0.3253729324816972,0.08223455705045368
2026.01.05 14:14,101.71798,-0.21877562579152254,-0.3087447531103211,0.08996912731879858,-0.09107945203892598,-0.32541395348599955,0.23433450144707357,0.0,0.0,-0.21877562579152254,-0.308744753110318,0.08996912731879547
2026.01.05 14:15,101.71807,-0.19718765241805158,-0.289356327958013,0.09216867553996144,-0.04888046332924034,-0.2701072554546477,0.22122679212540736,0.0,0.0,-0.19718765241805158,-0.28935632795801147,0.09216867553995989
2026.01.05 14:16,101.69722,-0.1796900931947647,-0.2685074707062082,0.08881737751144347,-0.01808177321539972,-0.2197021590067981,0.20162038579139838,0.0,0.0,-0.1796900931947647,-0.26850747070620823,0.08881737751144353
2026.01.05 14:17,101.65293,-0.16746653433669678,-0.24752924004978633,0.08006270571308954,0.0004976082976355656,-0.17566220554591136,0.17615981384354693,0.0,0.0,-0.16746653433669678,-0.24752924004978638,0.0800627057130896
2026.01.05 14:18,101.58338,-0.16152936959790054,-0.22774410123483488,0.06621473163693434,0.006415837865958451,-0.1392465968635374,0.14566243472949586,0.0,0.0,-0.16152936959791475,-0.22774410123483652,0.06621473163692176
2026.01.05 14:19,101.4874,-0.16269347848233906,-0.21042674567565056,0.0477332671933115,-0.00038663094494495454,-0.11147460367981893,0.11108797273487397,0.0,0.0,-0.16269347848235327,-0.21042674567565378,0.04773326719330051
2026.01.05 14:20,101.36456,-0.17155067514698885,-0.19676640447485733,0.025215729327868475,-0.019583351281696082,-0.09309635320019435,0.07351300191849827,0.0,0.0,-0.17155067514701727,-0.1967664044748637,0.025215729327846437
2026.01.05 14:21,101.2152,-0.1884498386290261,-0.18783129366983703,-0.0006185449591890602,-0.050468212272406276,-0.08457072501463675,0.03410251274223047,-1.0,0.0,-0.1884498386290545,-0.18783129366984655,-0.0006185449592079617
2026.01.05 14:22,101.04039,-0.21348730473454225,-0.18453673025909245,-0.028950574475449797,-0.09197883314381272,-0.08605234664047196,-0.0059264865033407665,0.0,-1.0,-0.21348730473457067,-0.1845367302591051,-0.028950574475465563
2026.01.05 14:23,100.8419,-0.246504609464111,-0.18761772844493563,-0.058886881019175386,-0.14273000861625462,-0.09738787903562848,-0.04534212958062614,0.0,0.0,-0.24650460946413943,-0.18761772844495145,-0.05888688101918799
2026.01.05 14:24,100.62221,-0.28708882702188987,-0.1976067478453621,-0.08948207917652776,-0.20104772639440682,-0.11811984850738416,-0.08292787788702266,0.0,0.0,-0.2870888270219183,-0.19760674784538107,-0.08948207917653722
2026.01.05 14:25,100.38437,-0.3345869025783088,-0.21481750444353367,-0.11976939813477513,-0.26502397945061773,-0.1475006746960309,-0.11752330475458683,0.0,0.0,-0.33458690257833723,-0.2148175044435558,-0.11976939813478144
2026.01.05 14:26,100.13199,-0.3881204158765996,-0.23933460239241178,-0.14878581348418785,-0.3325660802715902,-0.18451375581114277,-0.14805232446044742,0.0,0.0,-0.38812041587662804,-0.23933460239243706,-0.14878581348419098
2026.01.05 14:27,99.86907,-0.44661327768150727,-0.2710105921794792,-0.17560268550202807,-0.40146334845755405,-0.22790367434042502,-0.17355967411712903,0.0,0.0,-0.4466132776815357,-0.27101059217950607,-0.17560268550202962
2026.01.05 14:28,99.59994,-0.508820468238838,-0.30946914659686797,-0.19935132164197,-0.4694482313386601,-0.276212585740072,-0.19323564559858808,0.0,0.0,-0.5088204682388664,-0.3094691465968964,-0.19935132164197
2026.01.05 14:29,99.32913,-0.5733628486670739,-0.3541149436546552,-0.2192479050124187,-0.5342614954035696,-0.3278223676727715,-0.2064391277307981,0.0,0.0,-0.5733628486671023,-0.3541149436546836,-0.2192479050124187
2026.01.05 14:30,99.06124,-0.6387663336331713,-0.4041501097662269,-0.23461622386694436,-0.5937180767414674,-0.3810015094865107,-0.2127165672549567,0.0,0.0,-0.6387663336331855,-0.4041501097662537,-0.23461622386693176
2026.01.05 14:31,98.80079,-0.703505630018185,-0.4585965903532983,-0.2449090396648867,-0.6457739547502541,-0.4339559985392594,-0.2118179562109947,0.0,0.0,-0.703505630018185,-0.458596590353322,-0.244909039664863
2026.01.05 14:32,98.55215,-0.766044672712809,-0.5163232640475981,-0.24972140866521086,-0.6885800578206869,-0.4848808103955449,-0.20369924742514195,0.0,0.0,-0.766044672712809,-0.5163232640476186,-0.24972140866519033
2026.01.05 14:33,98.31936,-0.8248827868158628,-0.5760781484691506,-0.24880463834671218,-0.7205407176586931,-0.5320127918481745,-0.18852792581051858,0.0,0.0,-0.8248827868158628,-0.5760781484691679,-0.24880463834669486
2026.01.05 14:34,98.10606,-0.8785960353374236,-0.6365236076646078,-0.24207242767281578,-0.7403575165434404,-0.5736817367872278,-0.16667577975621262,0.0,0.0,-0.8785960353374236,-0.636523607664622,-0.24207242767280157
2026.01.05 14:35,97.91536,-0.9258791099872212,-0.696274573676899,-0.22960453631032218,-0.7470696970917459,-0.6083593288481315,-0.13871036824361438,0.0,0.0,-0.9258791099872212,-0.6962745736769101,-0.22960453631031108
2026.01.05 14:36,97.74978,-0.9655815860235322,-0.7539377190482351,-0.21164386697529702,-0.740080579996615,-0.6347035790778282,-0.10537700091878688,0.0,0.0,-0.9655815860235322,-0.7539377190482431,-0.21164386697528903
2026.01.05 14:37,97.61117,-0.9967409437611252,-0.8081511052173782,-0.188589838543747,-0.7191758198019471,-0.6515980272226519,-0.06757779257929519,0.0,0.0,-0.9967409437611252,-0.808151105217383,-0.18858983854374223
2026.01.05 14:38,97.50067,-1.0186094896380382,-0.857622954214152,-0.1609865354238862,-0.6845293139529929,-0.6581842845687201,-0.026345029384272745,0.0,0.0,-1.0186094896380382,-0.8576229542141536,-0.16098653542388464
2026.01.05 14:39,97.41866,-1.0306769886625347,-0.9011685825507479,-0.1295084061117867,-0.636701330467659,-0.6538876937485079,0.017186363280848882,0.0,1.0,-1.0306769886625204,-0.9011685825507464,-0.12950840611177405
2026.01.05 14:40,97.36478,-1.032684094865047,-0.9377439675337326,-0.09494012733131452,-0.5766209738128367,-0.6384343497613737,0.061813375948536975,0.0,0.0,-1.0326840948650329,-0.9377439675337295,-0.09494012733130341
2026.01.05 14:41,97.33792,-1.024630812318705,-0.9664757608232766,-0.05815505149542832,-0.5055621928141818,-0.6118599183719353,0.10629772555775352,0.0,0.0,-1.0246308123186907,-0.9664757608232719,-0.058155051495418775
2026.01.05 14:42,97.33629,-1.006774584542299,-0.9866859605706584,-0.020088623971640684,-0.4251044098446073,-0.5745088166664697,0.1494044068218624,0.0,0.0,-1.0067745845422849,-0.9866859605706522,-0.02008862397163269
2026.01.05 14:43,97.35743,-0.9796250660902217,-0.9979114084320804,0.018286342341858663,-0.3370919222201394,-0.5270254377772037,0.18993351555706428,1.0,0.0,-0.9796250660902075,-0.9979114084320726,0.018286342341865103
2026.01.05 14:44,97.39834,-0.9439267816495232,-0.9999167052834472,0.05598992363392408,-0.24357653886096386,-0.47033565799395577,0.2267591191329919,0.0,0.0,-0.9439267816495232,-0.9999167052834395,0.055989923633916305
2026.01.05 14:45,97.45551,-0.900640470117338,-0.9927010257383145,0.09206055562097648,-0.1467643852716094,-0.4056214034494865,0.2588570181778771,0.0,0.0,-0.900640470117338,-0.9927010257383068,0.09206055562096871
2026.01.05 14:46,97.52507,-0.8509140383457776,-0.9764980362477204,0.12558399790194275,-0.04895022858396203,-0.3342871684763816,0.2853369398924196,0.0,0.0,-0.8509140383457776,-0.9764980362477126,0.12558399790193497
2026.01.05 14:47,97.60289,-0.7960496939282393,-0.9517691700577428,0.15571947612950343,0.047547716592077904,-0.25792019146268974,0.30546790805476765,0.0,0.0,-0.7960496939282393,-0.951769170057735,0.15571947612949566
2026.01.05 14:48,97.68471,-0.7374660657500698,-0.9191901786230244,0.18172411287295465,0.14045475748726233,-0.17824520167269933,0.31869995915996163,0.0,0.0,-0.7374660657500698,-0.9191901786230182,0.18172411287294843
2026.01.05 14:49,97.76624,-0.6766592224110468,-0.8796318594614688,0.202972637050422,0.22760141923971844,-0.09707587749021579,0.32467729672993423,0.0,0.0,-0.6766592224110468,-0.8796318594614642,0.20297263705041735
2026.01.05 14:50,97.84331,-0.6151592827874595,-0.834135022846886,0.21897574005942655,0.30698639050577015,-0.016263423891018605,0.32324981439678874,0.0,0.0,-0.6151592827874452,-0.8341350228468813,0.2189757400594361
2026.01.05 14:51,97.91202,-0.5544840676090104,-0.7838805209654095,0.22939645335639913,0.3768380673837157,0.06235687436392826,0.31448119301978744,0.0,0.0,-0.5544840676089962,-0.7838805209654048,0.22939645335640868
2026.01.05 14:52,97.96877,-0.49610053357906736,-0.7301555729086145,0.2340550393295472,0.4356558699203674,0.13701667347521612,0.2986391964451513,0.0,0.0,-0.49610053357906736,-0.7301555729086115,0.2340550393295442
2026.01.05 14:53,98.01047,-0.441378385452154,-0.674316862220018,0.23293847676786394,0.4822612962348245,0.2060655980271378,0.2761956982076867,0.0,0.0,-0.441378385452154,-0.674316862220015,0.23293847676786095
2026.01.05 14:54,98.03455,-0.3915540427834685,-0.6177517036273658,0.22619766084389725,0.5158254179489603,0.2680175620115023,0.24780785593745802,0.0,0.0,-0.3915540427834685,-0.6177517036273628,0.22619766084389425
2026.01.05 14:55,98.03909,-0.3476935572990669,-0.5618383168443979,0.21414475954533096,0.5358956894677931,0.32159318750276045,0.21430250196503264,0.0,0.0,-0.3476935572990669,-0.5618383168443949,0.21414475954532797
2026.01.05 14:56,98.02282,-0.31066550106714885,-0.5079067398598323,0.1972412387926834,0.5424026007773648,0.3657550701576814,0.1766475306196834,0.0,0.0,-0.31066550106712043,-0.5079067398598262,0.19724123879270572
2026.01.05 14:57,97.98524,-0.28111240286757777,-0.45720077731733316,0.1760883744497554,0.5356686587818871,0.3997377878825225,0.13593087089936456,0.0,0.0,-0.28111240286754935,-0.4572007773173239,0.17608837444977454
2026.01.05 14:58,97.92656,-0.2594357315959144,-0.41084261167120734,0.15140688007529296,0.5163928093155761,0.4230687921691333,0.09332401714644278,0.0,0.0,-0.25943573159588595,-0.4108426116711949,0.15140688007530895
2026.01.05 14:59,97.84774,-0.24578368736203515,-0.3698008788461602,0.12401719148412504,0.48563204713200037,0.43558144316170677,0.050050603970293595,0.0,0.0,-0.24578368736200673,-0.36980087884614615,0.12401719148413942
2026.01.05 15:00,97.75042,-0.24005010641114666,-0.33486377204639756,0.0948136656352509,0.4447657372567875,0.43741830198072296,0.007347435276064518,0.0,0.0,-0.24005010641111824,-0.33486377204638196,0.09481366563526372
2026.01.05 15:01,97.63695,-0.24187410872698933,-0.30661639150727776,0.06474228278028843,0.3954628964358591,0.4290272208717502,-0.033564324435891135,0.0,-1.0,-0.2418741087269609,-0.306616391507259,0.06474228278029809
2026.01.05 15:02,97.51022,-0.25065628594050793,-0.2854250471170949,0.03476876117658695,0.3396240196136233,0.4111465806201248,-0.0715225610065015,0.0,0.0,-0.2506562859404795,-0.28542504711707295,0.03476876117659344
2026.01.05 15:03,97.37368,-0.2655725069945163,-0.2714270986961002,0.005854591701583922,0.27933376538935306,0.3847840175739705,-0.10545025218461745,0.0,0.0,-0.26557250699448787,-0.2714270986960751,0.005854591701587253
2026.01.05 15:04,97.23117,-0.28560085674345714,-0.2645279097454769,-0.021072946997980235,0.2167956829466675,0.35118635064850995,-0.13439066770184244,-1.0,0.0,-0.28560085674344293,-0.2645279097454502,-0.021072946997992725
2026.01.05 15:05,97.08684,-0.30955137741007377,-0.2644041182280241,-0.04514725918204965,0.15426922455284853,0.31180292542937765,-0.15753370087652913,0.0,0.0,-0.30955137741005956,-0.26440411822799903,-0.04514725918206053
2026.01.05 15:06,96.94501,-0.3361024534034698,-0.27051412384312323,-0.06558832956034655,0.09400188592672976,0.2682427175288481,-0.17424083160211834,0.0,0.0,-0.33610245340345557,-0.2705141238430997,-0.06558832956035587
2026.01.05 15:07,96.81007,-0.3638387955247282,-0.2821144642796581,-0.08172433124507011,0.03816587832287155,0.2222273496876528,-0.18406147136478124,0.0,0.0,-0.3638387955247282,-0.2821144642796377,-0.08172433124509049
2026.01.05 15:08,96.68635,-0.3912926385482365,-0.29828212552256933,-0.09301051302566715,-0.011204115404396475,0.17554105666924294,-0.18674517207363941,0.0,0.0,-0.3912926385482365,-0.2982821255225521,-0.09301051302568436
2026.01.05 15:09,96.57797,-0.41698858235812963,-0.3179419561833452,-0.09904662617478444,-0.05227304759873164,0.12997823581564802,-0.18225128341437966,0.0,0.0,-0.41698858235812963,-0.3179419561833312,-0.09904662617479842
2026.01.05 15:10,96.48873,-0.4394875858290419,-0.33989900919468435,-0.09958857663435755,-0.08345958670560094,0.08729067131139823,-0.17075025801699917,0.0,0.0,-0.4394875858290419,-0.33989900919467353,-0.09958857663436838
2026.01.05 15:11,96.42203,-0.4574274023851217,-0.36287357768853035,-0.09455382469659135,-0.10347831575531075,0.04913687389805643,-0.15261518965336718,0.0,0.0,-0.4574274023851217,-0.36287357768852263,-0.09455382469659906
2026.01.05 15:12,96.38073,-0.46956455322096247,-0.38553936060257993,-0.08402519261838254,-0.11138044093962662,0.01703341093051982,-0.12841385187014645,0.0,0.0,-0.46956455322096247,-0.3855393606025754,-0.08402519261838709
2026.01.05 15:13,96.36709,-0.47481064514967386,-0.4065626704254929,-0.06824797472418098,-0.10658043775407577,-0.007689358806399298,-0.09889107894767647,0.0,0.0,-0.47481064514967386,-0.40656267042548994,-0.06824797472418392
2026.01.05 15:14,96.38267,-0.47226703460775354,-0.4246421878919017,-0.04762484671585182,-0.0888773068569293,-0.0239269484165053,-0.06495035844042399,0.0,0.0,-0.47226703460776776,-0.42464218789190195,-0.04762484671586581
2026.01.05 15:15,96.42835,-0.4612482282332451,-0.438547273984099,-0.022700954249146088,-0.05845399634114301,-0.030832358001432844,-0.027621638339710167,0.0,0.0,-0.4612482282332451,-0.43854727398410076,-0.02270095424914431
2026.01.05 15:16,96.50423,-0.4413057647975762,-0.44715471501441545,0.005848950216839233,-0.015878226745101642,-0.027841531750166605,0.011963305005064963,1.0,1.0,-0.4413057647975762,-0.4471547150144172,0.005848950216841009
2026.01.05 15:17,96.60966,-0.412241831737731,-0.4494824031465815,0.03724057140885051,0.037914539692224025,-0.01469031746168848,0.052604857153912506,0.0,0.0,-0.412241831737731,-0.4494824031465833,0.037240571408852285
2026.01.05 15:18,96.74327,-0.37411468382204305,-0.4447186366425719,0.07060395282052884,0.10165036713419795,0.008577819457488808,0.09307254767670914,0.0,0.0,-0.37411468382204305,-0.44471863664257366,0.07060395282053061
2026.01.05 15:19,96.90296,-0.32724076811804537,-0.4322467680080167,0.10500599988997134,0.17374835941984657,0.04161192744996037,0.1321364319698862,0.0,0.0,-0.32724076811804537,-0.4322467680080185,0.10500599988997311
2026.01.05 15:20,97.08602,-0.2721838738414988,-0.41166415372539195,0.13948027988389317,0.25237140512837186,0.08376382298564267,0.1686075821427292,0.0,0.0,-0.2721838738414988,-0.4116641537253937,0.13948027988389494
2026.01.05 15:21,97.28914,-0.20974301509100712,-0.3827950939331747,0.17305207884216756,0.3354733260401588,0.13410572359654588,0.2013676024436129,0.0,0.0,-0.20974301509100712,-0.38279509393317646,0.17305207884216933
2026.01.05 15:22,97.50855,-0.14092908854756558,-0.3456971431996071,0.2047680546520415,0.4208605765923892,0.19145669419571454,0.22940388239667464,0.0,0.0,-0.14092908854756558,-0.34569714319960887,0.20476805465204329
2026.01.05 15:23,97.74012,-0.0669361935229773,-0.3006603830790764,0.23372418955609908,0.5062565102160477,0.25441665739978114,0.25183985281626653,0.0,0.0,-0.0669361935229631,-0.30066038307907506,0.23372418955611196
2026.01.05 15:24,97.97944,0.0108893076333203,-0.24820065687168025,0.25908996450500055,0.5893625648066916,0.32140583888116325,0.2679567259255283,0.0,0.0,0.0108893076333203,-0.2482006568716789,0.2590899645049992
2026.01.05 15:25,98.22198,0.09108752868017689,-0.18904584648526324,0.2801333751654401,0.6679266178220331,0.3907099946693372,0.2772166231526959,0.0,0.0,0.09108752868017689,-0.18904584648526188,0.2801333751654388
2026.01.05 15:26,98.46321,0.1721262770367673,-0.12411605662143009,0.2962423336581974,0.739808350044143,0.46052966574429843,0.2792786842998446,0.0,0.0,0.1721262770367673,-0.12411605662142872,0.296242333658196
2026.01.05 15:27,98.69871,0.25244294566900294,-0.05449854223353609,0.30694148790253906,0.8030388322493565,0.52903149904531,0.27400733320404647,0.0,0.0,0.25244294566900294,-0.05449854223353472,0.30694148790253767
2026.01.05 15:28,98.92433,0.3304904445042922,0.018582703613390303,0.3119077408909019,0.8558810083327018,0.5944014009027884,0.2614796074299134,0.0,0.0,0.3304904445042922,0.018582703613391673,0.31190774089090056
2026.01.05 15:29,99.13625,0.40477779607606124,0.09380066693756364,0.3109771291384976,0.8968744063606806,0.6548960019943668,0.2419784043663138,0.0,0.0,0.40477779607606124,0.093800666937565,0.31097712913849623
2026.01.05 15:30,99.33113,0.4739132675801443,0.16976247612324713,0.30415079145689716,0.9248798386778248,0.7088927693310585,0.21598706934676626,0.0,0.0,0.4739132675801443,0.1697624761232485,0.30415079145689583
2026.01.05 15:31,99.5062,0.5366442122904118,0.24504839843857795,0.29159581385183386,0.9391137783218397,0.7549369711292149,0.18417680719262486,0.0,0.0,0.5366442122904118,0.2450483984385793,0.29159581385183253
2026.01.05 15:32,99.6593,0.5918898901996954,0.318251296629986,0.2736385935697094,0.9391669702242211,0.7917829709482161,0.14738399927600498,0.0,0.0,0.5918898901996954,0.3182512966299858,0.2736385935697096
2026.01.05 15:33,99.78898,0.6387732003542652,0.3880161735989799,0.25075702675528533,0.9250195513020003,0.818430287018973,0.10658926428302729,0.0,0.0,0.6387732003542652,0.3880161735989797,0.2507570267552855
2026.01.05 15:34,99.89451,0.6766440194172105,0.4530780059030947,0.2235660135141158,0.8970400939325316,0.8341522484016848,0.06288784553084681,0.0,0.0,0.6766440194172105,0.45307800590309455,0.22356601351411598
2026.01.05 15:35,99.9759,0.7050964956697356,0.5122969190845357,0.19279957658519997,0.8559745058758921,0.8385166998965263,0.017457805979365748,0.0,0.0,0.7050964956697356,0.5122969190845355,0.1927995765852002
2026.01.05 15:36,100.03392,0.7239814101619544,0.5646900818059747,0.1592913283559797,0.8029278395972455,0.8313989278366702,-0.02847108823942479,0.0,-1.0,0.7239814101619544,0.5646900818059746,0.1592913283559798
2026.01.05 15:37,100.07003,0.7334073527394764,0.6094586271654396,0.1239487255740368,0.7393286621826576,0.8129848747058678,-0.0736562125232102,0.0,0.0,0.7334073527394764,0.6094586271654394,0.12394872557403702
2026.01.05 15:38,100.08636,0.7337371099983443,0.6460096620456933,0.08772744795265097,0.6668892096460013,0.7837657416938946,-0.11687653204789328,0.0,0.0,0.7337371099983443,0.6460096620456931,0.0877274479526512
2026.01.05 15:39,100.08565,0.7255771521812306,0.6739723158902585,0.05160483629097212,0.58755796594005,0.7445241865431258,-0.15696622060307575,0.0,0.0,0.7255771521812306,0.6739723158902583,0.051604836290972345
2026.01.05 15:40,100.07114,0.7097578444649031,0.6932071639096464,0.01655068055525666,0.5034612238231517,0.696311593999131,-0.19285037017597928,0.0,0.0,0.7097578444649031,0.6932071639096462,0.01655068055525688
2026.01.05 15:41,100.0465,0.6873098074283064,0.7038093769350476,-0.016499569506741252,0.416844389719941,0.640418153143293,-0.223573763423352,-1.0,0.0,0.6873098074283064,0.7038093769350474,-0.01649956950674103
2026.01.05 15:42,100.01569,0.6594319458477429,0.7061047931009896,-0.04667284725324672,0.33000502655684727,0.5783355278260038,-0.24833050126915657,0.0,0.0,0.6594319458477429,0.7061047931009894,-0.0466728472532465
2026.01.05 15:43,99.98287,0.6274573027763779,0.7006396023631193,-0.07318229958674138,0.24522938810339667,0.5117142998814824,-0.26648491177808575,0.0,0.0,0.6274573027763779,0.7006396023631191,-0.07318229958674116
2026.01.05 15:44,99.95225,0.5928128125891021,0.6881636375763822,-0.09535082498728009,0.16472500823347502,0.442316441551881,-0.27759143331840597,0.0,0.0,0.5928128125891021,0.688163637576382,-0.09535082498727987
2026.01.05 15:45,99.92797,0.5569771258316791,0.6696076059841294,-0.11263048015245025,0.09055711063439276,0.37196457536838334,-0.2814074647339906,0.0,0.0,0.5569771258316791,0.6696076059841292,-0.11263048015245003
2026.01.05 15:46,99.914,0.5214389994452944,0.6460555667292203,-0.1246165672839259,0.024592759699814337,0.30249021223466954,-0.2778974525348552,0.0,0.0,0.5214389994452944,0.64605556672922,-0.12461656728392567
2026.01.05 15:47,99.91398,0.4876518178098763,0.6187127564860572,-0.13106093867618085,-0.0315560295039603,0.23568096388694357,-0.2672369933909039,0.0,0.0,0.4876518178098763,0.618712756486057,-0.13106093867618063
2026.01.05 15:48,99.93114,0.4569919824224655,0.5888699598461944,-0.13187797742372886,-0.0765764301436036,0.17322948508083413,-0.24980591522443774,0.0,0.0,0.4569919824224655,0.5888699598461942,-0.13187797742372864
2026.01.05 15:49,99.96818,0.4307176158662571,0.5578654900019004,-0.12714787413564332,-0.10949395433223685,0.11668479719821993,-0.2261787515304568,0.0,0.0,0.4307176158662571,0.5578654900019002,-0.1271478741356431
2026.01.05 15:50,100.02721,0.40993276895338226,0.5270458190602422,-0.1171130501068599,-0.1296979899688182,0.0674082397648123,-0.1971062297336305,0.0,0.0,0.40993276895338226,0.527045819060242,-0.11711305010685968
2026.01.05 15:51,100.10966,0.39555395420448747,0.4977260422109916,-0.10217208800650412,-0.13696088117085026,0.026534415577679795,-0.16349529674853006,0.0,0.0,0.39555395420448747,0.49772604221099137,-0.1021720880065039
2026.01.05 15:52,100.21627,0.3882852651083084,0.4711513713589839,-0.08286610625067548,-0.13144016339822429,-0.00506050021750102,-0.12637966318072327,0.0,0.0,0.3882852651083084,0.47115137135898366,-0.08286610625067525
2026.01.05 15:53,100.34701,0.3885949216271598,0.44846049458543474,-0.05986557295827494,-0.11367850129369117,-0.02678410043273905,-0.08689440086095213,0.0,0.0,0.3885949216271598,0.44846049458543447,-0.05986557295827466
2026.01.05 15:54,100.50112,0.39670277306926494,0.4306522331673887,-0.033949460098123774,-0.0845846448961538,-0.038344209325422,-0.046240435570731805,0.0,0.0,0.3967027730692507,0.4306522331673869,-0.03394946009813615
2026.01.05 15:55,100.67712,0.4125741350473362,0.41855613712317113,-0.005982002075834936,-0.04540567638871096,-0.03975650273807979,-0.005649173650631167,0.0,0.0,0.412574135047322,0.41855613712316775,-0.00598200207584576
2026.01.05 15:56,100.87282,0.435918659274634,0.4128080083970331,0.023110650877600947,0.0023062439148304748,-0.031343953407497745,0.03365019732232822,1.0,1.0,0.4359186592746198,0.41280800839702814,0.023110650877591676
2026.01.05 15:57,101.08543,0.46620113655500006,0.41383124774509245,0.052369888809907617,0.05674432269313456,-0.013726298187371283,0.07047062088050585,0.0,0.0,0.46620113655498585,0.41383124774508595,0.0523698888098999
2026.01.05 15:58,101.31157,0.5026535488224511,0.42182412918466955,0.08082941963778151,0.11589398736384737,0.01219775892287245,0.10369622844097492,0.0,0.0,0.5026535488224368,0.42182412918466144,0.0808294196377754
2026.01.05 15:59,101.54742,0.5442991305268947,0.4367537249150598,0.1075454056118349,0.17759571644663197,0.045277350427624354,0.13231836601900762,0.0,0.0,0.5442991305268947,0.4367537249150517,0.107545405611843
2026.01.05 16:00,101.7888,0.5899799808021413,0.45835661675924355,0.13162336404289776,0.23960714540883998,0.08414330942386748,0.1554638359849725,0.0,0.0,0.5899799808021413,0.4583566167592355,0.1316233640429058
2026.01.05 16:01,102.03129,0.638390333800686,0.4861460688361744,0.1522442649645116,0.2996683599293135,0.1272483195249567,0.17242004040435682,0.0,0.0,0.638390333800686,0.48614606883616635,0.15224426496451965
2026.01.05 16:02,102.27036,0.6881146806365734,0.5194260420594425,0.1686886385771309,0.3555686737074524,0.17291239036145584,0.18265628334599654,0.0,0.0,0.6881146806365734,0.5194260420594345,0.1686886385771389
2026.01.05 16:03,102.50148,0.7376676625662668,0.5573110297813316,0.1803566327849352,0.40520934491742366,0.2193717812726494,0.18583756364477427,0.0,0.0,0.7376676625662668,0.5573110297813252,0.18035663278494163
2026.01.05 16:04,102.72025,0.7855364927098663,0.598751291743835,0.18678520096603124,0.44666410130220413,0.26483024527856036,0.18183385602364377,0.0,0.0,0.7855364927098663,0.5987512917438301,0.18678520096603612
2026.01.05 16:05,102.92256,0.8302272685464942,0.6425633594407084,0.1876639091057858,0.4782401913079326,0.3075122344844348,0.17072795682349778,0.0,0.0,0.8302272685464942,0.6425633594407051,0.18766390910578912
2026.01.05 16:06,103.10465,0.870305827751281,0.6874638806847396,0.18284194706654133,0.4985233853294915,0.3457144646534462,0.1528089206760453,0.0,0.0,0.870305827751281,0.6874638806847378,0.1828419470665431
2026.01.05 16:07,103.26324,0.904439447324819,0.7321067582961138,0.17233268902870513,0.5064199341236133,0.37785555854747965,0.12856437557613365,0.0,0.0,0.9044394473248332,0.7321067582961152,0.172332689028718
2026.01.05 16:08,103.39563,0.9314363350553663,0.7751220032437218,0.15631433181164445,0.5011904315162923,0.4025225331412422,0.09866789837505008,0.0,0.0,0.9314363350553805,0.7751220032437247,0.15631433181165577
2026.01.05 16:09,103.49978,0.9502813458407644,0.8151554882480133,0.1351258575927511,0.48247371787992677,0.41851277008897914,0.06396094779094763,0.0,0.0,0.9502813458407786,0.8151554882480178,0.13512585759276086
2026.01.05 16:10,103.57432,0.9601627492100562,0.8509079788490544,0.10925477036100173,0.4502927658634377,0.42486876924387085,0.025423996619566847,0.0,0.0,0.9601627492100704,0.8509079788490604,0.10925477036100995
2026.01.05 16:11,103.61865,0.9604988601209357,0.8811728876806503,0.07932597244028539,0.40506016263115896,0.4209070479213285,-0.015846885290169532,0.0,-1.0,0.9604988601209499,0.8811728876806578,0.07932597244029205
2026.01.05 16:12,103.63292,0.9509546865027261,0.9048714458958124,0.04608324060691371,0.34756573661715606,0.40623878566049404,-0.05867304904333798,0.0,0.0,0.9509546865027403,0.9048714458958216,0.04608324060691871
2026.01.05 16:13,103.618,0.9314497677248994,0.9210840320085938,0.010365735716305613,0.278950368839034,0.38078110229620205,-0.10183073345716803,0.0,0.0,0.9314497677248994,0.921084032008603,0.010365735716296398
2026.01.05 16:14,103.57552,0.9021646060872826,0.9290770695131259,-0.026912463425843303,0.20068058871048322,0.3447609995790583,-0.1440804108685751,-1.0,0.0,0.9021646060872826,0.9290770695131351,-0.026912463425852517
2026.01.05 16:15,103.50776,0.8635339568716347,0.9283246394153873,-0.06479068254375264,0.1145029909850166,0.29870939786024997,-0.18420640687523337,0.0,0.0,0.8635339568716347,0.9283246394153966,-0.06479068254376186
2026.01.05 16:16,103.4176,0.8162346851856199,0.9185241102888096,-0.10228942510318972,0.022394326430784872,0.24344638357435697,-0.2210520571435721,0.0,0.0,0.8162346851856199,0.9185241102888173,-0.10228942510319738
2026.01.05 16:17,103.30845,0.7611679089622783,0.8996053962784666,-0.13843748731618832,-0.07349284006991752,0.18005853884550208,-0.25355137891541957,0.0,0.0,0.7611679089622783,0.8996053962784727,-0.13843748731619443
2026.01.05 16:18,103.18414,0.699433677915934,0.8717334331757076,-0.1722997552597736,-0.17089159851838076,0.10986851137272552,-0.2807601098911063,0.0,0.0,0.6994336779159198,0.8717334331757106,-0.1722997552597908
2026.01.05 16:19,103.04881,0.6323000931597704,0.8353042491701204,-0.20300415601034993,-0.26748520200011683,0.034397768698157055,-0.30188297069827386,0.0,0.0,0.6323000931597704,0.8353042491701217,-0.20300415601035127
2026.01.05 16:20,102.90677,0.5611660299672252,0.790933934708597,-0.22976790474137176,-0.36097584541707306,-0.044676954124888965,-0.3162988912921841,0.0,0.0,0.5611660299672252,0.7909339347085967,-0.22976790474137154
2026.01.05 16:21,102.76243,0.4875248576087756,0.7394417314981581,-0.25191687388938244,-0.4491442158132344,-0.12557040646255807,-0.3235738093506763,0.0,0.0,0.4875248576087756,0.7394417314981562,-0.25191687388938055
2026.01.05 16:22,102.6201,0.4129189834520446,0.6818271999122854,-0.26890821646024077,-0.5299189563375393,-0.20644011643755433,-0.32347883989998494,0.0,0.0,0.4129189834520446,0.6818271999122835,-0.2689082164602389
2026.01.05 16:23,102.48391,0.33889729875998853,0.619241943542586,-0.28034464478259746,-0.6014335857138633,-0.28543881029281615,-0.31599477542104715,0.0,0.0,0.33889729875998853,0.6192419435425841,-0.2803446447825956
2026.01.05 16:24,102.35771,0.26697378740570343,0.5529574802685936,-0.28598369286289016,-0.6620754267889879,-0.3607661335920505,-0.3013092931969374,0.0,0.0,0.26697378740570343,0.5529574802685917,-0.2859836928628883
2026.01.05 16:25,102.24489,0.19858113563347501,0.48432930809613306,-0.28574817246265805,-0.7105383975752204,-0.4307205863886845,-0.2798178111865359,0.0,0.0,0.19858113563347501,0.48432930809613123,-0.2857481724626562
2026.01.05 16:26,102.14835,0.13503291973634646,0.4147587537376962,-0.27972583400134976,-0.7458551929860562,-0.4937475077081589,-0.2521076852778973,0.0,0.0,0.13503291973634646,0.41475875373769433,-0.2797258340013479
2026.01.05 16:27,102.07039,0.07748656346666394,0.34565351879888845,-0.2681669553322245,-0.767425030086784,-0.548483012183884,-0.21894201790290002,0.0,0.0,0.07748656346666394,0.3456535187988881,-0.2681669553322242
2026.01.05 16:28,102.01264,0.0269105115349646,0.2783880097294656,-0.251477498194501,-0.7750313361709686,-0.5937926769813009,-0.18123865918966775,0.0,0.0,0.0269105115349646,0.27838800972946526,-0.25147749819450066
2026.01.05 16:29,101.976,-0.01594412187631633,0.21426465952462764,-0.23020878140094397,-0.7688500320337823,-0.6288041479917972,-0.14004588404198515,0.0,0.0,-0.01594412187631633,0.2142646595246273,-0.23020878140094364
2026.01.05 16:30,101.96068,-0.050560098231301254,0.15447744220906354,-0.2050375404403648,-0.7494364427196274,-0.6529306069373633,-0.09650583578226413,0.0,0.0,-0.050560098231301254,0.15447744220906323,-0.20503754044036449
2026.01.05 16:31,101.96611,-0.07667153157800044,0.10007849609461408,-0.17675002767261452,-0.71771576384252,-0.6658876383183947,-0.0518281255241253,0.0,0.0,-0.07667153157800044,0.10007849609461378,-0.17675002767261422
2026.01.05 16:32,101.99102,-0.0942683351222513,0.051948981218809656,-0.14621731634106094,-0.6749518712991005,-0.6677004849145358,-0.007251386384564684,0.0,0.0,-0.09426833512223709,0.051948981218810926,-0.146217316341048
2026.01.05 16:33,102.03345,-0.1035959921996863,0.01077456126265524,-0.11437055346234154,-0.6227116514079114,-0.658702718213211,0.03599106680529962,0.0,1.0,-0.10359599219967208,0.01077456126265809,-0.11437055346233017
2026.01.05 16:34,102.09081,-0.10514767803300629,-0.022973084700287125,-0.08217459333271916,-0.5628199993282266,-0.6395261744362142,0.0767061751079876,0.0,0.0,-0.10514767803299208,-0.022973084700282698,-0.08217459333270938
2026.01.05 16:35,102.15996,-0.0996488828536144,-0.04904884054361611,-0.05060004230999829,-0.49730671690903705,-0.6110822829307788,0.11377556602174177,0.0,0.0,-0.09964888285360018,-0.049048840543610105,-0.05060004230999008
2026.01.05 16:36,102.23732,-0.0880339420964873,-0.06744000782841068,-0.02059393426807661,-0.42834507777746467,-0.574534841900116,0.14618976412265128,0.0,0.0,-0.08803394209647308,-0.0674400078284031,-0.020593934268069977
2026.01.05 16:37,102.31895,-0.07141888660761708,-0.07836549651091976,0.006946609903302675,-0.35819072401693575,-0.5312660183234799,0.17307529430654411,1.0,0.0,-0.07141888660760287,-0.0783654965109106,0.006946609903307727
2026.01.05 16:38,102.40068,-0.051067730465547356,-0.08226811968750099,0.03120038922195363,-0.2891156562627941,-0.48283594591134277,0.19372028964854865,0.0,0.0,-0.051067730465533145,-0.08226811968749025,0.0312003892219571
2026.01.05 16:39,102.47823,-0.028354799237803263,-0.07980086424377898,0.05144606500597572,-0.2233423981347329,-0.4309372363560208,0.20759483822128794,0.0,0.0,-0.028354799237803263,-0.07980086424376825,0.05144606500596499
2026.01.05 16:40,101.45742,-0.09166877278602215,-0.08146722437800362,-0.010201548408018526,-0.31705290566887356,-0.4081603702185914,0.09110746454971785,-1.0,0.0,-0.09166877278602215,-0.08146722437799288,-0.010201548408029268
2026.01.05 16:41,101.50443,-0.13647899396725904,-0.08615729758300449,-0.05032169638425456,-0.36705703692931024,-0.3999397035607352,0.03288266663142497,0.0,0.0,-0.13647899396724483,-0.08615729758299374,-0.05032169638425109
2026.01.05 16:42,101.53669,-0.1674579536509384,-0.09325307107758805,-0.07420488257335035,-0.386732818189941,-0.39729832648657637,0.010565508296635384,0.0,0.0,-0.1674579536509242,-0.09325307107757731,-0.07420488257334688
2026.01.05 16:43,101.55407,-0.1884344268657685,-0.10250715428122831,-0.08592727258454019,-0.3863705591800084,-0.3951127730252628,0.00874221384525442,0.0,0.0,-0.1884344268657543,-0.10250715428121755,-0.08592727258453674
2026.01.05 16:44,101.55649,-0.20252853634332268,-0.1139382268911959,-0.08859030945212679,-0.37379042346043434,-0.3908483031122972,0.01705787965186284,0.0,0.0,-0.20252853634330847,-0.11393822689118514,-0.08859030945212333
2026.01.05 16:45,101.54401,-0.2122584678560031,-0.12774095197558655,-0.08451751588041656,-0.35483189973254525,-0.38364502243634685,0.028813122703801597,0.0,0.0,-0.2122584678559889,-0.12774095197557578,-0.08451751588041312
2026.01.05 16:46,101.51678,-0.21963492738466073,-0.1442094009508136,-0.07542552643384712,-0.3337600304184605,-0.3736680240327696,0.039907993614309134,0.0,0.0,-0.21963492738466073,-0.14420940095080445,-0.07542552643385628
2026.01.05 16:47,101.47507,-0.226238536105015,-0.16367282379964335,-0.06256571230537164,-0.3135907646071985,-0.36165257214765545,0.04806180754045697,0.0,0.0,-0.226238536105015,-0.16367282379963577,-0.06256571230537922
2026.01.05 16:48,101.41921,-0.2332901550613542,-0.18644341889114902,-0.04684673617020518,-0.2963634456274775,-0.34859474684361985,0.052231301216142334,0.0,0.0,-0.2332901550613542,-0.1864434188911414,-0.04684673617021279
2026.01.05 16:49,101.34967,-0.241703700909639,-0.20311396646043978,-0.03858973444919922,-0.28334882622496593,-0.33554556271988906,0.052196736494923124,0.0,0.0,-0.2417037009096532,-0.20311396646043375,-0.038589734449219454
2026.01.05 16:50,101.26701,-0.2521350123188739,-0.21596463516617476,-0.03617037715269916,-0.2752246377332028,-0.32348137772255187,0.04825673998934904,0.0,0.0,-0.25213501231888813,-0.2159646351661719,-0.03617037715271623
2026.01.05 16:51,101.17186,-0.26502467211449243,-0.22680538166212522,-0.038219290452367216,-0.27221921531622684,-0.31322894524128686,0.04100972992506002,0.0,0.0,-0.26502467211452085,-0.22680538166212708,-0.03821929045239378
2026.01.05 16:52,101.06495,-0.28063161728638875,-0.23704951393108303,-0.04358210335530571,-0.2742216055822837,-0.3054274773094863,0.031205871727202572,0.0,0.0,-0.28063161728641717,-0.23704951393108964,-0.04358210335532753
2026.01.05 16:53,100.94709,-0.29906313709588517,-0.24777558068136776,-0.051287556414517405,-0.2808721935532077,-0.3005164205582306,0.019644227005022885,0.0,0.0,-0.2990631370958994,-0.2477755806813775,-0.05128755641452187
2026.01.05 16:54,100.81918,-0.3202993063244435,-0.25978011828897224,-0.06051918803547124,-0.2916328325353703,-0.29873970295365854,0.007106870418288225,0.0,0.0,-0.3202993063244577,-0.2597801182889852,-0.060519188035472515
2026.01.05 16:55,100.68217,-0.3442167687533697,-0.27362254510771766,-0.07059422364565204,-0.3058476842306561,-0.3001612992090581,-0.005686385021598017,0.0,-1.0,-0.34421676875339813,-0.27362254510773376,-0.07059422364566437
2026.01.05 16:56,100.53709,-0.370606156482566,-0.28966339181633444,-0.08094276466623157,-0.3227858275665909,-0.3046862048805647,-0.018099622686026218,0.0,0.0,-0.3706061564825802,-0.2896633918163521,-0.08094276466622813
2026.01.05 16:57,100.38501,-0.39918990861815473,-0.30809669776709003,-0.0910932108510647,-0.3416797782344503,-0.3120849195513418,-0.02959485868310846,0.0,0.0,-0.39918990861818315,-0.3080966977671109,-0.09109321085107225
2026.01.05 16:58,100.22708,-0.42963381802789513,-0.3289778218913407,-0.1006559961365544,-0.3617486252401392,-0.3220176606891013,-0.03973096455103786,0.0,0.0,-0.42963381802792355,-0.32897782189136315,-0.1006559961365604
2026.01.05 16:59,100.06445,-0.4615631052517273,-0.3522476099949911,-0.10931549525673617,-0.3822267018882002,-0.33405946892892113,-0.04816723295927905,0.0,0.0,-0.4615631052517557,-0.3522476099950151,-0.10931549525674061
2026.01.05 17:00,99.89833,-0.49457068805955373,-0.37775272287777567,-0.11681796518177806,-0.4023753423555121,-0.3477226436142393,-0.054652698741272765,0.0,0.0,-0.49457068805958215,-0.3777527228777997,-0.11681796518178245
2026.01.05 17:01,99.72996,-0.5282264217345158,-0.40526325670534535,-0.12296316502917048,-0.4214952015025517,-0.3624771551919018,-0.059018046310649885,0.0,0.0,-0.5282264217345585,-0.40526325670537094,-0.12296316502918753
2026.01.05 17:02,99.56058,-0.5620869945939972,-0.4344881297606911,-0.12759886483330612,-0.4389385156244714,-0.3777694272784158,-0.06116908834605561,0.0,0.0,-0.5620869945940399,-0.4344881297607199,-0.12759886483332
2026.01.05 17:03,99.39144,-0.5957030332207154,-0.46508854386027687,-0.1306144893604385,-0.45411520586417,-0.39303858299556665,-0.061076622868603325,0.0,0.0,-0.595703033220758,-0.4650885438603088,-0.13061448936044923
2026.01.05 17:04,99.22381,-0.6286239405981178,-0.49668934073191556,-0.1319345998662022,-0.46649444272031815,-0.407729754940517,-0.05876468777980115,0.0,0.0,-0.6286239405981604,-0.49668934073194904,-0.13193459986621137
2026.01.05 17:05,99.05892,-0.6604064869411275,-0.5288893774495335,-0.131517109491594,-0.4756128391087344,-0.4213063717741605,-0.054306467334573894,0.0,0.0,-0.6604064869411559,-0.5288893774495685,-0.13151710949158735
2026.01.05 17:06,98.89802,-0.6906166701222247,-0.5612701287277635,-0.12934654139446122,-0.48106993626078065,-0.43325908467148455,-0.0478108515892961,0.0,0.0,-0.6906166701222389,-0.561270128727797,-0.1293465413944419
2026.01.05 17:07,98.74229,-0.7188382475988959,-0.5934039542356525,-0.1254342933632434,-0.482536153960595,-0.4431144985293066,-0.039421655431288394,0.0,0.0,-0.7188382475988817,-0.5934039542356813,-0.12543429336320044
2026.01.05 17:08,98.59291,-0.7446736345381737,-0.6248606797119244,-0.11981295482624932,-0.4797464340622639,-0.4504408856358981,-0.02930554842636579,0.0,0.0,-0.7446736345381595,-0.6248606797119484,-0.11981295482621113
2026.01.05 17:09,98.451,-0.767749181176768,-0.6552138456138371,-0.11253533556293094,-0.47250246963010056,-0.45485320243473865,-0.017649267195361917,0.0,0.0,-0.7677491811767538,-0.6552138456138563,-0.11253533556289752
2026.01.05 17:10,98.31765,-0.7877166415782142,-0.684046092263137,-0.10367054931507724,-0.460668024106198,-0.45601616676903056,-0.004651857337167442,0.0,0.0,-0.7877166415782,-0.6840460922631498,-0.10367054931505015
2026.01.05 17:11,98.19386,-0.8042588211909987,-0.7109540729961371,-0.09330474819486156,-0.44417226308870283,-0.45364738603296506,0.009475122944262226,0.0,1.0,-0.8042588211909845,-0.7109540729961437,-0.0933047481948408
2026.01.05 17:12,98.08059,-0.8170896591076655,-0.7355525869835761,-0.08153707212408945,-0.4230029156954487,-0.44751849196546184,0.024515576270013162,0.0,0.0,-0.8170896591076513,-0.7355525869835762,-0.08153707212407513
2026.01.05 17:13,97.97872,-0.8259571285966985,-0.7574784967611962,-0.06847863183550229,-0.397205260345288,-0.4374558456414271,0.04025058529613906,0.0,0.0,-0.8259571285966842,-0.75747849676119,-0.0684786318354943
2026.01.05 17:14,97.88906,-0.830644324024334,-0.7763938119926636,-0.05425051203167042,-0.3668780554288844,-0.42334028759891856,0.056462232170034155,0.0,0.0,-0.8306443240243198,-0.7763938119926527,-0.054250512031667086
2026.01.05 17:15,97.81234,-0.8309707099117816,-0.7919887053026143,-0.03898200460916723,-0.33217025190489835,-0.40510628046011454,0.07293602855521619,0.0,0.0,-0.8309707099117958,-0.7919887053026033,-0.03898200460919243
2026.01.05 17:16,97.74918,-0.8267950782291962,-0.803983908705981,-0.022811169523215158,-0.2932811290519055,-0.38274125017847277,0.08946012112656726,0.0,0.0,-0.8267950782291962,-0.8039839087059717,-0.022811169523224484
2026.01.05 17:17,97.70012,-0.8180150240251152,-0.8121329519823078,-0.005882072042807329,-0.2504542641223111,-0.35628385296724047,0.10582958884492938,0.0,0.0,-0.8180150240251152,-0.8121329519823001,-0.005882072042815101
2026.01.05 17:18,97.66563,-0.8045652946740631,-0.816223631259785,0.011658336585721907,-0.2039701992897136,-0.3258211222317351,0.12185092294202149,1.0,0.0,-0.8045652946740631,-0.8162236312597789,0.0116583365857158
2026.01.05 17:19,97.64603,-0.7864224549297916,-0.8160798327432937,0.029657377813502084,-0.15415112862309854,-0.2914871235100078,0.13733599488690923,0.0,0.0,-0.7864224549297916,-0.8160798327432891,0.029657377813497532
2026.01.05 17:20,97.64158,-0.7636008858432035,-0.8115622843713164,0.047961398528112875,-0.10134969540280281,-0.2534596378885668,0.15210994248576398,0.0,0.0,-0.7636008858432035,-0.8115622843713134,0.04796139852810988
2026.01.05 17:21,97.65243,-0.736153207660351,-0.8025693453216147,0.06641613766126375,-0.04594688700024108,-0.21195708771090166,0.16601020071066058,0.0,0.0,-0.736153207660351,-0.8025693453216134,0.06641613766126242
2026.01.05 17:22,97.67861,-0.7041709730992949,-0.7890375502663477,0.08486657716705281,0.011649371561347266,-0.1672357958564519,0.17888516741779917,0.0,0.0,-0.7041709730992949,-0.7890375502663479,0.08486657716705304
2026.01.05 17:23,97.72005,-0.6677831713993214,-0.7709418666413463,0.10315869524202492,0.07100936377500489,-0.11958676393016054,0.19059612770516543,0.0,0.0,-0.6677831713993214,-0.7709418666413481,0.1031586952420267
2026.01.05 17:24,97.77659,-0.6271538319318495,-0.7482955468657984,0.12114171493394887,0.13168776439448493,-0.06933185826523146,0.2010196226597164,0.0,0.0,-0.6271538319318495,-0.7482955468657985,0.12114171493394899
2026.01.05 17:25,97.84796,-0.5824813428113771,-0.7211495762638185,0.1386682334524414,0.19322611379219268,-0.01682026385374663,0.2100463776459393,0.0,0.0,-0.5824813428113771,-0.7211495762638186,0.1386682334524415
2026.01.05 17:26,97.93377,-0.5339983232120176,-0.6895921650623632,0.15559384185034564,0.2551540648000099,0.037574601877004676,0.21757946292300523,0.0,0.0,-0.5339983232120176,-0.6895921650623633,0.15559384185034575
2026.01.05 17:27,98.03357,-0.48196634690810924,-0.6537478375328127,0.1717814906247035,0.3169996452824648,0.0934596105580967,0.22354003472436812,0.0,0.0,-0.48196634690810924,-0.6537478375328128,0.1717814906247036
2026.01.05 17:28,98.14679,-0.42667626465394903,-0.6137760386132747,0.18709977395932564,0.3782884778935198,0.15042538402518135,0.22786309386833847,0.0,0.0,-0.42667626465394903,-0.6137760386132748,0.18709977395932575
2026.01.05 17:29,98.27277,-0.3684457299573438,-0.5698699101815125,0.20142418022416864,0.4385480858649231,0.20804992439312972,0.2304981614717934,0.0,0.0,-0.3684457299573438,-0.5698699101815126,0.20142418022416875
2026.01.05 17:30,98.41075,-0.30761775285935755,-0.5222548596480687,0.21463710678871117,0.49730993065264784,0.26590192564503334,0.2314080050076145,0.0,0.0,-0.30761775285935755,-0.522254859648069,0.2146371067887114
2026.01.05 17:31,98.55993,-0.24455449156765496,-0.47118636170010875,0.22663187013245378,0.5541196990673427,0.32354548032949526,0.23057421873784745,0.0,0.0,-0.24455449156765496,-0.4711863617001089,0.22663187013245395
2026.01.05 17:32,98.7194,-0.17963775418451178,-0.41694798200957434,0.23731022782506256,0.6085345835677884,0.38054330097715394,0.2279912825906345,0.0,0.0,-0.17963775418451178,-0.4169479820095745,0.23731022782506273
2026.01.05 17:33,98.88818,-0.1132659769847777,-0.3598493314598997,0.24658335447512203,0.6601271612340724,0.4364600730285376,0.22366708820553483,0.0,0.0,-0.11326597698476348,-0.3598493314598983,0.2465833544751348
2026.01.05 17:34,99.06524,-0.04585007203360192,-0.30022363470681357,0.25437356267321165,0.7084908809863748,0.49086623462010504,0.21762464636626977,0.0,0.0,-0.04585007203358771,-0.30022363470681057,0.25437356267322286
2026.01.05 17:35,99.2495,0.022189968278965466,-0.2384249356522599,0.26061490393122533,0.7532436352860827,0.5433417147533006,0.20990192053278212,0.0,0.0,0.022189968278965466,-0.2384249356522569,0.26061490393122233
2026.01.05 17:36,99.43981,0.09042623954061924,-0.17482575938017894,0.2652519989207982,0.7940270297137886,0.5934787777453983,0.20054825196839032,0.0,0.0,0.09042623954061924,-0.17482575938017597,0.2652519989207952
2026.01.05 17:37,99.63499,0.15842712170241668,-0.10981427200724941,0.2682413937096661,0.8305111461225891,0.6408852514208365,0.18962589470175262,0.0,0.0,0.15842712170241668,-0.10981427200724643,0.2682413937096631
2026.01.05 17:38,99.83383,0.225760609188697,-0.0437913454354671,0.2695519546241641,0.8623972756251703,0.6851876562617033,0.17720961936346702,0.0,0.0,0.225760609188697,-0.04379134543546412,0.26955195462416115
2026.01.05 17:39,100.0351,0.2919977220717982,0.022832596223550203,0.269165125848248,0.8894205309144638,0.7260342311922554,0.16338629972220842,0.0,0.0,0.2919977220717982,0.022832596223553183,0.26916512584824503
2026.01.05 17:40,100.23755,0.35671514416456773,0.08964033352713051,0.2670748106374372,0.9113508372874293,0.7630975524112902,0.1482532848761391,0.0,0.0,0.35671514416458194,0.08964033352713506,0.26707481063744687
2026.01.05 17:41,100.43991,0.419497225357901,0.1562108868096208,0.2632863385482802,0.9279927269017776,0.7960765873093878,0.1319161395923898,0.0,0.0,0.4194972253579152,0.15621088680962694,0.2632863385482883
2026.01.05 17:42,100.64093,0.47994065392410334,0.22212273468838536,0.25781791923571795,0.9391899253296287,0.824699254913436,0.11449067041619276,0.0,0.0,0.47994065392411756,0.2221227346883915,0.25781791923572606
2026.01.05 17:43,100.83936,0.5376563811036164,0.2869567850369652,0.25069959606665115,0.9448245876105261,0.848724321452854,0.09610026615767209,0.0,0.0,0.5376563811036306,0.2869567850369713,0.25069959606665926
2026.01.05 17:44,101.03398,0.5922733595935057,0.35029938407191413,0.24197397552159156,0.9448198709403783,0.8679434313503589,0.07687643959001944,0.0,0.0,0.5922733595935199,0.3502993840719218,0.2419739755215981
2026.01.05 17:45,101.22358,0.6434396719762532,0.4117453210092068,0.23169435096704638,0.9391376246856282,0.8821822700174128,0.05695535466821544,0.0,0.0,0.6434396719762674,0.41174532100921607,0.23169435096705132
2026.01.05 17:46,101.40699,0.6908255899743949,0.47090070637275994,0.21992488360163498,0.9277797926785922,0.8913017745496488,0.03647801812894347,0.0,0.0,0.6908255899744091,0.47090070637277076,0.21992488360163837
2026.01.05 17:47,101.5831,0.7341273138763711,0.5273858957825015,0.2067414180938696,0.910790887822202,0.8951995972041594,0.015591290618042541,0.0,0.0,0.7341273138763853,0.5273858957825139,0.20674141809387137
2026.01.05 17:48,101.75083,0.7730672136414398,0.5808380615124616,0.19222915212897818,0.8882540135230244,0.8938104804679324,-0.005556466944908078,0.0,-1.0,0.773067213641454,0.5808380615124756,0.1922291521289784
2026.01.05 17:49,101.90918,0.8073977081737098,0.6309139019579219,0.17648380621578796,0.8602938033860283,0.8871071450515517,-0.026813341665523405,0.0,0.0,0.807397708173724,0.630913901957936,0.17648380621578807
2026.01.05 17:50,102.05719,0.8369007713180991,0.6772920737312772,0.15960869758682195,0.8270712970664675,0.875099975454535,-0.04802867838806746,0.0,0.0,0.8369007713180991,0.6772920737312896,0.1596086975868095
2026.01.05 17:51,102.19399,0.861391196615628,0.7196754673636688,0.1417157292519592,0.7887860702274736,0.8578371944091228,-0.06905112418164916,0.0,0.0,0.861391196615628,0.7196754673636797,0.1417157292519483
2026.01.05 17:52,102.31879,0.8807179834257681,0.7577934231772413,0.12292456024852683,0.7456748047592043,0.8354047164791392,-0.08972991171993483,0.0,0.0,0.8807179834257681,0.7577934231772505,0.12292456024851761
2026.01.05 17:53,102.43086,0.8947634376681748,0.7914034318522045,0.10336000581597027,0.69800598017342,0.8079249692179954,-0.10991898904457542,0.0,0.0,0.8947634376681748,0.7914034318522122,0.10336000581596261
2026.01.05 17:54,102.5296,0.9034476717593094,0.8202932096058775,0.08315446215343192,0.6460847354143624,0.7755569224572688,-0.12947218704290642,0.0,0.0,0.9034476717593094,0.8202932096058836,0.08315446215342581
2026.01.05 17:55,102.61445,0.9067245198733502,0.8442819795946503,0.06244254027869989,0.5902419705323467,0.7384939320722845,-0.1482519615399378,0.0,0.0,0.9067245198733502,0.8442819795946548,0.062442540278695446
2026.01.05 17:56,102.68499,0.9045859305624191,0.8632218258931001,0.041364104669318946,0.5308396991967186,0.6969630854971713,-0.16612338630045276,0.0,0.0,0.9045859305624191,0.863221825893103,0.04136410466931606
2026.01.05 17:57,102.74088,0.8970601875916202,0.8769988229986757,0.020061364592944497,0.46826485184369915,0.6512234387664769,-0.18295858692277778,0.0,0.0,0.8970601875916202,0.876998822998677,0.020061364592943165
2026.01.05 17:58,102.78188,0.8842116973712848,0.8855337106872951,-0.0013220133160103398,0.40292654781930537,0.6015640605770427,-0.19863751275773733,-1.0,0.0,0.8842116973712848,0.8855337106872949,-0.0013220133160101177
2026.01.05 17:59,102.80787,0.8661420062029777,0.8887827367856149,-0.02264073058263727,0.3352558410287543,0.5483024166673851,-0.21304657563863083,0.0,0.0,0.8661420062029777,0.8887827367856147,-0.022640730582637048
2026.01.05 18:00,102.81881,0.8429869831371803,0.8867378241768985,-0.04375084103971816,0.2656986845162379,0.4917816702371557,-0.22608298572091778,0.0,0.0,0.8429869831371661,0.8867378241768967,-0.04375084103973059
2026.01.05 18:01,102.81478,0.8149174125512815,0.8794266496352888,-0.06450923708400735,0.1947157130141477,0.43236847879255413,-0.23765276577840644,0.0,0.0,0.8149174125512673,0.8794266496352855,-0.06450923708401823
2026.01.05 18:02,102.79596,0.7821374650831103,0.8669126526813927,-0.0847751875982824,0.122778267093679,0.3704504364527791,-0.24767216935910008,0.0,0.0,0.7821374650831103,0.8669126526813895,-0.08477518759827918
2026.01.05 18:03,102.76264,0.7448839168948638,0.8492944576964543,-0.10441054080159051,0.05036616862612675,0.3064335828874486,-0.25606741426132185,0.0,0.0,0.7448839168948638,0.8492944576964511,-0.10441054080158729
2026.01.05 18:04,102.71519,0.7034227732499829,0.8267053747383024,-0.12328260148831949,-0.022038878657809846,0.2407390905783969,-0.2627779692362068,0.0,0.0,0.7034227732499829,0.8267053747382991,-0.12328260148831616
2026.01.05 18:05,102.6541,0.6580494809555688,0.7993124358930969,-0.14126295493752805,-0.09395281395950406,0.17380070967081673,-0.2677535236303208,0.0,0.0,0.6580494809555546,0.799312435893092,-0.14126295493753738
2026.01.05 18:06,102.57994,0.6090855684063285,0.76731525598362,-0.1582296875772915,-0.16489516095616352,0.10606153554542067,-0.27095669650158416,0.0,0.0,0.6090855684063143,0.7673152559836135,-0.15822968757729916
2026.01.05 18:07,102.49338,0.55687731135599,0.7309447686485873,-0.17406745729259732,-0.23439074147890437,0.037971080140555655,-0.27236182161946004,0.0,0.0,0.5568773113559757,0.7309447686485792,-0.17406745729260342
2026.01.05 18:08,102.39517,0.5017928101187721,0.690461524639231,-0.18866871452045897,-0.301974046520769,-0.030017945191709274,-0.27195610132905973,0.0,0.0,0.5017928101187579,0.6904615246392214,-0.18866871452046352
2026.01.05 18:09,102.28613,0.4442186531936585,0.6461539324232842,-0.20193527922962573,-0.3671938830659798,-0.09745313276656338,-0.2697407502994164,0.0,0.0,0.4442186531936727,0.6461539324232777,-0.20193527922960497
2026.01.05 18:10,102.16719,0.3845602834866071,0.5983364736383204,-0.21377619015171334,-0.4296109747088792,-0.16388470115502657,-0.26572627355385264,0.0,0.0,0.3845602834866071,0.5983364736383154,-0.21377619015170835
2026.01.05 18:11,102.03931,0.32323568860516616,0.5473473873629933,-0.2241116987578271,-0.4888077011485876,-0.2288693011537388,-0.2599383999948488,0.0,0.0,0.32323568860516616,0.5473473873629884,-0.22411169875782222
2026.01.05 18:12,101.90353,0.2606743030016929,0.49354631915264097,-0.23287201615094805,-0.544387540541436,-0.29197294903127824,-0.25241459151015777,0.0,0.0,0.2606743030016929,0.493546319152636,-0.2328720161509431
2026.01.05 18:13,101.76095,0.19731442193912585,0.43731205789587907,-0.23999763595675322,-0.5959772545296858,-0.35277381013095976,-0.243203444398726,0.0,0.0,0.19731442193912585,0.43731205789587413,-0.23999763595674828
2026.01.05 18:14,101.6127,0.1335986812554779,0.37903974681809116,-0.24544106556261325,-0.6432322928472729,-0.4108655066742224,-0.2323667861730505,0.0,0.0,0.1335986812554637,0.3790397468180863,-0.24544106556262257
2026.01.05 18:15,101.45997,0.06997285956593657,0.31913833472471426,-0.24916547515877768,-0.6858357403710045,-0.4658595534135789,-0.2199761869574256,0.0,0.0,0.06997285956592236,0.31913833472470937,-0.249165475158787
2026.01.05 18:16,101.30395,0.006880117677368958,0.25802753542708967,-0.2511474177497207,-0.7235055085561015,-0.5173887444420835,-0.20611676411401803,0.0,0.0,0.006880117677368958,0.2580275354270864,-0.25114741774971744
2026.01.05 18:17,101.1459,-0.05523790081284119,0.19613523421246598,-0.25137313502530717,-0.7559885959603463,-0.5651087147457361,-0.1908798812146102,0.0,0.0,-0.05523790081284119,0.1961352342124643,-0.25137313502530545
2026.01.05 18:18,100.98705,-0.11594816714206502,0.13389447639738558,-0.2498426435394506,-0.7830705621697263,-0.6087010842305342,-0.1743694779391921,0.0,0.0,-0.11594816714206502,0.1338944763973823,-0.24984264353944732
2026.01.05 18:19,100.82866,-0.17482694370038132,0.07174034004327576,-0.24656728374365708,-0.8045725878024825,-0.6478753849449239,-0.15669720285755862,0.0,0.0,-0.17482694370038132,0.0717403400432725,-0.24656728374365383
2026.01.05 18:20,100.67198,-0.23146339891044931,0.010107108097096258,-0.24157050700754557,-0.8203541112537067,-0.6823711302066805,-0.13798298104702622,0.0,0.0,-0.23146339891044931,0.010107108097092995,-0.24157050700754232
2026.01.05 18:21,100.51824,-0.28546309004185844,-0.050574824463298335,-0.2348882655785601,-0.8303149660180509,-0.7119598973689546,-0.11835506864909628,0.0,0.0,-0.28546309004187265,-0.05057482446330318,-0.23488826557856946
2026.01.05 18:22,100.36867,-0.3364489097027388,-0.10988186131239441,-0.22656704839034436,-0.8343928147443194,-0.7364464808440276,-0.09794633390029173,0.0,0.0,-0.3364489097027672,-0.1098818613124024,-0.2265670483903648
2026.01.05 18:23,100.22446,-0.38406482072250014,-0.16740002819883643,-0.21666479252366372,-0.8325658431817686,-0.7556703533115758,-0.07689548987019279,0.0,0.0,-0.38406482072252857,-0.167400028198846,-0.21666479252368256
2026.01.05 18:24,100.08676,-0.4279785422254747,-0.22272796173121545,-0.20525058049425926,-0.824853316576494,-0.7695069459645596,-0.05534637061193437,0.0,0.0,-0.42797854222550313,-0.2227279617312266,-0.20525058049427652
2026.01.05 18:25,99.95668,-0.46788338337765367,-0.2754794618484402,-0.19240392152921348,-0.8113145880501378,-0.7778684743816753,-0.03344611366846251,0.0,0.0,-0.46788338337765367,-0.27547946184845135,-0.19240392152920233
2026.01.05 18:26,99.83527,-0.5035009838999969,-0.32528647108034636,-0.1782145128196505,-0.7920498478628559,-0.7807047490779115,-0.011345098784944385,0.0,0.0,-0.5035009838999969,-0.3252864710803575,-0.17821451281963935
2026.01.05 18:27,99.72353,-0.5345823406180585,-0.37180137924434564,-0.1627809613737129,-0.7671977699380506,-0.7780033532499394,0.010805583311888856,0.0,1.0,-0.5345823406180585,-0.3718013792443568,-0.16278096137370174
2026.01.05 18:28,99.6224,-0.5609090749057941,-0.41469939382272486,-0.14620968108306925,-0.7369338668695633,-0.7697894559738643,0.032855589104300975,0.0,0.0,-0.5609090749057941,-0.414699393822736,-0.1462096810830581
2026.01.05 18:29,99.53273,-0.582296469861646,-0.4536808461506356,-0.12861562371101037,-0.701472177390869,-0.7561260002572653,0.05465382286639631,0.0,0.0,-0.582296469861646,-0.45368084615064674,-0.12861562371099922
2026.01.05 18:30,99.4553,-0.5985938708115413,-0.4884731551250448,-0.11012071568649645,-0.6610621000373413,-0.7371132202132805,0.07605112017593918,0.0,0.0,-0.5985938708115413,-0.48847315512505435,-0.1101207156864869
2026.01.05 18:31,99.3908,-0.6096862063613315,-0.5188328547537773,-0.09085335160755426,-0.6159875772941916,-0.7128880916294629,0.09690051433527125,0.0,0.0,-0.6096862063613315,-0.5188328547537837,-0.09085335160754782
2026.01.05 18:32,99.33983,-0.6154947745970816,-0.5445472940731753,-0.07094748052390631,-0.56656507252697,-0.6836234878089643,0.11705841528199434,0.0,0.0,-0.6154947745970816,-0.5445472940731785,-0.0709474805239031
2026.01.05 18:33,99.30292,-0.6159758491453431,-0.5654358837309384,-0.05053996541440464,-0.5131379122371271,-0.6495263726945969,0.13638846045746977,0.0,0.0,-0.6159758491453431,-0.5654358837309386,-0.05053996541440453
2026.01.05 18:34,99.28047,-0.6111239747983177,-0.5813515049999011,-0.029772469798416634,-0.45607957157034207,-0.610837012469746,0.1547574408994039,0.0,0.0,-0.6111239747983177,-0.5813515049999012,-0.029772469798416523
2026.01.05 18:35,99.27281,-0.6009693270928267,-0.5921813209102155,-0.008788006182611219,-0.3957860617367004,-0.5678268223231369,0.17204076058643647,0.0,0.0,-0.6009693270928267,-0.5921813209102156,-0.008788006182611108
2026.01.05 18:36,99.28014,-0.5855800238809081,-0.5978477301616432,0.012267706280735036,-0.3326779426170816,-0.5207970463819258,0.1881191037648442,1.0,0.0,-0.5855800238809081,-0.5978477301616434,0.012267706280735258
2026.01.05 18:37,99.30257,-0.5650603131151115,-0.5983089788515673,0.033248665736455796,-0.26719478632607263,-0.4700765943707552,0.2028818080446826,0.0,0.0,-0.5650603131150973,-0.5983089788515659,0.03324866573646856
2026.01.05 18:38,99.34011,-0.539549539003815,-0.5935593198673639,0.054009780863548906,-0.1997916304817693,-0.41601960159295803,0.21622797111118874,0.0,0.0,-0.539549539003815,-0.5935593198673624,0.05400978086354746
2026.01.05 18:39,99.39266,-0.5092217297826807,-0.5836290819752683,0.07440735219258765,-0.13093691266567475,-0.3590030638075014,0.22806615114182666,0.0,0.0,-0.5092217297826807,-0.5836290819752669,0.0744073521925862
2026.01.05 18:40,99.46003,-0.47428328404211584,-0.5685843128286888,0.09430102878657298,-0.06110724534630663,-0.29942390011526243,0.2383166547689558,0.0,0.0,-0.47428328404211584,-0.5685843128286874,0.09430102878657154
2026.01.05 18:41,99.5419,-0.4349739800112644,-0.5485264467635981,0.11355246675233366,0.009211357058518388,-0.23769684868050628,0.24690820573902467,0.0,0.0,-0.4349739800112644,-0.5485264467635965,0.1135524667523321
2026.01.05 18:42,99.63787,-0.3915633973089001,-0.5235917298928822,0.13202833258398206,0.07953054639467894,-0.17425136966546925,0.2537819160601482,0.0,0.0,-0.3915633973089001,-0.5235917298928806,0.1320283325839805
2026.01.05 18:43,99.74744,-0.3443493692964097,-0.49395010705933684,0.14960073776292715,0.14936234075176458,-0.1095286275820225,0.2588909683337871,0.0,0.0,-0.3443493692964097,-0.4939501070593353,0.1496007377629256
2026.01.05 18:44,99.87002,-0.2936556508331165,-0.4598041430304802,0.16614849219736366,0.21822294349389892,-0.043978313366838225,0.26220125686073714,0.0,0.0,-0.2936556508331165,-0.4598041430304786,0.1661484921973621
2026.01.05 18:45,100.00492,-0.2398305933381124,-0.4213875396368362,0.18155694629872376,0.28563438106424144,0.021944225519377705,0.26369015554486375,0.0,0.0,-0.2398305933381124,-0.4213875396368347,0.18155694629872227
2026.01.05 18:46,100.15137,-0.18324423098918885,-0.37896353051173365,0.1957192995225448,0.35112880717923645,0.08778114185134946,0.263347665327887,0.0,0.0,-0.18324423098918885,-0.3789635305117337,0.19571929952254485
2026.01.05 18:47,100.30852,-0.12428575073302284,-0.33282310959275674,0.2085373588597339,0.41425167720868217,0.153075248922816,0.2611764282858662,0.0,0.0,-0.12428575073302284,-0.3328231095927568,0.20853735885973396
2026.01.05 18:48,100.47544,-0.06336129183451078,-0.28328306093184896,0.21992176909733818,0.4745640186424396,0.21737300286674072,0.25719101577569886,0.0,0.0,-0.06336129183451078,-0.2832830609318491,0.2199217690973383
2026.01.05 18:49,100.65114,-0.0008904332464112485,-0.2306838552878818,0.22979342204147055,0.5316468091476452,0.2802277641229216,0.25141904502472356,0.0,0.0,-0.0008904332464112485,-0.23068385528788188,0.22979342204147063
2026.01.05 18:50,100.83458,0.06269750933113016,-0.17538702313872684,0.238084532469857,0.5851052371023968,0.3412032587188166,0.2439019783835802,0.0,0.0,0.06269750933113016,-0.17538702313872692,0.23808453246985709
2026.01.05 18:51,101.02463,0.12696330469154304,-0.1177729451386776,0.24473624983022063,0.634565644611456,0.3998757358973445,0.23468990871411155,0.0,0.0,0.12696330469154304,-0.11777294513867768,0.24473624983022074
2026.01.05 18:52,101.22016,0.19146495855291334,-0.05823801982208615,0.2497029783749995,0.6796858461501927,0.45583775794791415,0.22384808820227853,0.0,0.0,0.19146495855292756,-0.05823801982208465,0.2497029783750122
2026.01.05 18:53,101.41997,0.25575776475709233,0.002807915243492609,0.2529498495135997,0.7201517375285107,0.5087005538640335,0.21145118366447724,0.0,0.0,0.25575776475710654,0.002807915243495687,0.2529498495136109
2026.01.05 18:54,101.62283,0.31939756717054024,0.06494437752223178,0.25445318964830843,0.7556800192031403,0.5580964469318549,0.19758357227128542,0.0,0.0,0.31939756717055445,0.06494437752223645,0.254453189648318
2026.01.05 18:55,101.82751,0.38194570219908996,0.1277432589875961,0.2542024432114939,0.7860236261663118,0.6036818827787463,0.18234174338756548,0.0,0.0,0.3819457021991042,0.12774325898760233,0.25420244321150187
2026.01.05 18:56,102.03276,0.4429712130938128,0.19077181052391118,0.25219940256990164,0.8109717484484094,0.645139855912679,0.16583189253573039,0.0,0.0,0.44297121309382703,0.190771810523919,0.252199402569908
2026.01.05 18:57,102.2373,0.5020516992581321,0.25359547620087153,0.24845622305726056,0.8303474693483821,0.6821813785998196,0.14816609074856246,0.0,0.0,0.5020516992581463,0.2535954762008809,0.2484562230572654
2026.01.05 18:58,102.43989,0.5587794681987504,0.3157810208058895,0.24299844739286086,0.8440150997210054,0.7145481228240569,0.12946697689694853,0.0,0.0,0.5587794681987646,0.3157810208059004,0.24299844739286414
2026.01.05 18:59,102.63928,0.6127621992126109,0.37689931968160956,0.23586287953100132,0.8518769906807506,0.7420138963953956,0.10986309428535501,0.0,0.0,0.6127621992126251,0.3768993196816221,0.235862879531003
2026.01.05 19:00,102.83425,0.6636264790757735,0.4365285612798574,0.22709791779591615,0.8538758284826571,0.7643862828128479,0.08948954566980916,0.0,0.0,0.6636264790757878,0.4365285612798715,0.22709791779591626
2026.01.05 19:01,103.02361,0.7110203566998905,0.49425693885174377,0.21676341784814673,0.8499949596480576,0.7815080181798899,0.0684869414681677,0.0,0.0,0.7110203566999047,0.49425693885175787,0.21676341784814684
2026.01.05 19:02,103.2062,0.7546151000612298,0.5496855316633146,0.2049295683979152,0.8402572927232086,0.7932578730885538,0.046999419634654815,0.0,0.0,0.754615100061244,0.5496855316633287,0.20492956839791532
2026.01.05 19:03,103.38092,0.7941087012695647,0.6024312132298728,0.19167748803969187,0.8247274452235729,0.7995517875155577,0.02517565770801522,0.0,0.0,0.7941087012695789,0.6024312132298869,0.19167748803969198
2026.01.05 19:04,103.54672,0.829227520435424,0.6521291930339099,0.1770983274015141,0.803510371187329,0.8003435042499121,0.003166866937416968,0.0,0.0,0.8292275204354382,0.652129193033924,0.1770983274015142
2026.01.05 19:05,103.70259,0.8597264525974282,0.6984353307565339,0.16129112184089434,0.7767475461697586,0.7956243126338814,-0.01887676646412284,0.0,-1.0,0.8597264525974424,0.698435330756548,0.16129112184089445
2026.01.05 19:06,103.84762,0.8853935196463283,0.7410288663552224,0.14436465329110593,0.7446214377674494,0.785423737660595,-0.040802299893145655,0.0,0.0,0.8853935196463283,0.7410288663552349,0.14436465329109338
2026.01.05 19:07,103.98095,0.9060491018681489,0.7796143812073778,0.1264347206607711,0.707349983930925,0.769808986914661,-0.06245900298373608,0.0,0.0,0.9060491018681489,0.7796143812073887,0.12643472066076022
2026.01.05 19:08,104.1018,0.9215473602827728,0.8139238435485069,0.10762351673426596,0.6651855872674588,0.7488843069852207,-0.08369871971776188,0.0,0.0,0.9215473602827728,0.8139238435485162,0.10762351673425663
2026.01.05 19:09,104.2095,0.9317793592083632,0.8437186080076835,0.08806075120067969,0.6184172390399993,0.7227908933961764,-0.10437365435617707,0.0,0.0,0.9317793592083774,0.8437186080076928,0.08806075120068457
2026.01.05 19:10,104.30344,0.9366711035607977,0.868790913214451,0.06788019034634674,0.5673633953346666,0.6917053937838745,-0.1243419984492079,0.0,0.0,0.936671103560812,0.8687909132144603,0.06788019034635162
2026.01.05 19:11,104.38312,0.9361855915456516,0.8889654122682756,0.047220179277375984,0.5123727729199459,0.6558388696110888,-0.14346609669114296,0.0,0.0,0.9361855915456658,0.888965412268285,0.04722017927738087
2026.01.05 19:12,104.44814,0.9303232035959326,0.9041003569712054,0.02622284662472718,0.4538221006916672,0.6154355158272045,-0.16161341513553729,0.0,0.0,0.9303232035959468,0.9041003569712147,0.026222846624732066
2026.01.05 19:13,104.49818,0.9191199856456365,0.914088408661229,0.005031576984407482,0.392110387135304,0.5707704900888244,-0.17866010295352042,0.0,0.0,0.9191199856456507,0.9140884086612383,0.005031576984412367
2026.01.05 19:14,104.53304,0.9026490885546963,0.9188575904342587,-0.016208501879562465,0.32765941592606396,0.5221482752562723,-0.19448885933020832,-1.0,0.0,0.9026490885547105,0.9188575904342682,-0.01620850187955769
2026.01.05 19:15,104.55263,0.881020675294792,0.9183717188396436,-0.037351043544851636,0.26091145468991783,0.46990091114300137,-0.20898945645308353,0.0,0.0,0.8810206752948062,0.9183717188396545,-0.037351043544848306
2026.01.05 19:16,104.55694,0.8543790332786898,0.9126306001074815,-0.058251566828791734,0.19232225469059472,0.41438517985252005,-0.22206292516192533,0.0,0.0,0.854379033278704,0.912630600107494,-0.05825156682878996
2026.01.05 19:17,104.54609,0.8229039116617685,0.9016702169273699,-0.07876630526560147,0.12236230723917174,0.3559806053298504,-0.23361829809067863,0.0,0.0,0.8229039116617827,0.901670216927384,-0.07876630526560136
2026.01.05 19:18,104.52028,0.7868071763589057,0.8855621966107635,-0.09875502025185778,0.051509637019307775,0.29508641166774185,-0.24357677464843408,0.0,0.0,0.78680717635892,0.8855621966107776,-0.09875502025185767
2026.01.05 19:19,104.47983,0.7463330142115439,0.8644135200164019,-0.11808050580485807,-0.01975032679159483,0.23211906397587453,-0.2518693907674694,0.0,0.0,0.7463330142115581,0.864413520016416,-0.11808050580485796
2026.01.05 19:20,104.42515,0.7017553314555016,0.8383657133397185,-0.13661038188421692,-0.09092986591988961,0.16750927799672172,-0.2584391439166113,0.0,0.0,0.70175533145553,0.8383657133397343,-0.13661038188420427
2026.01.05 19:21,104.35676,0.6533769722425831,0.8075939098560131,-0.15421693761343003,-0.16154031523961976,0.10169935934945341,-0.26323967458907316,0.0,0.0,0.6533769722426115,0.8075939098560304,-0.15421693761341893
2026.01.05 19:22,104.27525,0.6015255857111725,0.7723056431966282,-0.17078005748545566,-0.23109922451995146,0.035139642575572436,-0.2662388670955239,0.0,0.0,0.601525585711201,0.7723056431966471,-0.1707800574854461
2026.01.05 19:23,104.18132,0.5465532961414397,0.7327394440395997,-0.18618614789816001,-0.2991300070672622,-0.0317142873529945,-0.2674157197142677,0.0,0.0,0.5465532961414681,0.7327394440396202,-0.18618614789815213
2026.01.05 19:24,104.07575,0.4888337724484444,0.6891631215011166,-0.2003293490526722,-0.3651662738648014,-0.09840468465535589,-0.2667615892094455,0.0,0.0,0.4888337724484728,0.6891631215011387,-0.20032934905266586
2026.01.05 19:25,103.95939,0.42875888895736125,0.6418719943543023,-0.21311310539694106,-0.42875643846360845,-0.16447503541700642,-0.264281403046602,0.0,0.0,0.42875888895737546,0.6418719943543244,-0.21311310539694894
2026.01.05 19:26,103.83317,0.36673669945342624,0.5911867485533754,-0.22445004909994914,-0.48946551385436976,-0.2294731311044791,-0.25999238274989067,0.0,0.0,0.36673669945344045,0.5911867485533975,-0.22445004909995703
2026.01.05 19:27,103.69809,0.3031888677970329,0.5374513809353895,-0.23426251313835655,-0.5468777096952522,-0.2929540468226337,-0.25392366287261847,0.0,0.0,0.30318886779706133,0.5374513809354132,-0.2342625131383519
2026.01.05 19:28,103.5552,0.2385469043306614,0.48103070205973586,-0.24248379772907447,-0.6006008916967858,-0.3544834157974641,-0.24611747589932165,0.0,0.0,0.2385469043306898,0.4810307020597612,-0.24248379772907136
2026.01.05 19:29,103.40562,0.1732507004258963,0.4223079652786686,-0.2490572648527723,-0.6502665053887711,-0.41364003371572555,-0.2366264716730455,0.0,0.0,0.17325070042592472,0.4223079652786939,-0.2490572648527692
2026.01.05 19:30,103.2505,0.10774409394294082,0.36168208991204165,-0.2539379959691008,-0.6955348097435348,-0.47001898892128746,-0.2255158208222473,0.0,0.0,0.10774409394296924,0.36168208991206696,-0.2539379959690977
2026.01.05 19:31,103.09102,0.042471349901404665,0.2995649525998452,-0.25709360269844056,-0.7360979370563712,-0.5232347785483042,-0.21286315850806692,0.0,0.0,0.042471349901418876,0.299564952599869,-0.2570936026984501
2026.01.05 19:32,102.92841,-0.0221240062553818,0.23637858566686507,-0.2585025919222469,-0.771678479989319,-0.5729235188365073,-0.19875496115281177,0.0,0.0,-0.02212400625536759,0.23637858566688724,-0.25850259192225483
2026.01.05 19:33,102.76391,-0.08560328522432314,0.17255224592544643,-0.2581555311497696,-0.8020334686476076,-0.6187455087987274,-0.18328795984888024,0.0,0.0,-0.08560328522430893,0.17255224592546703,-0.25815553114977596
2026.01.05 19:34,102.59878,-0.14753499056780583,0.10851959264487232,-0.25605458321267816,-0.8269548512606235,-0.6603873772911066,-0.16656747396951688,0.0,0.0,-0.14753499056779162,0.10851959264489291,-0.25605458321268454
2026.01.05 19:35,102.43425,-0.2075005717848626,0.044715451396173556,-0.25221602318103614,-0.8462759748834969,-0.6975650968095847,-0.14871087807391226,0.0,0.0,-0.20750057178484838,0.044715451396194164,-0.2522160231810425
2026.01.05 19:36,102.2716,-0.2650924024046617,-0.01842691195957029,-0.2466654904450914,-0.8598635933247749,-0.7300247961126227,-0.1298387972121522,0.0,0.0,-0.2650924024046475,-0.018426911959551262,-0.24666549044509622
2026.01.05 19:37,102.11204,-0.31992164403094137,-0.08047897288863726,-0.2394426711423041,-0.8676283287911843,-0.7575455026483351,-0.11008282614284925,0.0,0.0,-0.31992164403092715,-0.08047897288861981,-0.23944267114230733
2026.01.05 19:38,101.9568,-0.3716170140340722,-0.14101983005085597,-0.23059718398321624,-0.8695178620834696,-0.7799399745353621,-0.08957788754810747,0.0,0.0,-0.371617014034058,-0.14101983005084012,-0.23059718398321788
2026.01.05 19:39,101.80706,-0.4198292040475451,-0.1996390853831322,-0.2201901186644129,-0.865520935854704,-0.7970561667992305,-0.0684647690554735,0.0,0.0,-0.4198292040475309,-0.19963908538311792,-0.22019011866441296
2026.01.05 19:40,101.66395,-0.4642340913339069,-0.25593968996483346,-0.20829440136907346,-0.8556687903515154,-0.8087786915096875,-0.04689009884182793,0.0,0.0,-0.4642340913338927,-0.2559396899648192,-0.2082944013690735
2026.01.05 19:41,101.52858,-0.50453257463424,-0.3095406420069288,-0.19499193262731113,-0.8400304810367629,-0.8150290494151027,-0.02500143162166024,0.0,0.0,-0.5045325746342257,-0.30954064200691456,-0.19499193262731118
2026.01.05 19:42,101.40199,-0.5404541490190127,-0.36007962687300543,-0.18037452214600724,-0.8187153712544983,-0.8157663137829818,-0.002949057471516525,0.0,0.0,-0.5404541490189843,-0.36007962687298956,-0.1803745221459947
2026.01.05 19:43,101.28516,-0.5717585830923184,-0.4072155815979513,-0.16454300149436712,-0.7918719963452219,-0.8109874502954298,0.019115453950207972,0.0,1.0,-0.57175858309229,-0.40721558159793386,-0.16454300149435613
2026.01.05 19:44,101.17899,-0.5982384834848915,-0.45063090512017673,-0.14760757836471478,-0.759688643691149,-0.8007276889745738,0.041039045283424835,0.0,0.0,-0.5982384834848489,-0.45063090512015613,-0.14760757836469274
2026.01.05 19:45,101.08434,-0.6197177389664148,-0.49003372029370484,-0.12968401867270996,-0.7223865785600196,-0.7850594668916631,0.06267288833164342,0.0,0.0,-0.6197177389663864,-0.49003372029368264,-0.12968401867270374
2026.01.05 19:46,101.00194,-0.6360571244409385,-0.5251598847837046,-0.11089723965723397,-0.6802267296284299,-0.7640929194390165,0.08386618981058658,0.0,0.0,-0.6360571244409101,-0.5251598847836808,-0.11089723965722931
2026.01.05 19:47,100.93248,-0.6471510916994134,-0.5557747823020758,-0.09137630939733765,-0.6335000066913494,-0.7379743368894831,0.10447433019813368,0.0,0.0,-0.6471510916993992,-0.555774782302052,-0.0913763093973472
2026.01.05 19:48,100.87653,-0.6529312530364138,-0.5816750099675057,-0.0712562430689081,-0.5825305751386054,-0.7068855845393076,0.12435500940070221,0.0,0.0,-0.6529312530363995,-0.5816750099674819,-0.07125624306891765
2026.01.05 19:49,100.83458,-0.6533654962145619,-0.6026896105098006,-0.050675885704761225,-0.5276710154346205,-0.6710426707183702,0.14337165528374973,0.0,0.0,-0.6533654962145476,-0.6026896105097769,-0.05067588570477077
2026.01.05 19:50,100.80702,-0.6484584731066718,-0.6186813770067375,-0.029777096099934286,-0.4693004595901158,-0.6306942284927193,0.16139376890260348,0.0,0.0,-0.6484584731066576,-0.6186813770067138,-0.029777096099943834
2026.01.05 19:51,100.79413,-0.6382523612915776,-0.6295478450370225,-0.00870451625455504,-0.4078234124811644,-0.5861200652904084,0.178296652809244,0.0,0.0,-0.6382523612915776,-0.6295478450370019,-0.00870451625457569
2026.01.05 19:52,100.7961,-0.6228254376610636,-0.6352219399891054,0.012396502328041792,-0.34366481816557837,-0.5376290158654424,0.19396419769986406,1.0,0.0,-0.6228254376610636,-0.6352219399890878,0.01239650232802425
2026.01.05 19:53,100.81302,-0.6022913472079523,-0.6356722581805566,0.033380910972604316,-0.27726690085933114,-0.4855565928642202,0.20828969200488906,0.0,0.0,-0.6022913472079665,-0.6356722581805454,0.03338091097257889
2026.01.05 19:54,100.84486,-0.5767997225257915,-0.630903589687154,0.05410386716136251,-0.20908873656942717,-0.43026302160526164,0.22117428503583447,0.0,0.0,-0.5767997225258057,-0.6309035896871475,0.054103867161341856
2026.01.05 19:55,100.89149,-0.5465346636149775,-0.6209566495953805,0.07442198598040306,-0.13960206080493265,-0.3721308294451958,0.23252876864026317,0.0,0.0,-0.5465346636149917,-0.6209566495953788,0.07442198598038707
2026.01.05 19:56,100.95269,-0.5117123563359627,-0.6059079012216638,0.09419554488570114,-0.06928600153128173,-0.311561863862413,0.2422758623311313,0.0,0.0,-0.5117123563359911,-0.6059079012216668,0.09419554488567572
2026.01.05 19:57,101.02812,-0.47258123403659624,-0.5858690102216841,0.1132877761850879,0.0013731134918799626,-0.24897486839155444,0.25034798188343443,0.0,0.0,-0.47258123403662466,-0.5858690102216918,0.11328777618506713
2026.01.05 19:58,101.11735,-0.4294193435281528,-0.5609861043676387,0.13156676083948593,0.07188691066853892,-0.18480251257953578,0.2566894232480747,0.0,0.0,-0.42941934352818123,-0.5609861043676511,0.13156676083946983
2026.01.05 19:59,101.21986,-0.3825319439157937,-0.5314387122353189,0.1489067683195252,0.14176915955783898,-0.11948817815206084,0.2612573377098998,0.0,0.0,-0.3825319439158221,-0.531438712235336,0.14890676831951388
2026.01.05 20:00,101.33502,-0.3322509106705951,-0.49743855105520973,0.16518764038461464,0.21053632393973487,-0.05348327773370169,0.2640196016734366,0.0,0.0,-0.3322509106706235,-0.49743855105523,0.16518764038460648
2026.01.05 20:01,101.46214,-0.2789299768098772,-0.4592279442939668,0.1802979674840896,0.2777154620758324,0.012756470228205127,0.2649589918476273,0.0,0.0,-0.2789299768099056,-0.4592279442939902,0.1802979674840846
2026.01.05 20:02,101.60041,-0.22294554171320158,-0.4170784103501056,0.19413286863690404,0.34284140551135067,0.07877345728483423,0.26406794822651647,0.0,0.0,-0.2229455417132158,-0.41707841035012905,0.19413286863691326
2026.01.05 20:03,101.74897,-0.16469146245837862,-0.3712886036759486,0.20659714121757,0.40546495769380897,0.14411175736662918,0.2613532003271798,0.0,0.0,-0.16469146245839283,-0.37128860367597205,0.20659714121757922
2026.01.05 20:04,101.90687,-0.1045779648945313,-0.3221823038181213,0.21760433892359,0.46515290331763026,0.2083199865568294,0.2568329167608009,0.0,0.0,-0.10457796489454552,-0.3221823038181447,0.2176043389235992
2026.01.05 20:05,102.07311,-0.04302741307222391,-0.2701061990110392,0.2270787859388153,0.5214936241342798,0.2709547140723195,0.2505389100619603,0.0,0.0,-0.04302741307223812,-0.27010619901106103,0.2270787859388229
2026.01.05 20:06,102.24663,0.019528345911894007,-0.2154273567945403,0.23495570270643432,0.5740993287322453,0.3315836370043047,0.24251569172794063,0.0,0.0,0.019528345911879796,-0.21542735679456054,0.23495570270644034
2026.01.05 20:07,102.42629,0.0826485747921879,-0.15853092142561356,0.24117949621780146,0.6226044181105692,0.3897877932255576,0.2328166248850116,0.0,0.0,0.08264857479217369,-0.15853092142563222,0.2411794962178059
2026.01.05 20:08,102.61095,0.1458905937178656,-0.09981730613298476,0.24570789985085037,0.6666753349031893,0.445165301561084,0.22151003334210528,0.0,0.0,0.1458905937178514,-0.09981730613300183,0.24570789985085323
2026.01.05 20:09,102.79941,0.20881045932952702,-0.03969937613297119,0.24850983546249822,0.7060082317114222,0.4973338875911517,0.20867434412027053,0.0,0.0,0.2088104593295128,-0.039699376132986686,0.2485098354624995
2026.01.05 20:10,102.99043,0.2709651066397498,0.02140007758365403,0.2495650290560958,0.7403295372269696,0.5459330175183154,0.19439651970865424,0.0,0.0,0.2709651066397356,0.021400077583640115,0.24956502905609548
2026.01.05 20:11,103.18278,0.33191800573874275,0.0830515828560923,0.24886642288265046,0.769402722659521,0.5906269585465566,0.17877576411296447,0.0,0.0,0.33191800573872854,0.08305158285607837,0.24886642288265015
2026.01.05 20:12,103.37521,0.3912411260500619,0.14482187046814124,0.24641925558192065,0.7930277979657774,0.6311071264304007,0.1619206715353767,0.0,0.0,0.39124112605003347,0.14482187046812575,0.24641925558190772
2026.01.05 20:13,103.56645,0.44851637841875913,0.2062767975029513,0.24223958091580783,0.8110399783631266,0.6670936968169459,0.14394628154618072,0.0,0.0,0.4485163784187307,0.2062767975029342,0.2422395809157965
2026.01.05 20:14,103.75525,0.5033398225433103,0.26698426812689957,0.23635555441641076,0.823313434598191,0.698337644373195,0.12497579022499594,0.0,0.0,0.5033398225432819,0.26698426812688086,0.23635555441640105
2026.01.05 20:15,103.94039,0.5553255998768662,0.3265172963452298,0.22880830353163645,0.8297641638267521,0.7246229482639065,0.10514121556284561,0.0,0.0,0.555325599876852,0.32651729634521115,0.2288083035316409
2026.01.05 20:16,104.12066,0.6041072134586756,0.38445714508595064,0.21965006837272494,0.8303478675218514,0.7457679321154955,0.08457993540635589,0.0,0.0,0.6041072134586756,0.38445714508593354,0.21965006837274204
2026.01.05 20:17,104.29487,0.6493391077070072,0.4403958688625219,0.2089432388444853,0.825058630480612,0.7616260717885188,0.06343255869209319,0.0,0.0,0.6493391077070072,0.4403958688625064,0.20894323884450078
2026.01.05 20:18,104.4619,0.690701656104352,0.49393933517083577,0.1967623209335162,0.8139338115583854,0.7720876197424922,0.04184619181589322,0.0,0.0,0.690701656104352,0.4939393351708219,0.19676232093353008
2026.01.05 20:19,104.62064,0.7278999871153218,0.5447098774458993,0.1831901096694225,0.7970474862604817,0.7770795930460901,0.01996789321439163,0.0,0.0,0.7278999871153218,0.5447098774458871,0.18319010966943472
2026.01.05 20:20,104.77007,0.7606691639801397,0.5923488950282767,0.16832026895186303,0.7745159094853307,0.7765668563339383,-0.0020509468486076265,0.0,-1.0,0.7606691639801397,0.592348895028266,0.16832026895187369
2026.01.05 20:21,104.90922,0.7887747109371475,0.636519293349064,0.15225541758808347,0.7464941307973021,0.7705523112266112,-0.024058180429309073,0.0,0.0,0.7887747109371475,0.6365192933490564,0.15225541758809102
2026.01.05 20:22,105.03719,0.8120142738130056,0.6769079483928692,0.13510632542013645,0.7131750186036641,0.7590768527020217,-0.045901834098357686,0.0,0.0,0.8120142738130056,0.6769079483928648,0.13510632542014078
2026.01.05 20:23,105.15315,0.8302185549970886,0.7132278075544001,0.11699074744268856,0.6747871194216373,0.742218906045945,-0.06743178662430771,0.0,0.0,0.8302185549970886,0.7132278075543989,0.11699074744268978
2026.01.05 20:24,105.25635,0.8432524669789387,0.7452196816768526,0.09803278530208615,0.6315931531786845,0.7200937554724929,-0.0885006022938084,0.0,0.0,0.8432524669789387,0.7452196816768529,0.09803278530208581
2026.01.05 20:25,105.34615,0.8510180394208078,0.7726542178948673,0.07836382152594046,0.5838917889031876,0.6928533621586318,-0.1089615732554442,0.0,0.0,0.8510180394208078,0.7726542178948677,0.07836382152594012
2026.01.05 20:26,105.42198,0.8534530829075067,0.7953335484727005,0.05811953443480611,0.532011703075014,0.6606850303419083,-0.1286733272668943,0.0,0.0,0.8534530829074924,0.7953335484726993,0.05811953443479312
2026.01.05 20:27,105.48336,0.850531329708673,0.8130924010954029,0.03743892861327003,0.476308925803238,0.6238098094341743,-0.14750088363093627,0.0,0.0,0.8505313297086587,0.8130924010954002,0.03743892861325859
2026.01.05 20:28,105.52992,0.8422637301402744,0.825799483653731,0.016464246486543432,0.4171665265862998,0.5824811528645994,-0.16531462627829963,0.0,0.0,0.842263730140246,0.825799483653725,0.016464246486521006
2026.01.05 20:29,105.56139,0.8286982463742447,0.8333582705864093,-0.004660024212164604,0.35499166325055853,0.5369832549417913,-0.1819915916912328,-1.0,0.0,0.8286982463742305,0.8333582705864018,-0.004660024212171265
2026.01.05 20:30,105.5776,0.8099192691059898,0.8357076659385029,-0.025788396832513105,0.2902122847323909,0.48762906089991126,-0.19741677616752035,0.0,0.0,0.8099192691059756,0.8357076659384938,-0.025788396832518212
2026.01.05 20:31,105.57848,0.7860467453874946,0.832822385002335,-0.046775639614840325,0.22327367935693587,0.4347579845913162,-0.21148430523438033,0.0,0.0,0.7860467453874804,0.8328223850023243,-0.04677563961484388
2026.01.05 20:32,105.56408,0.7572366855466584,0.8247132883967316,-0.06747660285007329,0.15463783784267093,0.3787339552415872,-0.22409611739891627,0.0,0.0,0.7572366855466441,0.8247132883967194,-0.06747660285007528
2026.01.05 20:33,105.53454,0.7236787562064393,0.8114273205331206,-0.08774856432668132,0.0847777042103246,0.3199427050353347,-0.23516500082501007,0.0,0.0,0.7236787562064251,0.8114273205331067,-0.08774856432668166
2026.01.05 20:34,105.4901,0.6855948086469255,0.7930469615582448,-0.10745215291131938,0.014173710447863641,0.2587889061178405,-0.24461519566997686,0.0,0.0,0.6855948086469255,0.793046961558231,-0.1074521529113055
2026.01.05 20:35,105.43112,0.643238954477539,0.7696898361771373,-0.12645088169959828,-0.056686583746156316,0.19569380814504114,-0.25238039189119743,0.0,0.0,0.643238954477539,0.7696898361771249,-0.12645088169958596
2026.01.05 20:36,105.35803,0.5968932686812707,0.7415078293963148,-0.14461456071504408,-0.12731658756520403,0.1310917290029921,-0.25840831656819613,0.0,0.0,0.5968932686812707,0.7415078293963041,-0.14461456071503342
2026.01.05 20:37,105.27138,0.5468680929869834,0.708686091934838,-0.16181799894785465,-0.19722974082414169,0.06542743503756535,-0.262657175861707,0.0,0.0,0.5468680929869691,0.7086860919348289,-0.16181799894785975
2026.01.05 20:38,105.17181,0.49349955826369296,0.6714417932558878,-0.17794223499219486,-0.26594364438234663,-0.0008467808464170529,-0.2650968635359296,0.0,0.0,0.49349955826367875,0.6714417932558787,-0.17794223499219997
2026.01.05 20:39,105.06003,0.4371457540415804,0.6300225138042868,-0.19287675976270635,-0.33298615443737845,-0.06727465556460933,-0.2657114988727691,0.0,0.0,0.4371457540415662,0.6300225138042777,-0.19287675976271146
2026.01.05 20:40,104.93686,0.3781866680664905,0.5847047274352863,-0.20651805936879586,-0.39789414532550893,-0.13339855351678925,-0.2644955918087197,0.0,0.0,0.3781866680664763,0.5847047274352772,-0.20651805936880097
2026.01.05 20:41,104.80318,0.3170199007861214,0.5357917513507823,-0.21877185056466086,-0.46021993699224595,-0.19876283021188063,-0.2614571067803653,0.0,0.0,0.3170199007861072,0.5357917513507731,-0.21877185056466586
2026.01.05 20:42,104.65994,0.25405790475977597,0.4836116567455975,-0.2295537519858215,-0.5195343315351835,-0.2629171304765412,-0.2566172010586423,0.0,0.0,0.25405790475976175,0.48361165674558826,-0.2295537519858265
2026.01.05 20:43,104.50816,0.1897256525481339,0.4285150838457317,-0.23878943129759783,-0.5754285886130077,-0.3254194221038345,-0.2500091665091732,0.0,0.0,0.18972565254811968,0.42851508384572096,-0.23878943129760127
2026.01.05 20:44,104.34891,0.12445707144162554,0.3708726523972969,-0.24641558095567134,-0.6275184036380637,-0.38583921841068036,-0.2416791852273833,0.0,0.0,0.12445707144161133,0.37087265239728456,-0.24641558095567323
2026.01.05 20:45,104.18333,0.058693743549710575,0.3110727051604569,-0.2523789616107463,-0.6754434630611854,-0.44376006734078144,-0.23168339572040397,0.0,0.0,0.058693743549710575,0.31107270516044455,-0.252378961610734
2026.01.05 20:46,104.01259,-0.007119390765026878,0.2495185402991224,-0.2566379310641493,-0.7188723995065942,-0.498782533773944,-0.22008986573265021,0.0,0.0,-0.007119390765026878,0.24951854029911166,-0.25663793106413857
2026.01.05 20:47,103.83788,-0.07253823513396185,0.18662545214382742,-0.25916368727778927,-0.7575070583351504,-0.5505274386861854,-0.20697961964896505,0.0,0.0,-0.07253823513394764,0.18662545214381984,-0.2591636872777675
2026.01.05 20:48,103.66045,-0.13711962903973074,0.12281818735701507,-0.2599378163967458,-0.7910790399619287,-0.5986377589413341,-0.19244128102059466,0.0,0.0,-0.13711962903971653,0.12281818735701064,-0.2599378163967272
2026.01.05 20:49,103.48153,-0.2004277908856693,0.058527691917886204,-0.2589554828035555,-0.8193579254534598,-0.6427817922437593,-0.17657613320970045,0.0,0.0,-0.2004277908856693,0.05852769191788335,-0.2589554828035527
2026.01.05 20:50,103.30239,-0.2620344955696936,-0.005811685454982132,-0.2562228101147115,-0.8421475069535944,-0.6826549351857264,-0.15949257176786802,0.0,0.0,-0.2620344955696936,-0.005811685454983401,-0.2562228101147102
2026.01.05 20:51,103.12429,-0.321523116099101,-0.06976513221707957,-0.2517579838820214,-0.8592893282578729,-0.7179818138001557,-0.14130751445771716,0.0,0.0,-0.3215231160991152,-0.06976513221708085,-0.25175798388203435
2026.01.05 20:52,102.94847,-0.3784924556466791,-0.1329004775720588,-0.2455919780746203,-0.8706654862437944,-0.7485185482888835,-0.12214693795491083,0.0,0.0,-0.3784924556466933,-0.13290047757206006,-0.24559197807463326
2026.01.05 20:53,102.77617,-0.4325579785896707,-0.19479103868664727,-0.23776693990302344,-0.8761965404333267,-0.7740541467177722,-0.10214239371555456,0.0,0.0,-0.4325579785896849,-0.19479103868664854,-0.23776693990303638
2026.01.05 20:54,102.6086,-0.4833549782904214,-0.25501867444666193,-0.22833630384375947,-0.875843121446465,-0.7944119416635108,-0.08143117978295422,0.0,0.0,-0.4833549782904356,-0.25501867444666476,-0.22833630384377085
2026.01.05 20:55,102.44693,-0.5305416307250255,-0.313176701108884,-0.21736492961614146,-0.8696071820497053,-0.8094509897407498,-0.060156192308955525,0.0,0.0,-0.5305416307250397,-0.3131767011088884,-0.21736492961615128
2026.01.05 20:56,102.29231,-0.5737995307153767,-0.36887240061793014,-0.20492713009744656,-0.8575286717723856,-0.819066526147077,-0.038462145625308586,0.0,0.0,-0.5737995307153909,-0.3688724006179377,-0.20492713009745323
2026.01.05 20:57,102.1458,-0.6128394292182122,-0.421730156193317,-0.19110927302489522,-0.8396918252216921,-0.823191585962,-0.016500239259692018,0.0,0.0,-0.6128394292182122,-0.4217301561933261,-0.19110927302488612
2026.01.05 20:58,102.00844,-0.6473998120427211,-0.4713937140996561,-0.17600609794306504,-0.8162180754723067,-0.8217968838640615,0.00557880839175473,0.0,1.0,-0.6473998120427069,-0.4713937140996636,-0.17600609794304334
2026.01.05 20:59,101.8812,-0.67724945884774,-0.517528710019439,-0.159720748828301,-0.787266839792153,-0.8148908750496798,0.02762403525752688,0.0,0.0,-0.6772494588477258,-0.517528710019445,-0.1597207488282808
2026.01.05 21:00,101.76497,-0.7021899005457328,-0.5598250194023981,-0.14236488114333468,-0.7530360472627535,-0.8025199094922946,0.04948386222954104,0.0,0.0,-0.7021899005457186,-0.5598250194024009,-0.1423648811433177
2026.01.05 21:01,101.66056,-0.7220569713855127,-0.5979988544844907,-0.12405811690102198,-0.7137610130570948,-0.7847681302052547,0.07100711714815988,0.0,0.0,-0.7220569713854985,-0.5979988544844903,-0.12405811690100821
2026.01.05 21:02,101.56872,-0.7367200386088655,-0.6317946389310679,-0.10492539967779757,-0.669709333262972,-0.7617563708167983,0.09204703755382626,0.0,0.0,-0.7367200386088513,-0.6317946389310644,-0.10492539967778691
2026.01.05 21:03,101.49008,-0.7460858030874533,-0.6609869527974048,-0.08509885029004849,-0.621184459349621,-0.7336419885233629,0.11245752917374197,0.0,0.0,-0.7460858030874533,-0.6609869527973997,-0.0850988502900536
2026.01.05 21:04,101.4252,-0.7500968629714038,-0.685381978602558,-0.06471488436884576,-0.5685195893240262,-0.7006175086834956,0.13209791935946935,0.0,0.0,-0.7500968629714038,-0.6853819786025512,-0.06471488436885253
2026.01.05 21:05,101.37456,-0.7487309769776687,-0.7048188059650349,-0.04391217101263378,-0.5120734877895075,-0.662908704504698,0.1508352167151905,0.0,0.0,-0.7487309769776687,-0.7048188059650266,-0.04391217101264211
2026.01.05 21:06,101.3385,-0.7420048728289856,-0.7191705219217874,-0.02283435090719821,-0.4522348229545514,-0.6207739281946687,0.16853910524011728,0.0,0.0,-0.7420048728289856,-0.7191705219217792,-0.022834350907206424
2026.01.05 21:07,101.31729,-0.7299712029366816,-0.7283451209100053,-0.0016260820266763565,-0.38941386137999245,-0.5745019148317334,0.18508805345174095,0.0,0.0,-0.7299712029366816,-0.7283451209099986,-0.0016260820266830178
2026.01.05 21:08,101.31108,-0.7127197384576505,-0.7322862630888842,0.01956652463123376,-0.3240426011414712,-0.524410052093681,0.20036745095220976,1.0,0.0,-0.7127197384576505,-0.7322862630888791,0.019566524631228654
2026.01.05 21:09,101.31994,-0.6903746909204358,-0.7309734620194068,0.04059877109897103,-0.2565680111846831,-0.47084164391188144,0.21427363272719835,0.0,0.0,-0.6903746909204358,-0.7309734620194033,0.04059877109896748
2026.01.05 21:10,101.34381,-0.6630962099050208,-0.7244222662993521,0.06132605639433131,-0.18745341480583022,-0.4141639980906712,0.226710583284841,0.0,0.0,-0.6630962099050208,-0.7244222662993501,0.06132605639432931
2026.01.05 21:11,101.38254,-0.6310779560051287,-0.7126842571211591,0.0816063011160304,-0.11717273950478102,-0.35476574637349323,0.2375930068687122,0.0,0.0,-0.6310779560051287,-0.7126842571211588,0.08160630111603007
2026.01.05 21:12,101.43587,-0.594546412852722,-0.6958465470950779,0.10130013424235584,-0.04620847494163627,-0.29305429208712186,0.2468458171454856,0.0,0.0,-0.594546412852722,-0.6958465470950775,0.10130013424235551
2026.01.05 21:13,101.50344,-0.553759176333287,-0.6740312485797315,0.12027207224644454,0.024951978152088827,-0.22945303803927974,0.25440501619136857,0.0,0.0,-0.553759176333287,-0.6740312485797312,0.1202720722464442
2026.01.05 21:14,101.58481,-0.509001664230226,-0.6473946582744601,0.1383929940442341,0.09582237453550135,-0.16439795552432354,0.2602203300598249,0.0,0.0,-0.509001664230226,-0.6473946582744597,0.13839299404423377
2026.01.05 21:15,101.67941,-0.4605882098562546,-0.6161261401663789,0.1555379303101243,0.16591527046489318,-0.09833531032648019,0.26425058079137337,0.0,0.0,-0.4605882098562546,-0.6161261401663786,0.15553793031012397
2026.01.05 21:16,101.78659999999999,-0.4088578030406893,-0.5804468735112687,0.17158907047057936,0.23474945403278014,-0.03171835745462812,0.2664678114874083,0.0,0.0,-0.4088578030406893,-0.5804468735112683,0.17158907047057903
2026.01.05 21:17,101.90565,-0.354172067751648,-0.540608243432824,0.186436175681176,0.30185260578849693,0.03499583519399689,0.2668567705945,0.0,0.0,-0.354172067751648,-0.5406082434328235,0.18643617568117554
2026.01.05 21:18,102.03576,-0.2969118242317421,-0.49689014713408025,0.19997832290233813,0.3667662051334162,0.10134990918188075,0.26541629595153543,0.0,0.0,-0.2969118242317563,-0.4968901471340814,0.1999783229023251
2026.01.05 21:19,102.17603,-0.2374765699157848,-0.44959907602416516,0.21212250610838035,0.429044749999278,0.16688887734536023,0.26215587265391777,0.0,0.0,-0.2374765699157848,-0.4495990760241663,0.21212250610838151
2026.01.05 21:20,102.3255,-0.17628066901392003,-0.3990660441362531,0.22278537512233304,0.48826093611120314,0.23116328909852885,0.2570976470126743,0.0,0.0,-0.17628066901392003,-0.39906604413625424,0.2227853751223342
2026.01.05 21:21,102.48315,-0.11375019772029304,-0.3456442424548721,0.23189404473457903,0.5440091272364214,0.29373245672610737,0.250276670510314,0.0,0.0,-0.11375019772029304,-0.34564424245487324,0.2318940447345802
2026.01.05 21:22,102.6479,-0.05032033904042521,-0.28970659386677633,0.23938625482635112,0.5959075002787841,0.35416746543664274,0.2417400348421414,0.0,0.0,-0.05032033904042521,-0.2897065938667775,0.23938625482635228
2026.01.05 21:23,102.81863,0.013568357521180019,-0.23164325811662012,0.24521161563780014,0.6436020004865384,0.41205437244662185,0.23154762803991652,0.0,0.0,0.013568357521180019,-0.23164325811662126,0.24521161563780128
2026.01.05 21:24,102.99416,0.07747137212048472,-0.17185886011920465,0.24933023223968936,0.6867657370309104,0.4669966453634796,0.21976909166743075,0.0,0.0,0.07747137212048472,-0.1718588601192058,0.2493302322396905
2026.01.05 21:25,103.17329,0.14094454456017047,-0.1107697103857758,0.25171425494594624,0.7251036852629369,0.5186180533433711,0.20648563191956582,0.0,0.0,0.14094454456017047,-0.11076971038577692,0.2517142549459474
2026.01.05 21:26,103.35478,0.2035458671888506,-0.04880105094794262,0.2523469181367932,0.7583523999523152,0.5665649226651599,0.19178747728715528,0.0,0.0,0.2035458671888506,-0.048801050947943736,0.25234691813679433
2026.01.05 21:27,103.53741,0.26484165138866445,0.013616001898769221,0.25122564948989523,0.786287548859093,0.6105094479039466,0.17577810095514645,0.0,0.0,0.26484165138866445,0.013616001898769683,0.2512256494898948
2026.01.05 21:28,103.71991,0.32440568001941017,0.07604736300267978,0.2483583170167304,0.8087182048487023,0.6501511992928978,0.1585670055558045,0.0,0.0,0.32440568001941017,0.07604736300268024,0.24835831701672995
2026.01.05 21:29,103.90103,0.38182404227974587,0.13805899759086487,0.243765044688881,0.8254918890560106,0.6852193372455204,0.14027255181049014,0.0,0.0,0.38182404227974587,0.13805899759086535,0.24376504468888052
2026.01.05 21:30,104.07953,0.4366979837397764,0.1992199066419837,0.23747807709779273,0.836495558417127,0.7154745814798418,0.1210209769372852,0.0,0.0,0.43669798373979063,0.19921990664198574,0.23747807709780488
2026.01.05 21:31,104.25418,0.48864596655046455,0.2591050517076381,0.22954091484282646,0.84165511495803,0.7407106881754795,0.10094442678255056,0.0,0.0,0.48864596655047876,0.25910505170764175,0.229540914842837
2026.01.05 21:32,104.42379,0.537307480529762,0.3172982875974805,0.22000919293228144,0.8409381028160539,0.7607561711035944,0.08018193171245946,0.0,0.0,0.5373074805297762,0.31729828759748574,0.22000919293229043
2026.01.05 21:33,104.58719,0.582344193983289,0.37339526780445875,0.2089489261788302,0.8343514142951705,0.7754752197419097,0.05887619455326076,0.0,0.0,0.5823441939833032,0.3733952678044656,0.2089489261788376
2026.01.05 21:34,104.74326,0.6234429957604704,0.4270062068267143,0.19643678893375605,0.821942631689879,0.7847687021315036,0.037173929558375396,0.0,0.0,0.6234429957604846,0.4270062068267227,0.19643678893376187
2026.01.05 21:35,104.89094,0.6603188889390594,0.47775876479895973,0.1825601241400997,0.8038009759531803,0.788575156895839,0.015225819057341328,0.0,0.0,0.6603188889390736,0.4777587647989697,0.18256012414010392
2026.01.05 21:36,105.0292,0.6927145444044527,0.5253001973562695,0.16741434704818314,0.7800522500837985,0.786870575533431,-0.006818325449632456,0.0,-1.0,0.6927145444044669,0.5253001973562811,0.1674143470481858
2026.01.05 21:37,105.15711,0.7204052198328554,0.5693001462244301,0.1511050736084253,0.7508638768532734,0.7796692357973994,-0.028805358944126058,0.0,0.0,0.7204052198328696,0.5693001462244432,0.1511050736084264
2026.01.05 21:38,105.27378,0.7431974559111438,0.6094527477390299,0.13374470817211392,0.7164383532329452,0.7670230592845086,-0.0505847060515634,0.0,0.0,0.743197455911158,0.6094527477390446,0.13374470817211348
2026.01.05 21:39,105.37841,0.7609316869592391,0.6454787147634147,0.1154529721958244,0.6770143915814799,0.7490213257439029,-0.07200693416242299,0.0,0.0,0.7609316869592533,0.6454787147634293,0.11545297219582396
2026.01.05 21:40,105.47029,0.7734839000372773,0.6771273740397272,0.09635652599755007,0.6328662503780578,0.725790310670734,-0.09292406029267619,0.0,0.0,0.7734839000372773,0.6771273740397403,0.09635652599753697
2026.01.05 21:41,105.5248,0.7788519997418746,0.7039656539521841,0.07488634578969044,0.5809090908079213,0.6968140666981715,-0.11590497589025017,0.0,0.0,0.7788519997418604,0.7039656539521941,0.07488634578966624
2026.01.05 21:42,105.56539,0.7774199183167809,0.7256407344336833,0.05177918388309766,0.5226325531185978,0.6619777639822567,-0.13934521086365892,0.0,0.0,0.7774199183167525,0.7256407344336885,0.05177918388306402
2026.01.05 21:43,105.59163,0.7695316503248648,0.7418728071630605,0.027658843161804336,0.4592837326507464,0.6214389577159547,-0.1621552250652083,0.0,0.0,0.7695316503248222,0.7418728071630594,0.027658843161762814
2026.01.05 21:44,105.60317,0.7555023617235008,0.7524487485835539,0.003053613139946898,0.39191697859446606,0.575534561891657,-0.1836175832971909,0.0,0.0,0.755502361723444,0.7524487485835449,0.0030536131398990474
2026.01.05 21:45,105.59977,0.7356298152497942,0.7572171120108141,-0.021587296761019892,0.3214379459570438,0.5247152387047344,-0.20327729274769057,-1.0,0.0,0.7356298152497516,0.7572171120107988,-0.021587296761047203
2026.01.05 21:46,105.58131,0.7102043179812227,0.7560836784717438,-0.045879360490521104,0.2486395285791474,0.46950009667961695,-0.22086056810046956,0.0,0.0,0.7102043179811801,0.7560836784717222,-0.04587936049054209
2026.01.05 21:47,105.54774,0.6795126113693186,0.7490075846337633,-0.06949497326444465,0.17422260291495206,0.41044459792668403,-0.23622199501173197,0.0,0.0,0.679512611369276,0.7490075846337353,-0.0694949732644593
2026.01.05 21:48,105.49914,0.6438457459455265,0.7359980356322396,-0.09215228968671318,0.0988211880250276,0.3481199159463528,-0.24929872792132518,0.0,0.0,0.6438457459454838,0.7359980356322053,-0.09215228968672151
2026.01.05 21:49,105.43568,0.6035020109730738,0.7171111590695504,-0.1136091480964766,0.02301577202334215,0.28309908716175064,-0.2600833151384085,0.0,0.0,0.6035020109730453,0.7171111590695128,-0.1136091480964675
2026.01.05 21:50,105.35765,0.5587915404280324,0.6926599969235679,-0.13386845649553558,-0.052652065391882275,0.21594885665102406,-0.2686009220429063,0.0,0.0,0.5587915404279897,0.6926599969235272,-0.13386845649553747
2026.01.05 21:51,105.26542,0.5100365958080886,0.6629507388670466,-0.152914143058958,-0.12767446932761572,0.1472241914552961,-0.2748986607829118,0.0,0.0,0.510036595808046,0.6629507388670043,-0.15291414305895834
2026.01.05 21:52,105.15946,0.45757324494279317,0.6282886938245942,-0.170715448881801,-0.20157033229702392,0.0774652867048321,-0.27903561900185603,0.0,0.0,0.45757324494275053,0.6282886938245519,-0.17071544888180135
2026.01.05 21:53,105.04036,0.40175411540511163,0.5889833331225509,-0.18722921771743928,-0.27387727413156426,0.007196774537552832,-0.2810740486691171,0.0,0.0,0.401754115405069,0.5889833331225103,-0.18722921771744128
2026.01.05 21:54,104.90877,0.3429455767028884,0.5453517510617836,-0.20240617435889519,-0.3441544528638474,-0.06307347094272721,-0.2810809819211202,0.0,0.0,0.34294557670284576,0.5453517510617429,-0.20240617435889718
2026.01.05 21:55,104.76544,0.2815285668740444,0.49772111204987485,-0.21619254517583048,-0.41197864137451745,-0.13285450502908525,-0.2791241363454322,0.0,0.0,0.28152856687400174,0.4977211120498342,-0.21619254517583247
2026.01.05 21:56,104.61121,0.21789827635998904,0.44643063038217157,-0.22853235402218253,-0.47694280823716895,-0.201672165670702,-0.27527064256646694,0.0,0.0,0.21789827635997483,0.4464306303821341,-0.22853235402215927
2026.01.05 21:57,104.44698,0.15246134474517703,0.39183236358213275,-0.23937101883695572,-0.5386592935248729,-0.2690695912415362,-0.2695897022833367,0.0,0.0,0.15246134474516282,0.3918323635820984,-0.23937101883693557
2026.01.05 21:58,104.27372,0.085634331716534,0.33429151033140614,-0.24865717861487213,-0.596760393227683,-0.33460775163876555,-0.2621526415889175,0.0,0.0,0.0856343317165198,0.33429151033137333,-0.24865717861485354
2026.01.05 21:59,104.09247,0.017842406047734016,0.27418605095581744,-0.2563436449080834,-0.650898517004336,-0.39786590471187966,-0.2530326122924563,0.0,0.0,0.017842406047719805,0.2741860509557878,-0.256343644908068
2026.01.05 22:00,103.90433,-0.05048257737993822,0.21190614282381445,-0.2623887202037527,-0.7007474359351704,-0.4584422109565378,-0.2423052249786326,0.0,0.0,-0.05048257737993822,0.21190614282378956,-0.2623887202037278
2026.01.05 22:01,103.71044,-0.11890525582177247,0.14785297607219605,-0.2667582318939685,-0.746005635558646,-0.5159548958769594,-0.23005073968168654,0.0,0.0,-0.11890525582177247,0.1478529760721759,-0.26675823189394837
2026.01.05 22:02,103.51199,-0.18698849100189818,0.08243713091586163,-0.2694256219177598,-0.7863967509239984,-0.5700432668863672,-0.21635348403763122,0.0,0.0,-0.18698849100186976,0.08243713091584937,-0.2694256219177191
2026.01.05 22:03,103.31017,-0.2542987351914121,0.01607665181649491,-0.27037538700790703,-0.8216764154784073,-0.6203698966047753,-0.20130651887363205,0.0,0.0,-0.2542987351913837,0.01607665181649054,-0.2703753870078742
2026.01.05 22:04,103.10624,-0.3204046104374356,-0.05080481232922508,-0.26959979810821055,-0.8516263362457579,-0.6666211845329718,-0.1850051517127861,0.0,0.0,-0.3204046104374072,-0.050804812329221564,-0.26959979810818563
2026.01.05 22:05,102.90144,-0.3848829501836093,-0.11778050416740267,-0.26710244601620664,-0.8760622872510169,-0.7085094050765809,-0.16755288217443598,0.0,0.0,-0.3848829501835809,-0.11778050416739443,-0.26710244601618643
2026.01.05 22:06,102.69704,-0.4473194505524418,-0.18442281475602698,-0.26289663579641487,-0.8948316711440754,-0.7457738582900799,-0.14905781285399544,0.0,0.0,-0.4473194505524134,-0.184422814756014,-0.26289663579639944
2026.01.05 22:07,102.49429,-0.5073130682140317,-0.2503058591927565,-0.25700720902127516,-0.907818021197258,-0.7781826908715156,-0.12963533032574237,0.0,0.0,-0.5073130682140032,-0.2503058591927388,-0.25700720902126445
2026.01.05 22:08,102.29443,-0.5644785171715512,-0.31500818399489927,-0.2494703331766519,-0.9149416500221577,-0.805534482701644,-0.1094071673205137,0.0,0.0,-0.5644785171715228,-0.31500818399487684,-0.2494703331766459
2026.01.05 22:09,102.09871,-0.618446449919773,-0.3781152809437698,-0.24033116897600326,-0.9161561473712112,-0.8276588156355575,-0.08849733173565366,0.0,0.0,-0.6184464499197446,-0.37811528094374425,-0.24033116897600038
2026.01.05 22:10,101.90831,-0.6688697995097499,-0.4392224524646562,-0.2296473470450937,-0.9114562118012799,-0.844418294868702,-0.06703791693257788,0.0,0.0,-0.6688697995097357,-0.43922245246462904,-0.22964734704510664
2026.01.05 22:11,101.7244,-0.7154237081684585,-0.497937476594274,-0.21748623157418445,-0.9008732539160462,-0.8557092866781709,-0.0451639672378753,0.0,0.0,-0.7154237081684443,-0.4979374765942484,-0.21748623157419583
2026.01.05 22:12,101.5481,-0.7578084091612425,-0.5538829959242552,-0.20392541323698732,-0.8844767519819214,-0.861462779738921,-0.02301397224300039,0.0,0.0,-0.7578084091612283,-0.5538829959242312,-0.2039254132369971
2026.01.05 22:13,101.38048,-0.7957511987235506,-0.6066992835116013,-0.1890519152119493,-0.8623738588819521,-0.8616449955675274,-0.000728863314424677,0.0,0.0,-0.7957511987235364,-0.6066992835115789,-0.18905191521195752
2026.01.05 22:14,101.22255,-0.8290084703325107,-0.6560465635281459,-0.17296190680436474,-0.8347091798035677,-0.8562578324147355,0.021548652611167785,0.0,1.0,-0.8290084703324965,-0.656046563528125,-0.1729619068043715
2026.01.05 22:15,101.07525,-0.8573677746377371,-0.7016074884265121,-0.15576028621122495,-0.8016646340119848,-0.8453391927341855,0.04367455872220061,0.0,0.0,-0.8573677746377228,-0.7016074884264927,-0.15576028621123017
2026.01.05 22:16,100.93945,-0.8806490782997969,-0.7430892673249304,-0.13755981097486647,-0.7634579242718047,-0.8289629390417094,0.06550501476990467,0.0,0.0,-0.8806490782997969,-0.7430892673249142,-0.13755981097488268
2026.01.05 22:17,100.81595,-0.8987053808464367,-0.7802255855110288,-0.11847979533540787,-0.7203400504661914,-0.8072383613266059,0.08689831086041444,0.0,0.0,-0.8987053808464367,-0.7802255855110158,-0.11847979533542086
2026.01.05 22:18,100.70546,-0.9114244169630723,-0.8127786929602843,-0.09864572400278804,-0.672595032134268,-0.7803096954881383,0.10771466335387037,0.0,0.0,-0.9114244169630723,-0.8127786929602744,-0.09864572400279792
2026.01.05 22:19,100.60859,-0.9187303920748207,-0.84054098102307,-0.0781894110517507,-0.6205397229762468,-0.74835570098576,0.12781597800951316,0.0,0.0,-0.9187303920748207,-0.8405409810230616,-0.07818941105175903
2026.01.05 22:20,100.52587,-0.9205833310703468,-0.8633364946788353,-0.05724683639151151,-0.5645194176582748,-0.7115884443202629,0.14706902666198807,0.0,0.0,-0.9205833310703468,-0.8633364946788286,-0.057246836391518285
2026.01.05 22:21,100.45774,-0.9169789575646092,-0.8810221111680983,-0.03595684639651098,-0.5049048922987822,-0.6702517339159668,0.1653468416171846,0.0,0.0,-0.9169789575646092,-0.8810221111680931,-0.035956846396516084
2026.01.05 22:22,100.40453,-0.9079497879226324,-0.8934886210791073,-0.014461166843525053,-0.4420919232611453,-0.6246197717850025,0.18252784852385717,0.0,0.0,-0.9079497879226324,-0.8934886210791038,-0.014461166843528606
2026.01.05 22:23,100.36646,-0.8935655691099953,-0.9006616320543834,0.007096062944388137,-0.37649968686010027,-0.5749957548000221,0.1984960679399218,1.0,0.0,-0.8935655691099953,-0.9006616320543814,0.007096062944386139
2026.01.05 22:24,100.34366,-0.8739316020162278,-0.9025020573186602,0.028570455302432407,-0.30856558160910197,-0.521709720161838,0.21314413855273606,0.0,0.0,-0.8739316020162278,-0.9025020573186597,0.028570455302431963
2026.01.05 22:25,100.33616,-0.849187820367078,-0.8990063619928025,0.04981854162572452,-0.23874195894627803,-0.46511616791872606,0.22637420897244803,0.0,0.0,-0.849187820367078,-0.8990063619928021,0.04981854162572419
2026.01.05 22:26,100.34387,-0.8195092698400401,-0.8902067941032029,0.07069752426316278,-0.16749568376437196,-0.4055920710878553,0.23809638732348332,0.0,0.0,-0.8195092698400401,-0.8902067941032025,0.07069752426316234
2026.01.05 22:27,100.36661,-0.7851036901411987,-0.8761711577896614,0.09106746764846263,-0.09530258919774326,-0.3435341747098329,0.24823158551208963,0.0,0.0,-0.785103690141213,-0.8761711577896626,0.09106746764844964
2026.01.05 22:28,100.40409,-0.7462108434809522,-0.8570023190570093,0.11079147557605706,-0.02264562865377684,-0.2793564654986217,0.25671083684484486,0.0,0.0,-0.7462108434809664,-0.8570023190570121,0.11079147557604563
2026.01.05 22:29,100.45592,-0.703100825801485,-0.8328375962493579,0.1297367704478729,0.049988593561892,-0.21348745368651897,0.263476047248411,0.0,0.0,-0.7031008258014992,-0.8328375962493624,0.12973677044786314
2026.01.05 22:30,100.52162,-0.6560716002600202,-0.8038478898821814,0.14777628962216116,0.12211430666201295,-0.1463671016168126,0.26848140827882555,0.0,0.0,-0.6560716002600344,-0.8038478898821874,0.14777628962215295
2026.01.05 22:31,100.6006,-0.6054483426390931,-0.7702366181840103,0.16478827554491726,0.19324737238366652,-0.07844420681671678,0.2716915792003833,0.0,0.0,-0.6054483426391073,-0.7702366181840179,0.1647882755449106
2026.01.05 22:32,100.69219,-0.5515802252136979,-0.7322382466399773,0.1806580214262794,0.2629105659192561,-0.010173252269522204,0.2730838181887783,0.0,0.0,-0.5515802252137263,-0.732238246639988,0.18065802142626175
2026.01.05 22:33,100.79564,-0.4948376235247025,-0.6901166934742522,0.1952790699495497,0.33063754490845554,0.05798890716607334,0.2726486377423822,0.0,0.0,-0.49483762352473093,-0.6901166934742662,0.19527906994953526
2026.01.05 22:34,100.91011,-0.4356104840415753,-0.6441636561047519,0.20855317206317658,0.39597435081144283,0.12558599589514724,0.2703883549162956,0.0,0.0,-0.43561048404160374,-0.644163656104769,0.20855317206316526
2026.01.05 22:35,101.03469,-0.3743052267936662,-0.5946965402107104,0.2203913134170442,0.45848337506376424,0.19216547172887066,0.2663179033348936,0.0,0.0,-0.3743052267936946,-0.5946965402107307,0.2203913134170361
2026.01.05 22:36,101.16839,-0.31134292864450686,-0.5420564555999668,0.23071352695546,0.5177446460938597,0.2572813066018685,0.26046333949199124,0.0,0.0,-0.31134292864452107,-0.5420564555999872,0.2307135269554661
2026.01.05 22:37,101.31018,-0.2471545420188619,-0.4866057554375124,0.2394512134186505,0.5733622627548414,0.32049749783246306,0.2528647649223783,0.0,0.0,-0.2471545420188761,-0.48660575543753265,0.23945121341865655
2026.01.05 22:38,101.45896,-0.1821794295113932,-0.42872560029416884,0.24654617078277563,0.6249642652229284,0.38139085131055617,0.2435734139123722,0.0,0.0,-0.18217942951140742,-0.4287256002941891,0.24654617078278168
2026.01.05 22:39,101.61359,-0.11686172678317064,-0.36881339213007447,0.25195166534690383,0.6722064100539029,0.43955396305922556,0.23265244699467735,0.0,0.0,-0.11686172678319906,-0.3688133921300963,0.2519516653468972
2026.01.05 22:40,101.77287,-0.051649034027065,-0.3072801356176269,0.2556311015905619,0.7147714316552651,0.4945974567784335,0.22017397487683166,0.0,0.0,-0.05164903402709342,-0.3072801356176503,0.25563110159055685
2026.01.05 22:41,101.93561,0.013014232765044653,-0.2445474180644333,0.25756165082947796,0.7523778879019716,0.5461535430031411,0.20622434489883046,0.0,0.0,0.013014232765016231,-0.24454741806445668,0.2575616508294729
2026.01.05 22:42,102.10055,0.07668563286981112,-0.18104483402059846,0.25773046689040957,0.7847741216505284,0.5938776587326186,0.19089646291790985,0.0,0.0,0.0766856328697969,-0.18104483402062024,0.2577304668904171
2026.01.05 22:43,102.26647,0.1389325060815736,-0.11720672400691524,0.2561392300884888,0.8117489161643192,0.6374519102189588,0.17429700594536046,0.0,0.0,0.13893250608155938,-0.11720672400693546,0.2561392300884948
2026.01.05 22:44,102.43208,0.19932920154853662,-0.053469565302226046,0.25279876685076264,0.8331222413512904,0.6765859764454252,0.15653626490586525,0.0,0.0,0.19932920154853662,-0.0534695653022431,0.25279876685077973
2026.01.05 22:45,102.59616,0.2574659948454894,0.009731426196662424,0.24773456864882695,0.8487577923053635,0.7110203396174128,0.13773745268795068,0.0,0.0,0.2574659948454894,0.009731426196646945,0.24773456864884244
2026.01.05 22:46,102.75745,0.31294711785767504,0.07196494396072209,0.24098217389695295,0.8585548508335705,0.7405272418606444,0.11802760897292608,0.0,0.0,0.31294711785767504,0.07196494396070818,0.24098217389696686
2026.01.05 22:47,102.91473,0.3653954379628743,0.13280659590230737,0.23258884206056696,0.8624528825733364,0.7649123700031828,0.09754051257015361,0.0,0.0,0.3653954379628743,0.13280659590229504,0.23258884206057928
2026.01.05 22:48,103.06682,0.4144559116867441,0.19184188906563124,0.22261402262111288,0.8604334688882318,0.7840165897801927,0.07641687910803907,0.0,0.0,0.4144559116867441,0.19184188906562205,0.22261402262112207
2026.01.05 22:49,103.21255,0.4597956456676968,0.24866907569838254,0.21112656996931428,0.8525160368342881,0.7977164791910119,0.054799557643276264,0.0,0.0,0.4597956456676968,0.24866907569837654,0.21112656996932028
2026.01.05 22:50,103.35083,0.5011092760440192,0.30290185828493527,0.19820741775908396,0.838763519576105,0.8059258872680305,0.03283763230807446,0.0,0.0,0.5011092760440192,0.30290185828493243,0.1982074177590868
2026.01.05 22:51,103.4806,0.538118880742914,0.35417221915972447,0.18394666158318956,0.81927771071976,0.8085962519583765,0.010681458761383489,0.0,0.0,0.5381188807428998,0.35417221915972164,0.18394666158317818
2026.01.05 22:52,103.60085,0.570575193475733,0.40213251775907555,0.1684426757166575,0.794197470426468,0.8057164956519949,-0.011519025225526835,0.0,-1.0,0.5705751934757188,0.40213251775907266,0.16844267571664617
2026.01.05 22:53,103.71066,0.5982614191954667,0.44645831971984556,0.15180309947562115,0.7637017565582909,0.7973135478332541,-0.033611791274963276,0.0,0.0,0.5982614191954667,0.4464583197198427,0.15180309947562404
2026.01.05 22:54,103.80917,0.6209934602101299,0.4868502603159167,0.1341431998942132,0.7280059646075046,0.7834520311881044,-0.055446066580599807,0.0,0.0,0.6209934602101157,0.4868502603159123,0.13414319989420342
2026.01.05 22:55,103.8956,0.6386213161593872,0.5230362823494403,0.11558503380994689,0.6873607714379375,0.764233779238071,-0.07687300780013351,0.0,0.0,0.638621316159373,0.5230362823494343,0.11558503380993868
2026.01.05 22:56,103.96927,0.651031387730356,0.5547736101013827,0.09625777762897325,0.642052715989692,0.7397975665883952,-0.09774485059870319,0.0,0.0,0.6510313877303417,0.5547736101013752,0.09625777762896659
2026.01.05 22:57,104.02957,0.6581454735739243,0.5818502280888471,0.07629524548507716,0.5923988582074884,0.710317824912214,-0.11791896670472557,0.0,0.0,0.6581454735739101,0.581850228088838,0.07629524548507205
2026.01.05 22:58,104.07598,0.6599211764590649,0.6040863981767769,0.055834778282288,0.538744538143817,0.6760031675585346,-0.13725862941471767,0.0,0.0,0.6599211764590507,0.6040863981767662,0.05583477828228445
2026.01.05 22:59,104.10809,0.6563534089023051,0.6213357462721419,0.03501766263016315,0.4814633296617359,0.637095199979175,-0.15563187031743908,0.0,0.0,0.6563534089023051,0.6213357462721313,0.03501766263017381
2026.01.05 23:00,104.1256,0.6474751476096685,0.6334864425906702,0.013988705018998293,0.42095566009186314,0.5938672920017127,-0.1729116319098496,0.0,0.0,0.6474751476096685,0.6334864425906611,0.013988705019007397
2026.01.05 23:01,104.12828,0.6333543999005258,0.6404619099712028,-0.007107510070677003,0.35764086483197843,0.5466220065677658,-0.1889811417357874,-1.0,0.0,0.6333543999005258,0.6404619099711952,-0.007107510070669454
2026.01.05 23:02,104.11604,0.6140970118104434,0.6422214202617558,-0.028124408451312366,0.29196047649067225,0.4956897005523471,-0.20372922406167487,0.0,0.0,0.6140970118104434,0.6422214202617482,-0.028124408451304816
2026.01.05 23:03,104.08886,0.5898428529158082,0.6387602416734978,-0.048917388757689584,0.2243693879358517,0.4414256380290481,-0.2170562500931964,0.0,0.0,0.5898428529158082,0.6387602416734919,-0.0489173887576837
2026.01.05 23:04,104.04684,0.5607664281075841,0.6301096985566308,-0.06934327044904665,0.1553358388105437,0.38420767818534723,-0.22887183937480354,0.0,0.0,0.5607664281075841,0.6301096985566264,-0.0693432704490422
2026.01.05 23:05,103.9902,0.527076962196773,0.6163369846084549,-0.08926002241168185,0.085340444176083,0.3244342313834944,-0.23909378720741142,0.0,0.0,0.5270769621967872,0.6163369846084537,-0.08926002241166642
2026.01.05 23:06,103.91923,0.48901408192823226,0.5975446077589336,-0.10853052583070133,0.014867508058500789,0.2625208867184957,-0.24765337865999493,0.0,0.0,0.48901408192824647,0.5975446077589355,-0.108530525830689
2026.01.05 23:07,103.83433,0.44684727736537866,0.5738697300818574,-0.12702245271647872,-0.055596012610934054,0.19889750685260976,-0.2544935194635438,0.0,0.0,0.44684727736539287,0.5738697300818624,-0.1270224527164695
2026.01.05 23:08,103.73602,0.40087593729629134,0.5454833443478558,-0.1446074070515645,-0.12556044322933246,0.13400591683622132,-0.2595663600655538,0.0,0.0,0.40087593729630555,0.5454833443478625,-0.14460740705155695
2026.01.05 23:09,103.62489,0.35142504764334603,0.5125888887960423,-0.16116384115269622,-0.19454104999080357,0.06829652347081634,-0.2628375734616199,0.0,0.0,0.35142504764336024,0.5125888887960505,-0.16116384115269022
2026.01.05 23:10,103.50162,0.2988431250076502,0.47542096936350053,-0.17657784435585033,-0.26206090534616067,0.0022250377074209404,-0.2642859430535816,0.0,0.0,0.2988431250076502,0.4754209693635087,-0.1765778443558585
2026.01.05 23:11,103.36699,0.24350112721604944,0.4342436488530123,-0.19074252163696287,-0.32765173662274094,-0.06375031715861144,-0.2639014194641295,0.0,0.0,0.24350112721604944,0.43424364885302047,-0.19074252163697103
2026.01.05 23:12,103.22184,0.18578815313755115,0.38934868221098373,-0.20356052907343258,-0.3908604054147844,-0.12917233480984602,-0.26168807060493837,0.0,0.0,0.18578815313755115,0.38934868221099195,-0.2035605290734408
2026.01.05 23:13,103.0671,0.1261102600203401,0.34105355242351215,-0.21494329240317206,-0.4512491691523195,-0.19358770167834072,-0.2576614674739788,0.0,0.0,0.1261102600203543,0.3410535524235219,-0.21494329240316762
2026.01.05 23:14,102.90377,0.06488774820465437,0.28969919531327676,-0.2248114471086224,-0.5083986691127649,-0.2565498951652256,-0.2518487739475393,0.0,0.0,0.06488774820466858,0.28969919531328653,-0.22481144710861795
2026.01.05 23:15,102.73288,0.0025496805632485575,0.2356475951616119,-0.23309791459836335,-0.5619155192181893,-0.3176230199758183,-0.24429249924237095,0.0,0.0,0.0025496805632485575,0.2356475951616201,-0.23309791459837154
2026.01.05 23:16,102.55555,-0.06046572491720781,0.17927948379688008,-0.2397452087140879,-0.6114286722329467,-0.37638415042724405,-0.23504452180570268,0.0,0.0,-0.06046572491720781,0.17927948379688669,-0.2397452087140945
2026.01.05 23:17,102.37294,-0.12371488049402046,0.1209916151535121,-0.24470649564753255,-0.6565936413060456,-0.4324260486030044,-0.2241675927030412,0.0,0.0,-0.12371488049402046,0.12099161515351714,-0.2447064956475376
2026.01.05 23:18,102.18622,-0.18675424876082047,0.06119391555304916,-0.24794816431386962,-0.6970991781282123,-0.485360674508046,-0.21173850362016633,0.0,0.0,-0.18675424876082047,0.06119391555305261,-0.2479481643138731
2026.01.05 23:19,101.99661,-0.24914139770191923,0.0003067463630970005,-0.24944814406501623,-0.7326655029379197,-0.5348216401940208,-0.19784386274389887,0.0,0.0,-0.24914139770191923,0.00030674636310045063,-0.2494481440650197
2026.01.05 23:20,101.80536,-0.3104374101463492,-0.06124198001050284,-0.24919543013584633,-0.7630451756836294,-0.5804663472919426,-0.18257882839168682,0.0,0.0,-0.3104374101463492,-0.061241980010499394,-0.24919543013584977
2026.01.05 23:21,101.61372,-0.37021112462393546,-0.12301967753955692,-0.24719144708437854,-0.78802714965218,-0.6219785077639901,-0.1660486418881899,0.0,0.0,-0.37021112462393546,-0.12301967753955347,-0.247191447084382
2026.01.05 23:22,101.42294,-0.4280423695893063,-0.18459219194062876,-0.24345017764867755,-0.8074386187363132,-0.6590705299584547,-0.14836808877785845,0.0,0.0,-0.4280423695893063,-0.18459219194062687,-0.24345017764867943
2026.01.05 23:23,101.23427,-0.4835243721167046,-0.24552687197633533,-0.2379975001403693,-0.821145229460754,-0.6914854698589146,-0.1296597596018394,0.0,0.0,-0.4835243721167046,-0.245526871976335,-0.23799750014036963
2026.01.05 23:24,101.04896,-0.5362654923633272,-0.30539522452373263,-0.23087026783959458,-0.8290501081921207,-0.7189983975255558,-0.11005171066656483,0.0,0.0,-0.5362654923633272,-0.3053952245237323,-0.2308702678395949
2026.01.05 23:25,100.86822,-0.5858936009056919,-0.36377609963356417,-0.2221175012721277,-0.831097711029912,-0.7414182602264271,-0.08967945080348494,0.0,0.0,-0.5858936009056919,-0.3637760996335639,-0.22211750127212798
2026.01.05 23:26,100.69323,-0.6320584882148808,-0.42025872271365977,-0.21179976550122098,-0.8272737798170482,-0.7585893641445514,-0.06868441567249683,0.0,0.0,-0.6320584882148808,-0.42025872271365944,-0.21179976550122132
2026.01.05 23:27,100.52514,-0.6744335026227617,-0.4744453064760977,-0.19998819614666402,-0.8176039642581969,-0.7703922841672806,-0.047211680090916364,0.0,0.0,-0.6744335026227617,-0.4744453064760974,-0.1999881961466643
2026.01.05 23:28,100.36506,-0.7127173628839643,-0.5259537470518805,-0.18676361583208378,-0.8021529329830344,-0.7767444139304314,-0.025408519052602996,0.0,0.0,-0.7127173628839643,-0.5259537470518801,-0.18676361583208412
2026.01.05 23:29,100.21403,-0.746637682314983,-0.5744204439595064,-0.17221723835547653,-0.7810266372845405,-0.7776008586012532,-0.003425778683287306,0.0,0.0,-0.746637682314983,-0.5744204439595061,-0.17221723835547686
2026.01.05 23:30,100.07304,-0.7759518051476704,-0.6195027417954769,-0.15644906335219344,-0.7543695741752856,-0.7729546017160598,0.01858502754077418,0.0,1.0,-0.7759518051476704,-0.6195027417954767,-0.15644906335219366
2026.01.05 23:31,99.943,-0.8004495161402616,-0.660881313634472,-0.1395682025057896,-0.7223656939122236,-0.7628368201552926,0.04047112624306903,0.0,0.0,-0.8004495161402616,-0.6608813136344717,-0.13956820250578994
2026.01.05 23:32,99.82477,-0.8199524006371206,-0.698262205692296,-0.12169019494482458,-0.6852332815564637,-0.7473161124355269,0.06208283087906319,0.0,0.0,-0.8199524006371206,-0.6982622056922957,-0.12169019494482491
2026.01.05 23:33,99.7191,-0.8343177671160049,-0.7313791251092602,-0.10293864200674474,-0.6432285093414976,-0.726498591816721,0.0832700824752235,0.0,0.0,-0.8343177671160191,-0.7313791251092615,-0.10293864200675762
2026.01.05 23:34,99.62668,-0.843437324703558,-0.7599950944201342,-0.08344223028342379,-0.5966392981152495,-0.7005267330764268,0.10388743496117725,0.0,0.0,-0.8434373247035865,-0.7599950944201387,-0.08344223028344777
2026.01.05 23:35,99.54809,-0.8472397436145798,-0.7839041227978786,-0.06333562081670119,-0.5457867556930154,-0.6695787375997446,0.12379198190672924,0.0,0.0,-0.8472397436145798,-0.783904122797883,-0.06333562081669675
2026.01.05 23:36,99.48383,-0.8456898468227507,-0.8029326054867663,-0.042757241335984464,-0.49102048106495033,-0.6338670862927858,0.14284660522783543,0.0,0.0,-0.8456898468227507,-0.8029326054867707,-0.04275724133598002
2026.01.05 23:37,99.43429,-0.838789957919488,-0.8169406716018245,-0.021849286317663474,-0.43271821579629943,-0.5936373121934885,0.16091909639718904,0.0,0.0,-0.838789957919488,-0.8169406716018288,-0.021849286317659145
2026.01.05 23:38,99.39978,-0.8265781366087452,-0.8258229443011315,-0.0007551923076137834,-0.3712800113217867,-0.5491658520191481,0.17788584069736146,0.0,0.0,-0.8265781366087452,-0.8258229443011358,-0.0007551923076094536
2026.01.05 23:39,99.38049,-0.8091295798939484,-0.8295093637173846,0.020379783823436193,-0.30712865282757207,-0.500758412180833,0.19362975935326088,1.0,0.0,-0.8091295798939484,-0.8295093637173889,0.020379783823440523
2026.01.05 23:40,99.37651,-0.7865557012154767,-0.8279656065035196,0.04140990528804289,-0.24070590484443244,-0.44874791071355286,0.20804200586912042,0.0,0.0,-0.7865557012154909,-0.8279656065035255,0.041409905288034565
2026.01.05 23:41,99.38783,-0.7590029962540967,-0.8211934504609614,0.06219045420686464,-0.1724687865322636,-0.393492085877295,0.2210232993450314,0.0,0.0,-0.7590029962541109,-0.8211934504609688,0.06219045420685787
2026.01.05 23:42,99.41432,-0.726653349959534,-0.8092307374435758,0.08257738748404175,-0.10288880092419106,-0.3353714288866742,0.23248262796248315,0.0,0.0,-0.7266533499595482,-0.8092307374435832,0.08257738748403498
2026.01.05 23:43,99.45578,-0.6897198851992954,-0.7921510219431022,0.10243113674380677,-0.032443328374966995,-0.2747858087843328,0.2423424804093658,0.0,0.0,-0.6897198851993096,-0.7921510219431079,0.10243113674379833
2026.01.05 23:44,99.51187,-0.648448938333587,-0.7700631546896585,0.1216142163560715,0.038381177599035254,-0.21215241150765918,0.25053358910669443,0.0,0.0,-0.6484489383336012,-0.7700631546896659,0.12161421635606473
2026.01.05 23:45,99.58218,-0.6031156444834238,-0.7431104655408444,0.13999482105742056,0.10909770874182811,-0.14790238745776174,0.25700009619958986,0.0,0.0,-0.603115644483438,-0.7431104655408534,0.13999482105741534
2026.01.05 23:46,99.66619,-0.5540233413873352,-0.7114697303706051,0.1574463889832699,0.17921952109931283,-0.08247800574634682,0.26169752684565967,0.0,0.0,-0.5540233413873494,-0.7114697303706158,0.15744638898326635
2026.01.05 23:47,99.76328,-0.5015019832193133,-0.6753501577717793,0.17384817455246604,0.24826265042001694,-0.016329874513074077,0.26459252493309104,0.0,0.0,-0.5015019832193275,-0.6753501577717915,0.17384817455246404
2026.01.05 23:48,99.87275,-0.4459049990908852,-0.6349918710158834,0.18908687192499818,0.3157509327476049,0.05008628693906172,0.2656646458085432,0.0,0.0,-0.4459049990908994,-0.6349918710158973,0.18908687192499785
2026.01.05 23:49,99.99382,-0.3876065642427733,-0.5906641891300275,0.2030576248872542,0.3812197621322042,0.11631298197769022,0.26490678015451397,0.0,0.0,-0.3876065642427875,-0.5906641891300413,0.20305762488725376
2026.01.05 23:50,100.12563,-0.3269992256666967,-0.542663770175872,0.21566454450917527,0.44421883466803536,0.18189415251575924,0.2623246821522761,0.0,0.0,-0.3269992256667251,-0.5426637701758873,0.21566454450916217
2026.01.05 23:51,100.26723,-0.26449263019353,-0.4913125790907604,0.22681994889723045,0.5043126687881454,0.24637785577023646,0.25793481301790894,0.0,0.0,-0.2644926301935584,-0.49131257909077736,0.22681994889721896
2026.01.05 23:52,100.41762,-0.20050914222800031,-0.43695582987172765,0.23644668764372734,0.5610866166861399,0.3093196079534172,0.25176700873272273,0.0,0.0,-0.20050914222802874,-0.43695582987174614,0.2364466876437174
2026.01.05 23:53,100.57574,-0.13548106314131303,-0.3799593992948083,0.2444783361534953,0.614149397358716,0.3702855658344769,0.24386383152423907,0.0,0.0,-0.13548106314134145,-0.3799593992948284,0.24447833615348696
2026.01.05 23:54,100.74047,-0.06984833949059066,-0.32070747651782683,0.25085913702723617,0.6631345190356797,0.42885535647471745,0.2342791625609622,0.0,0.0,-0.06984833949060487,-0.3207074765178469,0.25085913702724205
2026.01.05 23:55,100.91066000000001,-0.004054287177439164,-0.25959980382783837,0.2555455166503992,0.7077050971436591,0.48462530460850584,0.2230797925351533,0.0,0.0,-0.004054287177453375,-0.25959980382785847,0.2555455166504051
2026.01.05 23:56,101.08511,0.0614562015257718,-0.1970488944117178,0.2585050959374896,0.7475537689165179,0.5372109974701083,0.21034277144640967,0.0,0.0,0.06145620152575759,-0.19704889441173792,0.2585050959374955
2026.01.05 23:57,101.26258,0.12623887841259318,-0.13347735246688686,0.25971623087948004,0.7824034153515953,0.5862494810464057,0.19615393430518957,0.0,0.0,0.12623887841257897,-0.13347735246690698,0.2597162308794859
2026.01.05 23:58,101.44185,0.18985665798589935,-0.06931477221925657,0.25917143020515593,0.8120154544259037,0.6314026757223054,0.18061277870359838,0.0,0.0,0.18985665798588514,-0.06931477221927669,0.2591714302051618
2026.01.05 23:59,101.62164,0.2518782612642667,-0.0049950514491495235,0.25687331271341624,0.836183281780805,0.6723587969340054,0.16382448484679968,0.0,0.0,0.2518782612642667,-0.004995051449166492,0.2568733127134332
2026.01.06 00:00,101.8007,0.3118842665534345,0.05904682596717986,0.2528374405862546,0.8547396147786088,0.7088349605029262,0.14590465427568267,0.0,0.0,0.3118842665534487,0.05904682596716763,0.25283744058628105
2026.01.06 00:01,101.97778,0.3694693217907741,0.12237776641371034,0.24709155537706373,0.8675562374676815,0.7405792158958773,0.12697702157180424,0.0,0.0,0.3694693217907883,0.12237776641370285,0.24709155537708544
2026.01.06 00:02,102.15164,0.42424451524692586,0.18456949734573688,0.23967501790118897,0.8745440899999153,0.7673721907166848,0.10717189928323045,0.0,0.0,0.42424451524694007,0.18456949734573413,0.23967501790120593
2026.01.06 00:03,102.32106,0.47583984327955875,0.24520151765353126,0.23063832562602748,0.8756535507457244,0.7890284627224928,0.08662508802323154,0.0,0.0,0.47583984327957296,0.24520151765353168,0.23063832562604128
2026.01.06 00:04,102.48486,0.5239075237236079,0.30386394108698095,0.220043582636627,0.8708762126270813,0.8053980127034106,0.06547819992367065,0.0,0.0,0.5239075237236079,0.30386394108698295,0.220043582636625
2026.01.06 00:05,102.64189,0.5681235408951579,0.36016031212802385,0.20796322876713408,0.8602433510981768,0.8163670803823639,0.043876270715812904,0.0,0.0,0.5681235408951579,0.3601603121280274,0.20796322876713053
2026.01.06 00:06,102.79105,0.6081901806632288,0.41371045682253893,0.1944797238406899,0.8438263430256399,0.8218589329110192,0.021967410114620667,0.0,0.0,0.6081901806632288,0.41371045682254404,0.1944797238406848
2026.01.06 00:07,102.93131,0.6438393123258095,0.46415297397141786,0.17968633835439163,0.821738381286707,0.8218348225861568,-0.00009644129944985647,0.0,-1.0,0.6438393123258095,0.4641529739714245,0.17968633835438497
2026.01.06 00:08,103.06167,0.6748314318640212,0.511147770704724,0.16368366115929722,0.794128503608647,0.8162935587906549,-0.022165055182007953,0.0,0.0,0.6748314318640212,0.5111477707047306,0.16368366115929056
2026.01.06 00:09,103.18123,0.7009601701704327,0.5543784266621682,0.14658174350826447,0.761185993935328,0.8052720458195897,-0.04408605188426162,0.0,0.0,0.7009601701704327,0.5543784266621733,0.14658174350825937
2026.01.06 00:10,103.28915,0.7220522566478564,0.5935543083129551,0.12849794833490136,0.7231362434638982,0.7888448853484514,-0.06570864188455328,0.0,0.0,0.7220522566478564,0.5935543083129586,0.1284979483348978
2026.01.06 00:11,103.38468,0.7379695066612584,0.6284126406923254,0.10955686596893299,0.6802406753506602,0.7671240433488932,-0.08688336799823293,0.0,0.0,0.7379695066612584,0.6284126406923273,0.1095568659689311
2026.01.06 00:12,103.46714,0.7486083833764781,0.6587202562586497,0.08988812711782834,0.632792384401796,0.7402577115594737,-0.10746532715767776,0.0,0.0,0.7486083833764781,0.65872025625865,0.08988812711782801
2026.01.06 00:13,103.53595,0.7539016527872491,0.6842751594879432,0.06962649329930592,0.581115979363588,0.7084293651202966,-0.12731338575670859,0.0,0.0,0.7539016527872491,0.6842751594879436,0.06962649329930548
2026.01.06 00:14,103.59063,0.7538192666813046,0.7049080179086261,0.048911248772678495,0.5255660715664732,0.671856706409532,-0.14629063484305882,0.0,0.0,0.7538192666813046,0.7049080179086266,0.04891124877267805
2026.01.06 00:15,103.63079,0.7483678329324022,0.7204833126052009,0.027884520327201234,0.4665234266547458,0.6307900504585747,-0.16426662380382895,0.0,0.0,0.7483678329324022,0.7204833126052014,0.02788452032720079
2026.01.06 00:16,103.65614,0.737590580474631,0.7309001201772922,0.006690460297338774,0.4043924194633348,0.5855105242595268,-0.18111810479619195,0.0,0.0,0.737590580474631,0.7309001201772927,0.00669046029733833
2026.01.06 00:17,103.6665,0.721567712247321,0.7360930402198811,-0.01452532797256012,0.33959945125506863,0.5363283096586352,-0.19672885840356658,-1.0,0.0,0.721567712247321,0.7360930402198815,-0.014525327972560564
2026.01.06 00:18,103.6618,0.7004162603627151,0.7360326057968014,-0.035616345434086316,0.2725906489488068,0.4835807775166695,-0.2109901285678627,0.0,0.0,0.7004162603627151,0.7360326057968017,-0.03561634543408665
2026.01.06 00:19,103.64204,0.6742863620444268,0.7307252841741981,-0.05643892212977131,0.2038234653378197,0.4276293150808995,-0.22380584974307982,0.0,0.0,0.6742863620444268,0.7307252841741985,-0.05643892212977164
2026.01.06 00:20,103.60736,0.6433635486948361,0.7202135110668179,-0.07684996237198172,0.13376986082853648,0.36885742423042694,-0.23508756340189046,0.0,0.0,0.6433635486948361,0.7202135110668182,-0.07684996237198205
2026.01.06 00:21,103.55799,0.60786614736746,0.7045754848435937,-0.09670933747613364,0.0629104392708939,0.3076680272385204,-0.24475758796762648,0.0,0.0,0.6078661473674458,0.7045754848435924,-0.09670933747614663
2026.01.06 00:22,103.49426,0.5680436688645898,0.683924597741076,-0.11588092887648616,-0.00826902962981535,0.24448061586485326,-0.2527496454946686,0.0,0.0,0.5680436688645898,0.6839245977410747,-0.11588092887648493
2026.01.06 00:23,103.4166,0.524175189480701,0.6584085891632311,-0.13423339968253012,-0.0792807356964147,0.17972834555259967,-0.25900908124901434,0.0,0.0,0.524175189480701,0.6584085891632299,-0.1342333996825289
2026.01.06 00:24,103.32555,0.4765685439294458,0.6282086681629026,-0.15164012423345674,-0.14963619466300315,0.1138554375094791,-0.2634916321724823,0.0,0.0,0.4765685439294458,0.6282086681629013,-0.15164012423345552
2026.01.06 00:25,103.22172,0.42555617440717697,0.5935381785998521,-0.16798200419267517,-0.2188534175314487,0.047313666501293546,-0.26616708403274225,0.0,0.0,0.42555617440717697,0.5935381785998509,-0.16798200419267395
2026.01.06 00:26,103.10581,0.3714931934491972,0.554641009844505,-0.18314781639530786,-0.2864593820252139,-0.01944094320400795,-0.26701843882120596,0.0,0.0,0.3714931934491972,0.5546410098445038,-0.18314781639530664
2026.01.06 00:27,102.97863,0.3147572033146133,0.511790003505827,-0.19703280019121372,-0.35198915138278153,-0.08595058483976267,-0.26603856654301883,0.0,0.0,0.3147572033146133,0.5117900035058258,-0.1970328001912125
2026.01.06 00:28,102.84104,0.25574311186083776,0.4652851979298727,-0.20954208606903496,-0.41499399547973326,-0.1517592669677568,-0.2632347285119765,0.0,0.0,0.25574311186083776,0.46528519792987155,-0.2095420860690338
2026.01.06 00:29,102.69398,0.19486126685448824,0.41545161105872297,-0.22059034420423473,-0.4750427517165292,-0.21641596391751128,-0.25862678779901793,0.0,0.0,0.19486126685448824,0.41545161105872175,-0.2205903442042335
2026.01.06 00:30,102.53847,0.13253581829562222,0.362637130050741,-0.23010131175511878,-0.5317226696891169,-0.27947730507183244,-0.2522453646172844,0.0,0.0,0.13253581829562222,0.3626371300507414,-0.23010131175511916
2026.01.06 00:31,102.37556,0.06919928944412845,0.30720997678180084,-0.2380106873376724,-0.584646917557933,-0.34051122756905255,-0.2441356899888804,0.0,0.0,0.06919928944412845,0.30720997678180123,-0.23801068733767278
2026.01.06 00:32,102.20637,0.005291418811836479,0.24955622448526035,-0.24426480567342387,-0.6334537128817459,-0.39909972463159127,-0.23435398825015463,0.0,0.0,0.005291418811836479,0.2495562244852607,-0.24426480567342423
2026.01.06 00:33,102.03207,-0.05874342477542882,0.1900771168513854,-0.24882054162681422,-0.6778081223576322,-0.4548414041767995,-0.2229667181808327,0.0,0.0,-0.05874342477542882,0.19007711685138576,-0.24882054162681458
2026.01.06 00:34,101.85384,-0.12246151106430148,0.12918626291011,-0.2516477739744115,-0.7174084523152402,-0.5073548138044877,-0.21005363851075254,0.0,0.0,-0.12246151106430148,0.12918626291011037,-0.25164777397441185
2026.01.06 00:35,101.67292,-0.18541988053775071,0.06730703246711581,-0.2527269130048665,-0.7519828548300183,-0.5562804220095938,-0.19570243282042443,0.0,0.0,-0.18541988053775071,0.06730703246711617,-0.2527269130048669
2026.01.06 00:36,101.49054,-0.24718202322451077,0.004869340629435351,-0.2520513638539461,-0.7812961847816098,-0.6012835745639971,-0.18001261021761272,0.0,0.0,-0.24718202322451077,0.004869340629435707,-0.2520513638539465
2026.01.06 00:37,101.30795,-0.3073198612471941,-0.057693211938123753,-0.24962664930907036,-0.8051495687415837,-0.6420567733995144,-0.16309279534206933,0.0,0.0,-0.3073198612471941,-0.05769321193812339,-0.24962664930907075
2026.01.06 00:38,101.12641,-0.365416003729365,-0.11994624200299633,-0.24546976172636867,-0.8233805431730872,-0.678321527354229,-0.14505901581885816,0.0,0.0,-0.3654160037293508,-0.11994624200299439,-0.2454697617263564
2026.01.06 00:39,100.94717,-0.4210669871130648,-0.18145766482618378,-0.239609322286881,-0.8358649565504379,-0.7098302131934708,-0.12603474335696707,0.0,0.0,-0.4210669871130648,-0.18145766482618184,-0.23960932228688295
2026.01.06 00:40,100.77145,-0.4738872505947427,-0.24180061371939168,-0.232086636875351,-0.8425199903884248,-0.7363681686324617,-0.10615182175596316,0.0,0.0,-0.4738872505947427,-0.24180061371938974,-0.23208663687535294
2026.01.06 00:41,100.60045,-0.5235112490422722,-0.3005564657031815,-0.2229547833390907,-0.8433035700560367,-0.7577552489171768,-0.0855483211388599,0.0,0.0,-0.5235112490422722,-0.3005564657031796,-0.22295478333909258
2026.01.06 00:42,100.43536,-0.5695940825947048,-0.3573176499053233,-0.2122764326893815,-0.8382112437079883,-0.7738464478753391,-0.0643647958326492,0.0,0.0,-0.5695940825947048,-0.3573176499053214,-0.2122764326893834
2026.01.06 00:43,100.27731,-0.6118157432685933,-0.4116903423724668,-0.20012540089612652,-0.8272798470264604,-0.7845331277055634,-0.04274671932089702,0.0,0.0,-0.6118157432685933,-0.41169034237246493,-0.2001254008961284
2026.01.06 00:44,100.12737,-0.6498841584031965,-0.46329748435751633,-0.18658667404568013,-0.8105886429454614,-0.7897442307535429,-0.02084441219191846,0.0,0.0,-0.6498841584032107,-0.463297484357516,-0.18658667404569468
2026.01.06 00:45,99.98658,-0.6835348636123229,-0.5117811332894955,-0.17175373032282737,-0.7882543826092103,-0.7894462611246764,0.0011918785154660938,0.0,1.0,-0.6835348636123371,-0.5117811332894967,-0.17175373032284036
2026.01.06 00:46,99.8559,-0.7125344205298774,-0.5568049732097936,-0.15572944732008376,-0.7604335775231448,-0.7836437244043701,0.023210146881225358,0.0,0.0,-0.7125344205298916,-0.5568049732097964,-0.1557294473200952
2026.01.06 00:47,99.73622,-0.7366819432370164,-0.5980567442661994,-0.13862519897081704,-0.7273211761283562,-0.7723792147491675,0.04505803862081126,0.0,0.0,-0.7366819432370306,-0.5980567442662053,-0.13862519897082537
2026.01.06 00:48,99.62837,-0.7558091254920498,-0.6352503151971977,-0.12055881029485216,-0.689146745318169,-0.7557327208629678,0.06658597554479884,0.0,0.0,-0.755809125492064,-0.6352503151972052,-0.12055881029485882
2026.01.06 00:49,99.53308,-0.7697830816691607,-0.6681276297610219,-0.10165545190813874,-0.6461760759387403,-0.7338213918781223,0.08764531593938207,0.0,0.0,-0.7697830816691749,-0.668127629761031,-0.10165545190814385
2026.01.06 00:50,99.45101,-0.778505775749025,-0.6964603549506612,-0.08204542079836386,-0.5987065643637237,-0.7067984263752427,0.10809186201151899,0.0,0.0,-0.7785057757490392,-0.6964603549506718,-0.08204542079836741
2026.01.06 00:51,99.38271,-0.7819163676833938,-0.7200517199605155,-0.06186464772287825,-0.5470682865821459,-0.6748523984166234,0.12778411183447747,0.0,0.0,-0.781916367683408,-0.7200517199605277,-0.06186464772288025
2026.01.06 00:52,99.32865,-0.7799902346669398,-0.7387377745603319,-0.04125246010660799,-0.49161905627899216,-0.6382057299890972,0.14658667371010503,0.0,0.0,-0.7799902346669398,-0.738737774560344,-0.04125246010659589
2026.01.06 00:53,99.28919,-0.7727401847575379,-0.7523884441552586,-0.02035174060227929,-0.4327439211135413,-0.5971133682139861,0.16436944710044477,0.0,0.0,-0.7727401847575379,-0.7523884441552693,-0.02035174060226863
2026.01.06 00:54,99.2646,-0.7602153857145026,-0.760908502166612,0.0006931164521093436,-0.37085065783847426,-0.5518608261388838,0.1810101683004095,1.0,0.0,-0.7602153857145026,-0.760908502166621,0.0006931164521183364
2026.01.06 00:55,99.25504,-0.7425017068549664,-0.7642382006471774,0.021736493792210987,-0.3063682680693347,-0.502762314524974,0.1963940464556393,0.0,0.0,-0.7425017068549664,-0.7642382006471848,0.021736493792218425
2026.01.06 00:56,99.26057,-0.7197207709182294,-0.7623536259450899,0.04263285502686054,-0.23974334203317937,-0.4501585200266151,0.21041517799343573,0.0,0.0,-0.7197207709182294,-0.7623536259450958,0.04263285502686642
2026.01.06 00:57,99.28114,-0.692029601498632,-0.7552670121680435,0.06323741066941146,-0.17143787011903555,-0.3944143900450992,0.22297651992606365,0.0,0.0,-0.692029601498632,-0.7552670121680478,0.0632374106694158
2026.01.06 00:58,99.31661,-0.6596183479476849,-0.7430264861989906,0.08340813825130566,-0.10192387358122801,-0.335916286752325,0.23399241317109698,0.0,0.0,-0.6596183479476849,-0.7430264861989934,0.08340813825130844
2026.01.06 00:59,99.36673,-0.6227097208300023,-0.7257158134302103,0.10300609260020799,-0.031681648064477486,-0.2750693590147555,0.243387710950278,0.0,0.0,-0.6227097208300307,-0.7257158134302146,0.1030060926001839
2026.01.06 01:00,99.43113,-0.581558976269676,-0.7034538810509083,0.12189490478123233,0.03880084997305744,-0.2122953172171929,0.25109616719025035,0.0,0.0,-0.5815589762697044,-0.7034538810509142,0.12189490478120979
2026.01.06 01:01,99.50937,-0.5364495441922656,-0.6763938043315001,0.13994426013923444,0.1090362938602567,-0.148028995001703,0.2570652888619597,0.0,0.0,-0.5364495441922941,-0.6763938043315092,0.13994426013921513
2026.01.06 01:02,99.6009,-0.4876924729727392,-0.6447218363554114,0.15702936338267215,0.17853860881611183,-0.08271547423814005,0.2612540830542519,0.0,0.0,-0.48769247297276763,-0.6447218363554236,0.15702936338265594
2026.01.06 01:03,99.70508,-0.4356240841486141,-0.6086561361814238,0.1730320520328097,0.24682673091149354,-0.016807033208213334,0.26363376411970685,0.0,0.0,-0.4356240841486283,-0.6086561361814375,0.17303205203280925
2026.01.06 01:04,99.82117,-0.3806046446522373,-0.5684453514922316,0.18784070683999432,0.31342617298000164,0.04923960802942966,0.26418656495057197,0.0,0.0,-0.3806046446522515,-0.568445351492247,0.18784070683999543
2026.01.06 01:05,99.94838,-0.3230130650507874,-0.5243667175069603,0.20135365245617287,0.3778774911167915,0.11496718464690203,0.26291030646988944,0.0,0.0,-0.32301306505080163,-0.5243667175069773,0.20135365245617565
2026.01.06 01:06,100.08581,-0.26324731960748693,-0.4767242417412775,0.21347692213379055,0.43973369455866873,0.1799204866292554,0.2598132079294133,0.0,0.0,-0.26324731960748693,-0.47672424174129446,0.21347692213380753
2026.01.06 01:07,100.2325,-0.20172056953529705,-0.4258467108065677,0.22412614127127067,0.4985656025910572,0.24364950982161576,0.25491609276944144,0.0,0.0,-0.20172056953528283,-0.4258467108065831,0.22412614127130026
2026.01.06 01:08,100.38743,-0.1388579525894471,-0.3720854032242838,0.23322745063483669,0.5539654530159765,0.30571269846048793,0.24825275455548862,0.0,0.0,-0.1388579525894329,-0.37208540322429445,0.23322745063486156
2026.01.06 01:09,100.54952,-0.07509393130607123,-0.3158115093394388,0.24071757803336757,0.6055491537932767,0.3656799895270457,0.23986916426623095,0.0,0.0,-0.07509393130605702,-0.31581150933944474,0.24071757803338772
2026.01.06 01:10,100.71764,-0.01086931142528158,-0.2574137056986628,0.2465443942733812,0.652958905812028,0.4231357727840422,0.2298231330279858,0.0,0.0,-0.01086931142526737,-0.257413705698664,0.24654439427339664
2026.01.06 01:11,100.89063,0.053372761830885906,-0.1972953462760378,0.2506681081069237,0.6958673810622003,0.4776820944396738,0.21818528662252645,0.0,0.0,0.05337276183090012,-0.19729534627603426,0.2506681081069344
2026.01.06 01:12,101.06726,0.11718677635546726,-0.13587191733113985,0.2530586936866071,0.7339743266831249,0.5289405408883641,0.20503378579476084,0.0,0.0,0.11718677635548147,-0.13587191733113319,0.25305869368661466
2026.01.06 01:13,101.24631,0.18013124042622053,-0.07356793010020009,0.2536991705264206,0.7670149574594944,0.5765554242025901,0.19045953325690435,0.0,0.0,0.18013124042623474,-0.07356793010019026,0.253699170526425
2026.01.06 01:14,101.42653,0.24177045027737165,-0.010814206174849086,0.2525846564522207,0.7947592506850469,0.6201961894990815,0.17456306118596543,0.0,0.0,0.24177045027738586,-0.010814206174836095,0.25258465645222195
2026.01.06 01:15,101.60666,0.30167740443110347,0.051955207607216516,0.24972219682388697,0.8170133922798328,0.6595596300552318,0.15745376222460106,0.0,0.0,0.30167740443110347,0.051955207607229506,0.24972219682387398
2026.01.06 01:16,101.78544,0.3594367855551752,0.1143060248394912,0.24513076071568402,0.8336212146276409,0.6943719469697137,0.13924926765792722,0.0,0.0,0.35943678555518943,0.1143060248395042,0.24513076071568524
2026.01.06 01:17,101.96163,0.41464875896514286,0.175806770567779,0.23884198839736387,0.844466952889448,0.7243909481536606,0.12007600473578739,0.0,0.0,0.41464875896515707,0.17580677056779198,0.2388419883973651
2026.01.06 01:18,102.13398,0.4669293790559692,0.23603158283022793,0.23089779622574128,0.8494717122383122,0.7494071009705909,0.10006461126772126,0.0,0.0,0.4669293790559834,0.23603158283024092,0.2308977962257425
2026.01.06 01:19,102.3013,0.5159163107048386,0.2945633186224635,0.22135299208237508,0.8485997817757038,0.7692456371316135,0.0793541446440903,0.0,0.0,0.5159163107048528,0.2945633186224765,0.2213529920823763
2026.01.06 01:20,102.4624,0.5612682792536248,0.3509961538916567,0.21027212536196804,0.8418531493715449,0.7837671395795999,0.058086009791945004,0.0,0.0,0.561268279253639,0.3509961538916697,0.21027212536196926
2026.01.06 01:21,102.61616,0.6026699836236986,0.4049387324770158,0.19773125114668283,0.8292763428408705,0.792868980231854,0.03640736260901645,0.0,0.0,0.6026699836237128,0.4049387324770287,0.1977312511466841
2026.01.06 01:22,102.76149,0.6398324587441522,0.4560166456234526,0.18381581312069956,0.8109526817413695,0.7964857205337572,0.014466961207612261,0.0,0.0,0.6398324587441664,0.45601664562346556,0.18381581312070083
2026.01.06 01:23,102.89737,0.6724962502630802,0.5038750678440869,0.16862118241899338,0.7870059566108836,0.7945897677491824,-0.007583811138298868,0.0,-1.0,0.6724962502630945,0.5038750678440999,0.1686211824189946
2026.01.06 01:24,103.02284,0.7004327678318987,0.5481812193330641,0.1522515484988346,0.7575987069102155,0.7871915555813891,-0.02959284867117362,0.0,0.0,0.7004327678319129,0.5481812193330787,0.15225154849883415
2026.01.06 01:25,103.13701,0.7234457913649379,0.5886266644230377,0.13481912694190024,0.722930978931231,0.7743394402513575,-0.05140846132012644,0.0,0.0,0.7234457913649521,0.5886266644230523,0.1348191269418998
2026.01.06 01:26,103.23907,0.7413730799863743,0.62492936675873,0.11644371322764424,0.683239416166046,0.7561194354342953,-0.07288001926824927,0.0,0.0,0.7413730799863885,0.6249293667587447,0.1164437132276438
2026.01.06 01:27,103.32827,0.754085649932108,0.656835619078301,0.09725003085380701,0.6387923288137785,0.732654014110192,-0.09386168529641359,0.0,0.0,0.754085649932108,0.6568356190783141,0.09725003085379391
2026.01.06 01:28,103.40399,0.7614924138504762,0.6841218527611497,0.0773705610893265,0.5898948226882794,0.7041021758258096,-0.11420735313753017,0.0,0.0,0.7614924138504762,0.6841218527611611,0.07737056108931506
2026.01.06 01:29,103.46568,0.7635385973893705,0.7065963325540103,0.056942264835360135,0.5368823227760942,0.6706582052158666,-0.13377588243977245,0.0,0.0,0.7635385973893705,0.7065963325540202,0.056942264835350254
2026.01.06 01:30,103.51286,0.7602040848071425,0.724100121574393,0.03610396323274956,0.4801147030054693,0.6325495047737871,-0.1524348017683178,0.0,0.0,0.7602040848071425,0.7241001215744013,0.03610396323274123
2026.01.06 01:31,103.54519,0.7515073118745477,0.7365084385888814,0.014998873285666292,0.4199808993222831,0.5900357836834863,-0.1700548843612032,0.0,0.0,0.7515073118745477,0.736508438588888,0.01499887328565963
2026.01.06 01:32,103.56242,0.7375038879316236,0.7437315094409418,-0.006227621509318215,0.35689365091847947,0.5434073571304849,-0.18651370621200547,-1.0,0.0,0.7375038879316236,0.7437315094409469,-0.006227621509323322
2026.01.06 01:33,103.56438,0.7182842949514878,0.7457150124542294,-0.02743071750274162,0.29128319057731744,0.49298252381985147,-0.20169933324253403,0.0,0.0,0.718284294951502,0.7457150124542345,-0.027430717502732516
2026.01.06 01:34,103.55104,0.6939764737282985,0.7424406438279362,-0.04846417009963766,0.2236002902414782,0.4391060771041769,-0.21550578686269867,0.0,0.0,0.6939764737283127,0.7424406438279413,-0.048464170099628556
2026.01.06 01:35,103.52244,0.6647418391661972,0.7339260615145832,-0.06918422234838595,0.15430729942039534,0.38214632156742057,-0.22783902214702523,0.0,0.0,0.6647418391662114,0.7339260615145883,-0.06918422234837684
2026.01.06 01:36,103.47875,0.6307765632082578,0.7202250518785999,-0.08944848867034205,0.08387950936295852,0.3224929591265282,-0.23861344976356968,0.0,0.0,0.630776563208272,0.7202250518786065,-0.0894484886703345
2026.01.06 01:37,103.42023,0.5923089930052186,0.7014268940069046,-0.10911790100168606,0.012799488871024778,0.2605542650754275,-0.24775477620440273,0.0,0.0,0.5923089930052328,0.7014268940069128,-0.10911790100168006
2026.01.06 01:38,103.34724,0.549598059165163,0.6776557230931037,-0.1280576639279407,-0.05844621149252305,0.1967541697618374,-0.25520038125436045,0.0,0.0,0.5495980591651772,0.6776557230931135,-0.12805766392793627
2026.01.06 01:39,103.26024,0.5029316801261956,0.6490699003507763,-0.14613822022458067,-0.12937002033645228,0.13152933174217948,-0.2608993520786318,0.0,0.0,0.5029316801262098,0.6490699003507877,-0.1461382202245779
2026.01.06 01:40,103.1598,0.45262597939623106,0.6158608634087411,-0.16323488401251007,-0.19948456373629142,0.0653265526464853,-0.2648111163827767,0.0,0.0,0.45262597939624527,0.6158608634087541,-0.16323488401250885
2026.01.06 01:41,103.04656,0.39902115997080045,0.5782516714130941,-0.17923051144229363,-0.2683097018022522,-0.0014006982432622009,-0.26690900355899,0.0,0.0,0.39902115997080045,0.5782516714131071,-0.17923051144230662
2026.01.06 01:42,102.92125,0.34247959307087683,0.5364955934263596,-0.19401600035548272,-0.3353748815421085,-0.06819553490303146,-0.26717934663907705,0.0,0.0,0.34247959307087683,0.536495593426371,-0.19401600035549416
2026.01.06 01:43,102.7847,0.28338486580659605,0.4908743036572815,-0.20748943785068547,-0.4002195637805954,-0.13460034067854426,-0.26561922310205116,0.0,0.0,0.28338486580661026,0.4908743036572929,-0.20748943785068263
2026.01.06 01:44,102.6378,0.22213760238520308,0.4416960551260599,-0.21955845274085684,-0.46239935641085594,-0.2001601438250066,-0.26223921258584937,0.0,0.0,0.2221376023852173,0.44169605512607135,-0.21955845274085406
2026.01.06 01:45,102.48151,0.15915279369454538,0.38929341406898077,-0.2301406203744354,-0.5214888198624124,-0.26442587903248777,-0.2570629408299246,0.0,0.0,0.1591527936945596,0.38929341406899215,-0.23014062037443256
2026.01.06 01:46,102.31685,0.09485674365264174,0.33402094191869447,-0.23916419826605273,-0.5770846760331807,-0.3269576384326264,-0.2501270376005543,0.0,0.0,0.09485674365264174,0.3340209419187043,-0.23916419826606256
2026.01.06 01:47,102.14492,0.02968614326481145,0.27625295126309984,-0.2465668079982884,-0.6288049257796615,-0.3873270959020334,-0.24147782987762811,0.0,0.0,0.029686143264797238,0.2762529512631065,-0.24656680799830927
2026.01.06 01:48,101.96685,-0.0359167618056091,0.21638090215956599,-0.25229766396517506,-0.6762950275393393,-0.44512068222949464,-0.2311743453098447,0.0,0.0,-0.03591676180562331,0.21638090215956948,-0.2522976639651928
2026.01.06 01:49,101.7838,-0.10150802062938169,0.1548104577122757,-0.2563184783416574,-0.7192316744721268,-0.49994288067802106,-0.2192887937941057,0.0,0.0,-0.10150802062938169,0.1548104577122776,-0.25631847834165933
2026.01.06 01:50,101.59699,-0.16664261918785428,0.09195892669464739,-0.25860154588250167,-0.7573205039847437,-0.5514184053393656,-0.20590209864537812,0.0,0.0,-0.16664261918785428,0.09195892669464929,-0.25860154588250356
2026.01.06 01:51,101.40765,-0.2308789842215475,0.028252418106600244,-0.25913140232814774,-0.7903009482691488,-0.5991949139253222,-0.19110603434382656,0.0,0.0,-0.2308789842215475,0.02825241810660215,-0.2591314023281497
2026.01.06 01:52,101.21702,-0.2937824726756162,-0.03587728616920112,-0.2579051865064151,-0.8179487757193726,-0.6429456862841323,-0.17500308943524034,0.0,0.0,-0.2937824726756162,-0.035877286169200794,-0.2579051865064154
2026.01.06 01:53,101.02637,-0.35492643117750333,-0.09999551212061294,-0.25493091905689036,-0.8400740776691578,-0.6823713645611375,-0.1577027131080203,0.0,0.0,-0.35492643117750333,-0.0999955121206142,-0.25493091905688914
2026.01.06 01:54,100.83693,-0.413898519107164,-0.16366788020969175,-0.25023063889747227,-0.8565288447396,-0.71720286059683,-0.13932598414276998,0.0,0.0,-0.413898519107164,-0.16366788020969458,-0.25023063889746944
2026.01.06 01:55,100.64997,-0.470299117694708,-0.22646297591495285,-0.24383614177975516,-0.8671996980887542,-0.7472022280952149,-0.11999746999353933,0.0,0.0,-0.470299117694708,-0.22646297591495568,-0.24383614177975232
2026.01.06 01:56,100.4667,-0.523747915816628,-0.2879556491462239,-0.23579226667040415,-0.8720159632948992,-0.7721649751351518,-0.09985098815974736,0.0,0.0,-0.5237479158166423,-0.28795564914622673,-0.23579226667041553
2026.01.06 01:57,100.28832,-0.5738848611735108,-0.3477298824093241,-0.22615497876418666,-0.8709468753274479,-0.7919213551736111,-0.07902552015383679,0.0,0.0,-0.573884861173525,-0.3477298824093269,-0.2261549787641981
2026.01.06 01:58,100.11601,-0.6203714723656617,-0.4053813770466886,-0.21499009531897312,-0.8639997685550043,-0.8063370378498897,-0.05766273070511452,0.0,0.0,-0.6203714723656759,-0.40538137704669297,-0.21499009531898294
2026.01.06 01:59,99.95087,-0.6628964073752996,-0.4605206868452936,-0.20237572053000602,-0.8512260363147561,-0.815314837542863,-0.03591119877189308,0.0,0.0,-0.6628964073753139,-0.46052068684529956,-0.2023757205300143
2026.01.06 02:00,99.79398,-0.7011747307318501,-0.5127757697908828,-0.1883989609409673,-0.8327152738109049,-0.8187949247964715,-0.013920349014433397,0.0,0.0,-0.7011747307318643,-0.5127757697908903,-0.18839896094097397
2026.01.06 02:01,99.64636,-0.7349502293076995,-0.5617944094166698,-0.17315581989102968,-0.8085955059598433,-0.8167550410291459,0.00815953506930256,0.0,1.0,-0.7349502293077279,-0.5617944094166805,-0.17315581989104745
2026.01.06 02:02,99.50894,-0.7639992925303005,-0.6072469495669806,-0.15675234296331997,-0.7790361752613677,-0.8092112678755903,0.030175092614222576,0.0,0.0,-0.7639992925303005,-0.6072469495669913,-0.1567523429633092
2026.01.06 02:03,99.38262,-0.78812879457044,-0.6488280912851223,-0.13930070328531774,-0.744240177692788,-0.7962170498390299,0.051976872146241804,0.0,0.0,-0.78812879457044,-0.6488280912851331,-0.13930070328530697
2026.01.06 02:04,99.26817,-0.8071820648916912,-0.6862595298625649,-0.12092253502912631,-0.7044511405862721,-0.7778638679884784,0.07341272740220628,0.0,0.0,-0.8071820648916912,-0.6862595298625757,-0.12092253502911554
2026.01.06 02:05,99.16633,-0.8210351733782204,-0.7192914473694085,-0.10174372600881187,-0.6599427218833966,-0.7542796387674622,0.09433691688406554,0.0,0.0,-0.8210351733782204,-0.7192914473694176,-0.10174372600880277
2026.01.06 02:06,99.07771,-0.8296016239203539,-0.7477044210079467,-0.08189720291240721,-0.6110240225637256,-0.7256285155267148,0.11460449296298925,0.0,0.0,-0.8296016239203539,-0.7477044210079542,-0.08189720291239966
2026.01.06 02:07,99.00286,-0.8328300210810511,-0.7713109264207677,-0.06151909466028338,-0.5580319337677935,-0.6921091991749306,0.13407726540713716,0.0,0.0,-0.8328300210810653,-0.7713109264207753,-0.06151909466029004
2026.01.06 02:08,98.9422,-0.8307074260237073,-0.7899565951594797,-0.040750830864227594,-0.50133442744864,-0.6539542448296725,0.15261981738103247,0.0,0.0,-0.8307074260237073,-0.7899565951594857,-0.0407508308642216
2026.01.06 02:09,98.89608,-0.8232567612235044,-0.8035212652141079,-0.019735496009396503,-0.44132292268584195,-0.6114279804009064,0.17010505771506446,0.0,0.0,-0.8232567612235044,-0.8035212652141124,-0.01973549600939206
2026.01.06 02:10,98.86474,-0.8105375593290773,-0.8119198574387054,0.0013822981096280884,-0.3784114314073861,-0.5648246706022024,0.18641323919481634,1.0,0.0,-0.8105375593290773,-0.8119198574387068,0.0013822981096294207
2026.01.06 02:11,98.84831,-0.7926461326672722,-0.8151028396761467,0.022456707008874477,-0.31303475856148566,-0.5144666881940592,0.2014319296325735,0.0,0.0,-0.7926461326672722,-0.815102839676148,0.02245670700887581
2026.01.06 02:12,98.84682,-0.7697144891838974,-0.8130568057443086,0.04334231656041121,-0.2456446683918614,-0.46070228423361964,0.21505761584175825,0.0,0.0,-0.7697144891838974,-0.8130568057443099,0.04334231656041254
2026.01.06 02:13,98.86021,-0.7419082786008033,-0.8058041628230989,0.06389588422229553,-0.17670474663394486,-0.40390277671368474,0.22719803007973988,0.0,0.0,-0.7419082786008175,-0.8058041628231017,0.0638958842222842
2026.01.06 02:14,98.88828,-0.7094287885017962,-0.793403453392385,0.0839746648905888,-0.10669299594775339,-0.3444608205604985,0.2377678246127451,0.0,0.0,-0.7094287885018105,-0.7934034533923895,0.08397466489057903
2026.01.06 02:15,98.93077,-0.6725077203216472,-0.775948575214751,0.10344085489310384,-0.03609131994748793,-0.2827869204378964,0.24669560049040845,0.0,0.0,-0.6725077203216614,-0.775948575214757,0.10344085489309562
2026.01.06 02:16,98.98729,-0.631408333909036,-0.7535683877511938,0.12216005384215789,0.03461254623321963,-0.2193070271036732,0.25391957333689286,0.0,0.0,-0.631408333909036,-0.7535683877511983,0.12216005384216233
2026.01.06 02:17,99.05736,-0.5864227937406525,-0.7264256508308544,0.14000285709020188,0.10493008604106535,-0.15445960447472548,0.25938969051579086,0.0,0.0,-0.5864227937406525,-0.7264256508308589,0.14000285709020632
2026.01.06 02:18,99.14042,-0.5378689626259217,-0.694715895431123,0.15684693280520134,0.1743774904961981,-0.08869218548054077,0.26306967597673886,0.0,0.0,-0.5378689626259217,-0.6947158954311274,0.15684693280520579
2026.01.06 02:19,99.2358,-0.4860899899562412,-0.6586661655008079,0.17257617554456672,0.24247561058341205,-0.022458626267750206,0.26493423685116224,0.0,0.0,-0.4860899899562412,-0.6586661655008123,0.17257617554457105
2026.01.06 02:20,99.34274,-0.43145210550044055,-0.6185334958156044,0.1870813903151638,0.3087531312239662,0.04378372523059308,0.2649694059933731,0.0,0.0,-0.43145210550044055,-0.6185334958156088,0.18708139031516824
2026.01.06 02:21,99.46042,-0.37434023471027444,-0.574603023096313,0.2002627883860385,0.3727532817425896,0.10957763653299238,0.26317564520959724,0.0,0.0,-0.37434023471028866,-0.5746030230963188,0.20026278838603018
2026.01.06 02:22,99.58794,-0.3151559458039088,-0.5271860972299913,0.2120301514260825,0.4340356949358437,0.17446924821356263,0.2595664467222811,0.0,0.0,-0.31515594580392303,-0.5271860972299973,0.2120301514260743
2026.01.06 02:23,99.72431,-0.2543164494151142,-0.4766180595536933,0.22230161013857908,0.4921762325533052,0.23801064508151115,0.2541655874717941,0.0,0.0,-0.25431644941512843,-0.4766180595536993,0.22230161013857086
2026.01.06 02:24,99.86851,-0.19224885025677452,-0.42325596287981854,0.23100711262304402,0.5467752826308896,0.29976357259138686,0.24701171003950273,0.0,0.0,-0.19224885025678873,-0.42325596287982453,0.2310071126230358
2026.01.06 02:25,100.01943,-0.12939031701013448,-0.367476183224385,0.23808586621425054,0.5974546723264638,0.3593017925384023,0.2381528797880615,0.0,0.0,-0.1293903170101487,-0.3674761832243926,0.23808586621424394
2026.01.06 02:26,100.17594,-0.06618251669426911,-0.3096717079970091,0.24348919130274,0.6438651338301327,0.41621446079674834,0.22765067303338432,0.0,0.0,-0.06618251669428332,-0.30967170799701826,0.24348919130273494
2026.01.06 02:27,100.33686,-0.0030695960286379886,-0.2502495561528665,0.2471799601242285,0.6856866804355093,0.4701089047245005,0.21557777571100878,0.0,0.0,-0.0030695960286521995,-0.2502495561528772,0.247179960124225
2026.01.06 02:28,100.50098,0.059505023820861425,-0.18962788795541063,0.24913291177627206,0.7226310843529831,0.520613340650197,0.20201774370278602,0.0,0.0,0.059505023820847214,-0.18962788795542293,0.24913291177627014
2026.01.06 02:29,100.66707,0.12110194793288542,-0.12823299312948552,0.24933494106237095,0.7544442827015558,0.5673795290604688,0.187064753641087,0.0,0.0,0.12110194793288542,-0.12823299312949782,0.24933494106238324
2026.01.06 02:30,100.83386,0.1812867523177033,-0.06649666123748799,0.2477834135551913,0.7809043752394302,0.6100844982962611,0.17081987694316914,0.0,0.0,0.1812867523177033,-0.06649666123749871,0.247783413555202
2026.01.06 02:31,101.00012,0.2396370491740072,-0.004852995128830653,0.24449004430283783,0.8018307290284099,0.6484337444426909,0.15339698458571904,0.0,0.0,0.2396370491740072,-0.004852995128839805,0.244490044302847
2026.01.06 02:32,101.16458,0.29574150341557015,0.05626455518568983,0.2394769482298803,0.8170778277268056,0.6821625610995139,0.1349152666272917,0.0,0.0,0.29574150341557015,0.05626455518568226,0.23947694822988788
2026.01.06 02:33,101.326,0.3492045202325613,0.11642604079561604,0.2327784794369453,0.8265399002580409,0.7110380289312194,0.11550187132682155,0.0,0.0,0.3492045202325613,0.11642604079561004,0.2327784794369513
2026.01.06 02:34,101.48317,0.3996497383059108,0.1752082691640655,0.22444146914184526,0.8301529393957452,0.7348610110241246,0.0952919283716206,0.0,0.0,0.3996497383059108,0.1752082691640611,0.22444146914184968
2026.01.06 02:35,101.63488,0.4467201543086077,0.2321974548310518,0.21452269947755587,0.8278905542636039,0.7534669196720205,0.07442363459158341,0.0,0.0,0.4467201543086077,0.23219745483104898,0.2145226994775587
2026.01.06 02:36,101.77998,0.4900827861704329,0.2869921639642819,0.20309062220615098,0.819768360782632,0.766727207894143,0.053041152888489096,0.0,0.0,0.4900827861704329,0.2869921639642807,0.2030906222061522
2026.01.06 02:37,101.91735,0.5294296597240589,0.3392060123979705,0.19022364732608837,0.8058413840759471,0.7745500431305038,0.03129134094544328,0.0,0.0,0.5294296597240589,0.3392060123979708,0.19022364732608804
2026.01.06 02:38,102.04594,0.56448148761109,0.3884704056955488,0.17601108191554116,0.7862065474964908,0.7768813440037012,0.009325203492789536,0.0,0.0,0.5644814876111042,0.3884704056955507,0.17601108191555348
2026.01.06 02:39,102.16474,0.5949878315384183,0.43443719227562827,0.16055063926279,0.7609986681106875,0.7737048088250986,-0.012706140714411118,0.0,-1.0,0.5949878315384325,0.4344371922756317,0.16055063926280078
2026.01.06 02:40,100.0,0.4394225131733549,0.4566355771644447,-0.017213063991089794,0.40910043823423337,0.7007839347069256,-0.2916834964726922,-1.0,0.0,0.4394225131733691,0.4566355771644497,-0.01721306399108058
2026.01.06 02:41,100.0,0.31253318951783626,0.45850132006469646,-0.1459681305468602,0.147639899254429,0.5901551276164263,-0.4425152283619973,0.0,0.0,0.3125331895178505,0.45850132006470307,-0.1459681305468526
2026.01.06 02:42,100.0,0.20955684546274256,0.4429849117569388,-0.23342806629419627,-0.042543479116503136,0.46361540626984044,-0.5061588853863436,0.0,0.0,0.20955684546275677,0.44298491175694704,-0.23342806629419027
2026.01.06 02:43,100.0,0.1264892614257036,0.412633747659138,-0.2861444862334344,-0.17690616622840594,0.33551109177019117,-0.512417257998597,0.0,0.0,0.1264892614257178,0.4126337476591478,-0.28614448623343
2026.01.06 02:44,100.0,0.05996634787615562,0.3696611024999767,-0.30969475462382107,-0.2678810816081949,0.21483265709451396,-0.48271373870270884,0.0,0.0,0.059966347876169834,0.36966110249998807,-0.30969475462381824
2026.01.06 02:45,100.0,0.00716387888006409,0.31600344613438014,-0.30883956725431605,-0.325436952452435,0.1067787351851242,-0.4322156876375592,0.0,0.0,0.0071638788800783,0.3160034461343931,-0.3088395672543148
2026.01.06 02:46,100.0,-0.03428721653146738,0.25336823766154387,-0.28765545419301125,-0.3575376364139089,0.013915460865317572,-0.3714530972792265,0.0,0.0,-0.03428721653145317,0.2533682376615584,-0.2876554541930116
2026.01.06 02:47,100.0,-0.06637240847460646,0.1832733603186887,-0.24964576879329517,-0.3705189026704261,-0.06297141184183115,-0.30754749082859495,0.0,0.0,-0.06637240847459225,0.18327336031870325,-0.2496457687932955
2026.01.06 02:48,100.0,-0.09075399864687483,0.10707982363143392,-0.19783382227830876,-0.3693971537481673,-0.12425656022309839,-0.2451405935250689,0.0,0.0,-0.09075399864686062,0.10707982363144847,-0.1978338222783091
2026.01.06 02:49,100.0,-0.10882215050666844,0.046163749889209106,-0.15498590039587753,-0.35812207196306645,-0.171029662571092,-0.18709240939197444,0.0,0.0,-0.10882215050665422,0.04616374988922366,-0.1549859003958779
2026.01.06 02:50,100.0,-0.12173797147366372,-0.0020886013320686667,-0.11964937014159505,-0.33978310142126134,-0.2047803503411259,-0.13500275108013543,0.0,0.0,-0.12173797147364951,-0.0020886013320541175,-0.1196493701415954
2026.01.06 02:51,100.0,-0.13046987711476277,-0.03986934828512481,-0.09060052882963796,-0.31677795746752224,-0.2271798717664052,-0.08959808570111705,0.0,0.0,-0.13046987711474856,-0.03986934828511027,-0.09060052882963829
2026.01.06 02:52,100.0,-0.13582427752173487,-0.06901529705706241,-0.06680898046467246,-0.29094993049709217,-0.2399338835125426,-0.05101604698454956,0.0,0.0,-0.13582427752172066,-0.06901529705704787,-0.06680898046467279
2026.01.06 02:53,100.0,-0.13847146556112477,-0.09106394299453802,-0.04740752256658676,-0.2636995703769145,-0.244687020885417,-0.0190125494914975,0.0,0.0,-0.13847146556111056,-0.09106394299452347,-0.04740752256658709
2026.01.06 02:54,100.0,-0.13896745088474916,-0.1073007574128506,-0.03166669347189856,-0.2360753599355121,-0.24296468869543603,0.0068893287599239295,0.0,1.0,-0.13896745088473494,-0.10730075741283605,-0.03166669347189889
2026.01.06 02:55,100.0,-0.13777236872080323,-0.11879910765611014,-0.01897326106469309,-0.20884717661614616,-0.23614118627957809,0.02729400966343193,0.0,0.0,-0.13777236872078902,-0.1187991076560956,-0.018973261064693422
2026.01.06 02:56,100.0,-0.13526599530209182,-0.12645395063694184,-0.008812044665149982,-0.18256567178549687,-0.22542608338076187,0.04286041159526499,0.0,0.0,-0.1352659953020776,-0.1264539506369273,-0.008812044665150315
2026.01.06 02:57,100.0,-0.13176081960023112,-0.13101026407620364,-0.0007505555240274742,-0.1576101435181556,-0.21186289540824063,0.05425275189008502,0.0,0.0,-0.1317608196002169,-0.1310102640761891,-0.0007505555240278072
2026.01.06 02:58,100.0,-0.12751305151927284,-0.1330870308553819,0.005573979336109064,-0.13422702113091134,-0.19633572055277476,0.06210869942186342,1.0,0.0,-0.12751305151925862,-0.13308703085536738,0.005573979336108759
2026.01.06 02:59,100.0,-0.12273188790577194,-0.13319746601450502,0.010465578108733081,-0.112560701860005,-0.17958071681422083,0.06702001495421583,0.0,0.0,-0.12273188790575773,-0.1331974660144905,0.010465578108732776
2026.01.06 03:00,100.0,-0.11758730800453066,-0.13176606944670147,0.014178761442170812,-0.0926781681902753,-0.16220020708943172,0.06952203889915642,0.0,0.0,-0.11758730800453066,-0.13176606944668853,0.014178761442157878
2026.01.06 03:01,100.0,-0.11221662793370513,-0.12914299727025372,0.01692636933654859,-0.07458855710675039,-0.14467787709289545,0.07008931998614507,0.0,0.0,-0.11221662793370513,-0.12914299727024237,0.01692636933653724
2026.01.06 03:02,100.0,-0.10673000818665912,-0.12561616867309086,0.01888616048643174,-0.05825864052526697,-0.12739402977936976,0.06913538925410279,0.0,0.0,-0.10673000818665912,-0.1256161686730811,0.01888616048642197
2026.01.06 03:03,100.0,-0.1012150780921246,-0.12142146058502147,0.02020638249289687,-0.04362500155107796,-0.1106402241337114,0.06701522258263344,0.0,0.0,-0.1012150780921246,-0.12142146058501327,0.02020638249288867
2026.01.06 03:04,100.0,-0.0957408157320998,-0.11675128803072109,0.021010472298621283,-0.030603547533857522,-0.09463288881374063,0.0640293412798831,0.0,0.0,-0.0957408157320998,-0.11675128803071447,0.021010472298614663
2026.01.06 03:05,100.0,-0.09036080031349059,-0.11176182192087651,0.021401021607385926,-0.019096882755420097,-0.07952568760207654,0.06042880484665644,0.0,0.0,-0.09036080031349059,-0.11176182192087146,0.021401021607380874
2026.01.06 03:06,100.0,-0.08511593580814747,-0.10657905705508944,0.02146312124694197,-0.008999966552636351,-0.0654205433921885,0.05642057683955215,0.0,0.0,-0.08511593580814747,-0.10657905705508597,0.0214631212469385
2026.01.06 03:07,100.0,-0.08003672930615835,-0.10130391014252116,0.02126718083636281,-0.00020440305327440456,-0.052377315324405684,0.05217291227113128,0.0,0.0,-0.08003672930615835,-0.10130391014251927,0.02126718083636092
2026.01.06 03:08,100.0,-0.07514519453329171,-0.09601649976780113,0.02087130523450942,0.007398356568302233,-0.040422180945864104,0.04782053751416634,0.0,0.0,-0.07514519453329171,-0.09601649976780083,0.020871305234509113
2026.01.06 03:09,100.0,-0.07045644000146467,-0.09077973665634936,0.020323296654884693,0.013914671848581861,-0.029554810386974915,0.04346948223555677,0.0,0.0,-0.07045644000146467,-0.09077973665634904,0.020323296654884374
2026.01.06 03:10,100.0,-0.06597999197794024,-0.08564233266126438,0.019662340683324134,0.019447047041779797,-0.019754438901223973,0.03920148594300377,0.0,0.0,-0.06597999197794024,-0.08564233266126406,0.019662340683323815
2026.01.06 03:11,100.0,-0.06172089461502139,-0.08064132004219352,0.01892042542717212,0.02409299330035708,-0.010984952460907764,0.03507794576126484,0.0,0.0,-0.06172089461502139,-0.08064132004219321,0.018920425427171816
2026.01.06 03:12,100.0,-0.05768062295331333,-0.07580415836010337,0.018123535406790042,0.027944300057853866,-0.0031991019571554393,0.031143402015009307,0.0,0.0,-0.05768062295331333,-0.07580415836010307,0.018123535406789737
2026.01.06 03:13,100.0,-0.053857838911198996,-0.07115049426889217,0.01729265535769317,0.03108662033801579,0.0036580425018788074,0.027428577836136985,0.0,0.0,-0.053857838911198996,-0.07115049426889186,0.017292655357692865
2026.01.06 03:14,100.0,-0.05024901564273421,-0.06669362930547479,0.01644461366274058,0.033599293971960265,0.0096462927958951,0.023953001176065164,0.0,0.0,-0.05024901564273421,-0.06669362930547448,0.016444613662740276
2026.01.06 03:15,100.0,-0.04684895165016201,-0.062441742176809735,0.015592790526647728,0.03555534832857177,0.014828103902430435,0.020727244426141333,0.0,0.0,-0.04684895165016201,-0.06244174217680944,0.01559279052664743
2026.01.06 03:16,100.0,-0.04365119266280715,-0.058398904771992936,0.014747712109185789,0.037021628809966955,0.01926680888393774,0.017754819926029217,0.0,0.0,-0.04365119266280715,-0.05839890477199264,0.01474771210918549
2026.01.06 03:17,100.0,-0.04064837644580166,-0.054565924984494044,0.013917548538692384,0.03805902157658636,0.023025251422467464,0.015033770154118897,0.0,0.0,-0.04064837644580166,-0.05456592498449374,0.013917548538692079
2026.01.06 03:18,100.0,-0.037832513296322645,-0.05094104423947826,0.013108530943155616,0.03872273919520808,0.026164748977015588,0.01255799021819249,0.0,0.0,-0.037832513296322645,-0.050941044239477956,0.013108530943155311
2026.01.06 03:19,100.0,-0.03519521295646655,-0.0475205132370923,0.01232530028062575,0.03906264651007518,0.02874432848362751,0.010318318026447674,0.0,0.0,-0.03519521295646655,-0.04752051323709199,0.012325300280625444
2026.01.06 03:20,100.0,-0.03272786695849561,-0.04429906571970054,0.01157119876120493,0.039123609328768794,0.03082018465265577,0.008303424676113023,0.0,0.0,-0.03272786695849561,-0.04429906571970024,0.011571198761204632
2026.01.06 03:21,100.0,-0.03042179397480993,-0.041270306944311275,0.010848512969501345,0.03894585273275197,0.032445318268675014,0.00650053446407696,0.0,0.0,-0.03042179397480993,-0.04127030694431097,0.01084851296950104
2026.01.06 03:22,100.0,-0.028268354526332473,-0.03842703090154833,0.010158676375215857,0.0385653191746087,0.033669318449861756,0.0048960007247469475,0.0,0.0,-0.028268354526332473,-0.038427030901548025,0.010158676375215552
2026.01.06 03:23,100.0,-0.026259040376942266,-0.03576147809423812,0.00950243771729585,0.03801401917195335,0.03453825859428008,0.0034757605776732717,0.0,0.0,-0.026259040376942266,-0.03576147809423781,0.009502437717295545
2026.01.06 03:24,100.0,-0.024385543076121508,-0.033265543808233614,0.008880000732112106,0.03732036948969153,0.03509468077336237,0.002225688716329159,0.0,0.0,-0.024385543076121508,-0.03326554380823331,0.0088800007321118
2026.01.06 03:25,100.0,-0.02263980538371868,-0.030930945221668227,0.008291139837949546,0.03650951532630131,0.03537764768395016,0.0011318676423511531,0.0,0.0,-0.02263980538371868,-0.030930945221667925,0.008291139837949244
2026.01.06 03:26,100.0,-0.021014058697261362,-0.028749354360719306,0.0077352956634579445,0.03560363427760649,0.035422845002681426,0.00018078927492506253,0.0,0.0,-0.021014058697261362,-0.028749354360719,0.007735295663457639
2026.01.06 03:27,100.0,-0.01950084908597205,-0.026712502781791464,0.007211653695819414,0.034622220816558524,0.03526272016545685,-0.0006404993488983227,0.0,-1.0,-0.01950084908597205,-0.02671250278179116,0.007211653695819109
2026.01.06 03:28,100.0,-0.018093054101782968,-0.024812262909048845,0.0067192088072658765,0.033582350756447,0.03492664628365488,-0.0013442955272078838,0.0,0.0,-0.018093054101782968,-0.02481226290904854,0.006719208807265571
2026.01.06 03:29,100.0,-0.016783892172853143,-0.02304071015508857,0.006256817982235426,0.03249892571068358,0.03444110216906063,-0.0019421764583770484,0.0,0.0,-0.016783892172853143,-0.023040710155088264,0.006256817982235121
2026.01.06 03:30,100.0,-0.015566926078406595,-0.02139016927771042,0.005823243199303826,0.0313848979596969,0.033829861327187884,-0.0024449633674909835,0.0,0.0,-0.015566926078406595,-0.021390169277710116,0.00582324319930352
2026.01.06 03:31,100.0,-0.0144360617471051,-0.01985324785779627,0.005417186110691169,0.030251476417731737,0.03311418434529666,-0.0028627079275649198,0.0,0.0,-0.0144360617471051,-0.019853247857795964,0.005417186110690864
2026.01.06 03:32,100.0,-0.013385543404950795,-0.01842285930535277,0.005037315900401976,0.029108314585513995,0.03231301039334013,-0.003204695807826133,0.0,0.0,-0.013385543404950795,-0.018422859305352465,0.00503731590040167
2026.01.06 03:33,100.0,-0.012409945918577137,-0.017092237398958952,0.004682291480381816,0.02796368149758166,0.031443144614188435,-0.003479463116606775,0.0,0.0,-0.012409945918577137,-0.017092237398958647,0.0046822914803815105
2026.01.06 03:34,100.0,-0.011504165028483726,-0.015854944026155067,0.004350778997671341,0.026824616742501917,0.03051943903985113,-0.003694822297349215,0.0,0.0,-0.011504165028483726,-0.015854944026154765,0.004350778997671039
2026.01.06 03:35,100.0,-0.010663406040180234,-0.014704871508701608,0.004041465468521374,0.025697070664307375,0.029554965364742385,-0.003857894700435009,0.0,0.0,-0.010663406040180234,-0.014704871508701305,0.00404146546852107
2026.01.06 03:36,100.0,-0.009883171436356974,-0.013636240658744378,0.003753069222387403,0.024586030851921237,0.028561178462178156,-0.00397514761025692,0.0,0.0,-0.009883171436356974,-0.013636240658744074,0.0037530692223870996
2026.01.06 03:37,100.0,-0.009159247784523927,-0.012643595512382262,0.003484347727858335,0.023495636001541698,0.027548069970050867,-0.00405243396850917,0.0,0.0,-0.009159247784523927,-0.012643595512381959,0.0034843477278580313
2026.01.06 03:38,100.0,-0.008487692242098888,-0.011721795520076234,0.0032341032779773463,0.02242927819817453,0.026524311615675603,-0.004095033417501073,0.0,0.0,-0.008487692242098888,-0.01172179552007593,0.0032341032779770428
2026.01.06 03:39,100.0,-0.007864818899832926,-0.010866005833568048,0.0030011869337351216,0.021389694613674237,0.02549738821527533,-0.004107693601601094,0.0,0.0,-0.007864818899832926,-0.010866005833567746,0.00300118693373482
2026.01.06 03:40,100.0,-0.007287185154183362,-0.0100716862121323,0.0027845010579489373,0.020379049563402418,0.02447372048490075,-0.004094670921498331,0.0,0.0,-0.007287185154183362,-0.010071686212131996,0.0027845010579486337
2026.01.06 03:41,100.0,-0.006751578257677693,-0.0093345789735464,0.0025830007158687066,0.01939900780398318,0.023458777948717237,-0.004059770144734055,0.0,0.0,-0.006751578257677693,-0.009334578973546096,0.002583000715868403
2026.01.06 03:42,100.0,-0.006255002162035339,-0.008650696333930645,0.0023956941718953056,0.018450799893329872,0.022457182337639763,-0.00400638244430989,0.0,0.0,-0.006255002162035339,-0.008650696333930341,0.002395694171895002
2026.01.06 03:43,100.0,-0.005794664740520261,-0.008016307413045815,0.0022216426725255537,0.01753528037359331,0.021472801944830474,-0.003937521571237165,0.0,0.0,-0.005794664740520261,-0.008016307413045511,0.00222164267252525
2026.01.06 03:44,100.0,-0.005367965453118018,-0.007427925125594458,0.00205995967247644,0.01665297947759825,0.02050883745138403,-0.0038558579737857784,0.0,0.0,-0.005367965453118018,-0.007427925125594154,0.0020599596724761365
2026.01.06 03:45,100.0,-0.004972483499145142,-0.006882293132570921,0.001909809633425779,0.015804149001795054,0.019567899761466237,-0.0037637507596711833,0.0,0.0,-0.004972483499145142,-0.006882293132570617,0.0019098096334254754
2026.01.06 03:46,100.0,-0.004605966486778357,-0.006376372988376969,0.001770406501598612,0.01498880293385696,0.018652080395944383,-0.0036632774620874234,0.0,0.0,-0.004605966486778357,-0.006376372988376665,0.0017704065015983084
2026.01.06 03:47,100.0,-0.004266319636784033,-0.005907331587786429,0.0016410119510023961,0.014206753371098557,0.01776301499097522,-0.003556261619876662,0.0,0.0,-0.004266319636784033,-0.005907331587786125,0.0016410119510020926
2026.01.06 03:48,100.0,-0.0039515955276812065,-0.005472528990880682,0.0015209334631994757,0.013457642217616694,0.016901940436303515,-0.0034442982186868205,0.0,0.0,-0.0039515955276812065,-0.0054725289908803786,0.001520933463199172
2026.01.06 03:49,100.0,-0.003659984382053949,-0.005069506682866303,0.001409522300812354,0.012740969102225108,0.016069746169487836,-0.003328777067262728,0.0,0.0,-0.003659984382053949,-0.0050695066828659995,0.0014095223008120505
2026.01.06 03:50,100.0,-0.0033898048875329323,-0.004695976308405774,0.0013061714208728419,0.012056115918042565,0.015267020119198782,-0.0032109042011562172,0.0,0.0,-0.0033898048875329323,-0.004695976308405471,0.0013061714208725383
2026.01.06 03:51,100.0,-0.0031394955412622494,-0.004349808906097653,0.0012103133648354034,0.011402368345599712,0.014494089764478968,-0.0030917214188792563,0.0,0.0,-0.0031394955412622494,-0.00434980890609735,0.0012103133648351007
2026.01.06 03:52,100.0,-0.0029076065031148346,-0.00402902465749705,0.0011214181543822152,0.010778934685987451,0.013751058748780666,-0.0029721240627932147,0.0,0.0,-0.0029076065031148346,-0.004029024657496747,0.0011214181543819125
2026.01.06 03:53,100.0,-0.002692791940418715,-0.0037317831560860163,0.0010389912156673013,0.010184962298168898,0.013037839458658313,-0.0028528771604894154,0.0,0.0,-0.002692791940418715,-0.003731783156085713,0.0010389912156669981
2026.01.06 03:54,100.0,-0.002493802844966808,-0.0034563741945106458,0.0009625713495438376,0.009619551905146295,0.01235418194795591,-0.0027346300428096153,0.0,0.0,-0.002493802844966808,-0.0034563741945103426,0.0009625713495435345
2026.01.06 03:55,100.0,-0.0023094803018608445,-0.0032012090628531446,0.0008917287609923,0.009081770006602596,0.011699699559685249,-0.0026179295530826523,0.0,0.0,-0.0023094803018608445,-0.0032012090628528414,0.0008917287609919969
2026.01.06 03:56,100.0,-0.002138749189157352,-0.00296481234645018,0.0008260631572928282,0.008570659611365272,0.011073891570021255,-0.0025032319586559826,0.0,0.0,-0.002138749189157352,-0.002964812346449877,0.0008260631572925251
2026.01.06 03:57,100.0,-0.0019806122867294107,-0.002745814208566647,0.0007652019218372364,0.008085249480828338,0.010476163152182673,-0.0023909136713543347,0.0,0.0,-0.0019806122867294107,-0.002745814208566344,0.0007652019218369333
2026.01.06 03:58,100.0,-0.0018341447730136906,-0.0025429431408955073,0.0007087983678818167,0.007624562054544981,0.009905842932655135,-0.002281280878110154,0.0,0.0,-0.0018341447730136906,-0.002542943140895204,0.0007087983678815135
2026.01.06 03:59,100.0,-0.0016984890882127957,-0.00235501916319327,0.0006565300749804743,0.007187620211112744,0.009362198388346657,-0.0021745781772339132,0.0,0.0,-0.0016984890882127957,-0.002355019163192967,0.0006565300749801712
2026.01.06 04:00,100.0,-0.0015728501432761277,-0.002180947452305923,0.0006080973090297954,0.006773453001216012,0.008844449310920528,-0.002070996309704516,0.0,0.0,-0.0015728501432761277,-0.00218094745230562,0.0006080973090294923
2026.01.06 04:01,100.0,-0.0014564908543093225,-0.0020197123802164216,0.0005632215259070992,0.006381100474982304,0.008351779543732884,-0.0019706790687505794,0.0,0.0,-0.0014564908543093225,-0.0020197123802161185,0.000563221525906796
2026.01.06 04:02,100.0,-0.0013487279828439114,-0.001870371940485888,0.0005216439576419766,0.006009617712905424,0.007883347177567392,-0.001873729464661968,0.0,0.0,-0.0013487279828439114,-0.0018703719404855848,0.0005216439576416734
2026.01.06 04:03,100.0,-0.0012489282632230925,-0.001732052542514364,0.00048312427929127146,0.0056580781569977034,0.007438293373453455,-0.0017802152164557517,0.0,0.0,-0.0012489282632230925,-0.0017320525425140608,0.0004831242792909683
2026.01.06 04:04,100.0,-0.0011565047989847699,-0.0016039441533059113,0.00044743935432114143,0.005325576329241244,0.007015749964611013,-0.0016901736353697695,0.0,0.0,-0.0011565047989847699,-0.0016039441533056082,0.0004474393543208383
2026.01.06 04:05,100.0,-0.001070913711060939,-0.0014852957668507543,0.0004143820557898153,0.005011230014176249,0.0066148459745240615,-0.0016036159603478126,0.0,0.0,-0.001070913711060939,-0.0014852957668504512,0.00041438205578951215
2026.01.06 04:06,100.0,-0.0009916510215361996,-0.0013754111818292864,0.0003837601602930869,0.004714181973795917,0.006234713174378433,-0.0015205312005825162,0.0,0.0,-0.0009916510215361996,-0.0013754111818289833,0.00038376016029278374
2026.01.06 04:07,100.0,-0.000918249757418721,-0.0012736450689854008,0.0003553953115666799,0.004433601255954045,0.005874490790693556,-0.0014408895347395112,0.0,0.0,-0.000918249757418721,-0.0012736450689850977,0.00035539531156637675
2026.01.06 04:08,100.0,-0.0008502772598006914,-0.0011793993102729447,0.0003291220504722534,0.00416868415004501,0.0055333294625638475,-0.0013646453125188375,0.0,0.0,-0.0008502772598006914,-0.0011793993102726416,0.00032912205047195024
2026.01.06 04:09,100.0,-0.0007873326846379314,-0.0010921195926464785,0.0003047869080085471,0.003918654837605118,0.0052103945375721016,-0.0012917396999669838,0.0,0.0,-0.0007873326846379314,-0.0010921195926461753,0.00030478690800824393
2026.01.06 04:10,100.0,-0.0007290446820462648,-0.0010112922401728055,0.00028224755812654065,0.0036827657806384195,0.004904868786185365,-0.0012221030055469453,0.0,0.0,-0.0007290446820462648,-0.0010112922401725023,0.0002822475581262375
2026.01.06 04:11,100.0,-0.0006750692420496307,-0.000936441268973441,0.00026137202692381024,0.0034602978845299504,0.004615954605854282,-0.0011556567213243316,0.0,0.0,-0.0006750692420496307,-0.0009364412689731378,0.0002613720269235071
2026.01.06 04:12,100.0,-0.0006250876951270357,-0.0008671256502961013,0.00024203795516906565,0.003250560469197694,0.004342875778522964,-0.0010923153093252702,0.0,0.0,-0.0006250876951270357,-0.0008671256502957982,0.0002420379551687625
2026.01.06 04:13,100.0,-0.0005788048569854709,-0.0008029367678517347,0.00022413191086626384,0.003052891077246045,0.0040848788382675805,-0.0010319877610215356,0.0,0.0,-0.0005788048569854709,-0.0008029367678514316,0.0002241319108659607
2026.01.06 04:14,100.0,-0.0005359473073696108,-0.000743496056330476,0.00020754874896086522,0.0028666551450271527,0.003841234099619495,-0.0009745789545923425,0.0,0.0,-0.0005359473073696108,-0.0007434960563301729,0.00020754874896056208
2026.01.06 04:15,100.0,-0.0004962617934864966,-0.0006884528087693979,0.00019219101528290133,0.0026912455592764672,0.0036112363915508897,-0.0009199908322744224,0.0,0.0,-0.0004962617934864966,-0.0006884528087690948,0.0001921910152825982
2026.01.06 04:16,100.0,-0.0004595137493481616,-0.0006374821412060024,0.0001779683918578408,0.0025260821191039895,0.00339420553706151,-0.0008681234179575203,0.0,0.0,-0.0004595137493481616,-0.0006374821412056993,0.00017796839185753777
2026.01.06 04:17,100.0,-0.00042548592276148156,-0.0005902831037572013,0.00016479718099571977,0.0023706109206358406,0.003189486613776376,-0.0008188756931405356,0.0,0.0,-0.00042548592276148156,-0.0005902831037568982,0.00016479718099541663
2026.01.06 04:18,100.0,-0.00039397710223454396,-0.0005465769279346028,0.0001525998257000588,0.0022243036798670346,0.002996450026994508,-0.0007721463471274735,0.0,0.0,-0.00039397710223454396,-0.0005465769279342996,0.00015259982569975565
2026.01.06 04:19,100.0,-0.00036480093683621817,-0.000506105400689042,0.00014130446385282385,0.0020866570065152246,0.0028144914228986516,-0.000727834416383427,0.0,0.0,-0.00036480093683621817,-0.0005061054006887389,0.0001413044638525207
2026.01.06 04:20,100.0,-0.0003377848421592944,-0.00046862935625678246,0.00013084451409748807,0.0019571916410541235,0.0026430314665297464,-0.0006858398254756229,0.0,0.0,-0.0003377848421592944,-0.0004686293562564793,0.00013084451409718493
2026.01.06 04:21,100.0,-0.00031276898630494543,-0.0004339272774987724,0.00012115829119382698,0.0018354516644194518,0.002481515506107688,-0.0006460638416882361,0.0,0.0,-0.00031276898630494543,-0.00043392727749846927,0.00012115829119352384
2026.01.06 04:22,100.0,-0.00028960535010469357,-0.00040179399895646383,0.00011218864885177026,0.0017210036893970937,0.002329413142765569,-0.0006084094533684754,0.0,0.0,-0.00028960535010469357,-0.0004017939989561607,0.00011218864885146712
2026.01.06 04:23,100.0,-0.0002681568562081793,-0.00037203950438297143,0.00010388264817479212,0.0016134360409694182,0.002186217722406339,-0.0005727816814369209,0.0,0.0,-0.0002681568562081793,-0.0003720395043826683,0.00010388264817448898
2026.01.06 04:24,100.0,-0.00024829656206293294,-0.00034448781200257546,0.00009619124993964252,0.0015123579322420255,0.0020514457643734767,-0.0005390878321314511,0.0,0.0,-0.00024829656206293294,-0.0003444878120022723,0.00009619124993933938
2026.01.06 04:25,100.0,-0.00022990691209656688,-0.00031897594119684273,0.00008906902910027584,0.0014173986412799877,0.001924636339754779,-0.0005072376984747913,0.0,0.0,-0.00022990691209656688,-0.0003189759411965396,0.0000890690290999727
2026.01.06 04:26,100.0,-0.00021287904489497578,-0.00029535295476723096,0.00008247390987225518,0.001328206693514744,0.001805350410506772,-0.000477143716992028,0.0,0.0,-0.00021287904489497578,-0.0002953529547669278,0.00008247390987195204
2026.01.06 04:27,100.0,-0.00019711215126960724,-0.00027347907132668244,0.0000763669200570752,0.0012444490538143782,0.0016931701391682933,-0.00044872108535391514,0.0,0.0,-0.00019711215126960724,-0.0002734790713263793,0.00007636692005677205
2026.01.06 04:28,100.0,-0.0001825128796184572,-0.00025322484274693124,0.00007071196312847405,0.0011658103311447121,0.0015876981775635774,-0.00042188784641886525,0.0,0.0,-0.0001825128796184572,-0.0002532248427466281,0.0000707119631281709
2026.01.06 04:29,100.0,-0.0001689947849570217,-0.00023447039194667872,0.00006547560698965703,0.0010919919989902382,0.0014885569418489097,-0.0003965649428586714,0.0,0.0,-0.0001689947849570217,-0.00023447039194637555,0.00006547560698935386
2026.01.06 04:30,100.0,-0.00015647781866334753,-0.00021710470665316784,0.000060626887989820305,0.0010227116332686137,0.0013953878801328506,-0.0003726762468642369,0.0,0.0,-0.00015647781866334753,-0.00021710470665286467,0.000060626887989517135
2026.01.06 04:31,100.0,-0.00014488785568289586,-0.00020102498505074587,0.000056137129367850005,0.0009577021700266641,0.0013078507381116132,-0.0003501485680849491,0.0,0.0,-0.00014488785568289586,-0.00020102498505044272,0.00005613712936754686
2026.01.06 04:32,100.0,-0.00013415625670631925,-0.0001861360295505392,0.00005197977284421995,0.0008967111838558139,0.0012256228272604535,-0.00032891164340463955,0.0,0.0,-0.00013415625670631925,-0.00018613602955023603,0.00005197977284391678
2026.01.06 04:33,100.0,-0.0001242194625490356,-0.00017234968516010617,0.00004813022261107057,0.0008395001884053954,0.0011483982994894418,-0.0003088981110840464,0.0,0.0,-0.0001242194625490356,-0.000172349685159803,0.0000481302226107674
2026.01.06 04:34,100.0,-0.00011501861855833795,-0.00015958431921141405,0.0000445657006530761,0.0007858439595480604,0.0010758874315011657,-0.0002900434719531053,0.0,0.0,-0.00011501861855833795,-0.0001595843192111109,0.00004456570065277296
2026.01.06 04:35,100.0,-0.00010649922661798428,-0.00014776433940285943,0.000041265112784875154,0.0007355298821209999,0.0010078159216251326,-0.00027228603950413266,0.0,0.0,-0.00010649922661798428,-0.0001477643394025563,0.00004126511278457201
2026.01.06 04:36,100.0,-0.00009861082293127765,-0.00013681974736526727,0.000038208924433989614,0.0006883573200155979,0.0009439242013032257,-0.00025556688128762777,0.0,0.0,-0.00009861082293127765,-0.00013681974736496412,0.00003820892443368647
2026.01.06 04:37,100.0,-0.00009130667962153893,-0.00012668572514338747,0.00003537904552184854,0.0006441370101981647,0.0008839667630822134,-0.00023982975288404872,0.0,0.0,-0.00009130667962153893,-0.0001266857251430843,0.00003537904552154537
2026.01.06 04:38,100.0,-0.00008454352825992828,-0.00011730225217704376,0.000032758723917115476,0.0006026904805338518,0.0008277115065725411,-0.00022502102603868938,0.0,0.0,-0.00008454352825992828,-0.0001173022521767406,0.00003275872391681232
2026.01.06 04:39,100.0,-0.00007828130392795174,-0.00010861375053977756,0.000030332446611825817,0.0005638494910868985,0.0007749391034754127,-0.00021108961238851416,0.0,0.0,-0.00007828130392795174,-0.0001086137505394744,0.00003033244661152266
2026.01.06 04:40,98.86361,-0.09072467664037731,-0.010173034726616936,-0.08055164191376038,-0.16011546330868498,-0.03140314137895667,-0.1287123219297283,-1.0,0.0,-0.09072467664037731,-0.010173034726616632,-0.08055164191376069
2026.01.06 04:41,98.83321,-0.16313510402204656,-0.028284251144988073,-0.1348508528770585,-0.2704576785880022,-0.07921404882076577,-0.1912436297672364,0.0,0.0,-0.16313510402203235,-0.02828425114498619,-0.13485085287704615
2026.01.06 04:42,98.81426,-0.21951951175385886,-0.0526615058440225,-0.16685800590983635,-0.34028002912005206,-0.13142724488062302,-0.20885278423942905,0.0,0.0,-0.21951951175385886,-0.052661505844020615,-0.16685800590983824
2026.01.06 04:43,98.81048,-0.26149522138129555,-0.08170375059543775,-0.1797914707858578,-0.37713898472006235,-0.18056959284851087,-0.19656939187155148,0.0,0.0,-0.26149522138130976,-0.08170375059543744,-0.17979147078587232
2026.01.06 04:44,98.82515,-0.2902319144354948,-0.11393990784086849,-0.1762920065946263,-0.38686901217229774,-0.22182947671326825,-0.1650395354590295,0.0,0.0,-0.290231914435509,-0.11393990784086977,-0.17629200659463923
2026.01.06 04:45,98.86109,-0.3065719227892316,-0.1479924980593463,-0.15857942472988532,-0.374010281451163,-0.2522656376608472,-0.1217446437903158,0.0,0.0,-0.3065719227892316,-0.14799249805934758,-0.15857942472988404
2026.01.06 04:46,98.92048,-0.3111425626927229,-0.18255374872746868,-0.1285888139652542,-0.3421690887198565,-0.2702463278726491,-0.07192276084720745,0.0,0.0,-0.3111425626927229,-0.18255374872746996,-0.12858881396525293
2026.01.06 04:47,99.00487,-0.3044457983698976,-0.2163716659320951,-0.08807413243780252,-0.2942937505098513,-0.2750558124000895,-0.019237938109761765,0.0,0.0,-0.3044457983698976,-0.21637166593209636,-0.08807413243780124
2026.01.06 04:48,99.11508,-0.2869378969959371,-0.24824495656454054,-0.03869294043139654,-0.23289891493480752,-0.26662443290703314,0.033725517972225616,0.0,1.0,-0.2869378969959371,-0.24824495656454182,-0.03869294043139526
2026.01.06 04:49,99.25122,-0.2590907617656768,-0.2669522993562405,0.007861537590563683,-0.16023011778263196,-0.24534556988215292,0.08511545209952096,1.0,0.0,-0.2590907617656768,-0.26695229935624176,0.00786153759056496
2026.01.06 04:50,99.41262,-0.22144539072469627,-0.27343122010097937,0.0519858293762831,-0.07839440240135787,-0.21195533638599393,0.13356093398463606,0.0,0.0,-0.22144539072471048,-0.2734312201009838,0.05198582937627333
2026.01.06 04:51,99.59788,-0.17464898445925314,-0.2684456059571343,0.09379662149788115,0.01055377413432268,-0.16745351428193062,0.1780072884162533,0.0,0.0,-0.17464898445926735,-0.2684456059571403,0.09379662149787293
2026.01.06 04:52,99.80492,-0.11947882018337452,-0.252666005824032,0.13318718564065746,0.10456047551429037,-0.11305071632268643,0.2176111918369768,0.0,0.0,-0.11947882018340295,-0.25266600582403953,0.13318718564063659
2026.01.06 04:53,100.03099,-0.05685867643236975,-0.22673564604590699,0.16987696961353724,0.2015397918642492,-0.05013261468529931,0.2516724065495485,0.0,0.0,-0.05685867643239817,-0.22673564604591612,0.16987696961351795
2026.01.06 04:54,100.2728,0.012140338488578095,-0.19132317257059478,0.20346351105917287,0.2993730142190998,0.019768511095580504,0.27960450312351925,0.0,0.0,0.012140338488549673,-0.19132317257060708,0.20346351105915675
2026.01.06 04:55,100.52656,0.08630400729001053,-0.1471624425725133,0.23346644986252382,0.3959171392295957,0.09499823672238354,0.30091890250721215,0.0,0.0,0.08630400728998211,-0.14716244257252875,0.23346644986251086
2026.01.06 04:56,100.7881,0.1642895141026628,-0.09508074118667326,0.25937025528933605,0.4890309090804408,0.173804771193995,0.31522613788644577,0.0,0.0,0.16428951410263437,-0.09508074118669185,0.2593702552893262
2026.01.06 04:57,101.053,0.24464864890911997,-0.0360155694194447,0.2806642183285647,0.5766135762465865,0.25436653220451333,0.32224704404207316,0.0,0.0,0.24464864890909155,-0.03601556941946645,0.280664218328558
2026.01.06 04:58,101.3167,0.32585596365595393,0.028978511182958716,0.29687745247299524,0.6566483477414238,0.33482289531189546,0.3218254524295283,0.0,0.0,0.3258559636559255,0.028978511182933805,0.2968774524729917
2026.01.06 04:59,101.57463,0.4063420824615207,0.09873267487031616,0.30760940759120453,0.72725037496771,0.4133083912430584,0.31394198372465154,0.0,0.0,0.4063420824615065,0.09873267487029125,0.30760940759121524
2026.01.06 05:00,101.82232,0.4845290748879876,0.17197468146445402,0.3125543934235335,0.7867133377413609,0.48798938054271895,0.2987239571986419,0.0,0.0,0.48452907488797337,0.1719746814644291,0.3125543934235443
2026.01.06 05:01,102.05555,0.5588702333430433,0.2473467985229449,0.3115234348200984,0.8335589677592452,0.5571032979860242,0.276455669773221,0.0,0.0,0.5588702333430291,0.24734679852292155,0.3115234348201076
2026.01.06 05:02,102.27046,0.6278896568238537,0.3234299466625253,0.3044597101613284,0.8665810664448941,0.6189988516777982,0.24758221476709585,0.0,0.0,0.6278896568238395,0.3234299466625035,0.30445971016133594
2026.01.06 05:03,102.46366,0.6902212318378957,0.3987722681457828,0.29144896369211293,0.8848839428467841,0.6721758699115954,0.21270807293518867,0.0,0.0,0.6902212318378815,0.3987722681457626,0.2914489636921189
2026.01.06 05:04,102.63228,0.7446419104746838,0.4719209240551909,0.27272098641949283,0.8879068804350396,0.7153220720162843,0.17258480841875534,0.0,0.0,0.7446419104746553,0.4719209240551707,0.2727209864194846
2026.01.06 05:05,102.77413,0.7901089161248649,0.5414564131687689,0.24865250295609598,0.8754532752476223,0.747348312662552,0.12810496258507031,0.0,0.0,0.7901089161248365,0.5414564131687487,0.24865250295608776
2026.01.06 05:06,102.88767,0.8257844457240111,0.6060270572593124,0.21975738846469872,0.8476947902776573,0.767417608185573,0.08027718209208423,0.0,0.0,0.8257844457239827,0.6060270572592922,0.2197573884646905
2026.01.06 05:07,102.97214,0.8510630578518459,0.664383401058856,0.18667965679298992,0.8051802402381298,0.7749701345960844,0.030210105642045404,0.0,0.0,0.8510630578518175,0.6643834010588358,0.1866796567929817
2026.01.06 05:08,103.02749,0.8655848986032595,0.7154103806301603,0.15017451797309922,0.7488187760080791,0.7697398628784835,-0.020921086870404393,0.0,-1.0,0.8655848986032311,0.7154103806301385,0.15017451797309256
2026.01.06 05:09,103.05444,0.8692480513446412,0.7581569335697884,0.11109111777485281,0.6798637641122554,0.7517646431252378,-0.07190087901298248,0.0,0.0,0.8692480513446128,0.7581569335697651,0.1110911177748477
2026.01.06 05:10,103.05443,0.8622112843888203,0.791861494797097,0.07034978959172333,0.5998817516276915,0.7213880648257286,-0.12150631319803706,0.0,0.0,0.8622112843887919,0.7918614947970721,0.07034978959171978
2026.01.06 05:11,103.02958,0.8448900420799674,0.815972648714443,0.028917393365524457,0.5107131723394644,0.6792530863284758,-0.16853991398901136,0.0,0.0,0.844890042079939,0.8159726487144164,0.02891739336552257
2026.01.06 05:12,102.98262,0.8179447947772474,0.8301641557077043,-0.012219360930456946,0.4144240767667071,0.6262872844161221,-0.21186320764941502,-1.0,0.0,0.8179447947772331,0.8301641557076778,-0.012219360930444623
2026.01.06 05:13,102.91683,0.7822643327050116,0.8343444248444074,-0.052080092139395795,0.31325439305724956,0.5636807061443476,-0.25042631308709806,0.0,0.0,0.7822643327049974,0.8343444248443824,-0.052080092139385026
2026.01.06 05:14,102.8359,0.7389389070620354,0.8286588682818707,-0.08971996121983539,0.20955399077081438,0.492855363069641,-0.2833013722988266,0.0,0.0,0.7389389070620069,0.8286588682818459,-0.08971996121983894
2026.01.06 05:15,102.74387,0.689232104554705,0.8134863859297257,-0.1242542813750207,0.10572358151790695,0.41542900675929423,-0.3097054252413873,0.0,0.0,0.6892321045546765,0.8134863859297007,-0.12425428137502414
2026.01.06 05:16,102.64497,0.6345440729087528,0.7894287209360487,-0.15488464802729585,0.004146740562461559,0.3331725535199277,-0.32902581295746613,0.0,0.0,0.6345440729087386,0.7894287209360252,-0.15488464802728663
2026.01.06 05:17,102.54353,0.576373973209968,0.7572941736701274,-0.18092020046015944,-0.09287207092579308,0.24796362863078356,-0.34083569955657667,0.0,0.0,0.5763739732099538,0.7572941736701055,-0.18092020046015178
2026.01.06 05:18,102.4438,0.5162750748908564,0.7180749540641513,-0.2017998791732949,-0.18317590225262848,0.16173572245410117,-0.34491162470672965,0.0,0.0,0.5162750748908422,0.718074954064131,-0.2017998791732888
2026.01.06 05:19,102.34991,0.45581576623752085,0.6729198964917847,-0.2171041302542639,-0.2648059475880302,0.07642738844567488,-0.3412333360337051,0.0,0.0,0.45581576623752085,0.6729198964917676,-0.2171041302542468
2026.01.06 05:20,102.26566,0.3965320826346215,0.6231023454423018,-0.22657026280768033,-0.3360619878118456,-0.006070486805829209,-0.3299915010060164,0.0,0.0,0.3965320826346215,0.6231023454422879,-0.22657026280766646
2026.01.06 05:21,102.19447,0.3398868936849482,0.5699848008764908,-0.23009790719154266,-0.39554473611784147,-0.08396533666823167,-0.3115793994496098,0.0,0.0,0.3398868936849482,0.5699848008764784,-0.23009790719153023
2026.01.06 05:22,102.13925,0.28722839073365947,0.5149808073241183,-0.22775241659045886,-0.44219519695275267,-0.15561130872513587,-0.2865838882276168,0.0,0.0,0.2872283907336737,0.5149808073241091,-0.22775241659043544
2026.01.06 05:23,102.10232,0.23975248795721882,0.4595156496458054,-0.21976316168858656,-0.47532320505969494,-0.21955368799204772,-0.2557695170676472,0.0,0.0,0.23975248795721882,0.45951564964579933,-0.2197631616885805
2026.01.06 05:24,102.08535,0.19847031355450895,0.40498656175689474,-0.2065162482023858,-0.49462427446313484,-0.2745678052862652,-0.22005646917686966,0.0,0.0,0.19847031355450895,0.40498656175689185,-0.2065162482023829
2026.01.06 05:25,102.08931,0.1641808571016128,0.3527239822227681,-0.18854312512115529,-0.5001859353756828,-0.3196914313041487,-0.1804945040715341,0.0,0.0,0.1641808571016128,0.35272398222276674,-0.18854312512115395
2026.01.06 05:26,102.11442,0.13744796834676265,0.30395442612685636,-0.1665064577800937,-0.4924861312898514,-0.3542503713012893,-0.13823575998856213,0.0,0.0,0.13744796834676265,0.30395442612685664,-0.16650645778009399
2026.01.06 05:27,102.16017,0.1185866114209233,0.25976681907464155,-0.14118020765371825,-0.4723758308452375,-0.3778754632100789,-0.09450036763515857,0.0,0.0,0.1185866114209233,0.2597668190746434,-0.14118020765372008
2026.01.06 05:28,102.22534,0.10765652708961682,0.22108245916931887,-0.11342593207970206,-0.44105084565781283,-0.3905105396996257,-0.05054030595818715,0.0,0.0,0.10765652708961682,0.22108245916932073,-0.11342593207970392
2026.01.06 05:29,102.308,0.10446017580908062,0.1886300250775921,-0.08416984926851148,-0.4000195345612383,-0.39241233867194825,-0.0076071958892900415,0.0,0.0,0.10446017580908062,0.18863002507759397,-0.08416984926851334
2026.01.06 05:30,102.40558,0.10854964217548968,0.16292588602098562,-0.05437624384549594,-0.3510584805042356,-0.38414156703840574,0.033083086534170136,0.0,1.0,0.10854964217548968,0.16292588602098748,-0.0543762438454978
2026.01.06 05:31,102.51497,0.11924287488793084,0.14426082870479356,-0.025017953816862726,-0.2961567482156511,-0.3665446032738548,0.07038785505820372,0.0,0.0,0.11924287488791663,0.14426082870479226,-0.025017953816875632
2026.01.06 05:32,102.63257,0.13564306718528485,0.13269311528568978,0.0029499518995950713,-0.23746089354516187,-0.3407278613281162,0.10326696778295436,1.0,0.0,0.13564306718527064,0.1326931152856869,0.002949951899583747
2026.01.06 05:33,102.75444,0.15666825411699392,0.12804844201485477,0.028619812102139153,-0.17720800432422834,-0.30802388992733865,0.1308158856031103,0.0,0.0,0.1566682541169797,0.12804844201485033,0.028619812102129383
2026.01.06 05:34,102.87635,0.18108059995674353,0.1299261912209804,0.05115440873576313,-0.11766668565489624,-0.2699524490728502,0.15228576341795397,0.0,0.0,0.18108059995672932,0.12992619122097437,0.05115440873575494
2026.01.06 05:35,102.99398,0.2075270749028988,0.13771275861610663,0.06981431628679216,-0.06106427374227508,-0.2281748140067352,0.16711054026446012,0.0,0.0,0.20752707490288458,0.13771275861609902,0.06981431628678555
2026.01.06 05:36,103.10298,0.23457742336610465,0.15060062661001566,0.08397679675608899,-0.0095267355808204,-0.18444519832155226,0.17491846274073186,0.0,0.0,0.23457742336609044,0.1506006266100065,0.08397679675608394
2026.01.06 05:37,103.19915,0.26076915024336245,0.16761314029376517,0.09315600994959727,0.03498748777991523,-0.14055866110125875,0.17554614888117398,0.0,0.0,0.26076915024334824,0.16761314029375443,0.0931560099495938
2026.01.06 05:38,103.27851,0.2846487180219128,0.1876340894285243,0.09701462859338852,0.0707399175487069,-0.09829894537126563,0.16903886291997253,0.0,0.0,0.2846487180218986,0.18763408942851198,0.09701462859338664
2026.01.06 05:39,103.33746,0.30481648516439463,0.20944151642729153,0.0953749687371031,0.09626569361893189,-0.05938601757322613,0.15565171119215804,0.0,0.0,0.30481648516439463,0.2094415164272792,0.09537496873711543
2026.01.06 05:40,103.37287,0.3199684795334292,0.23174436138790247,0.08822411814552675,0.11041610448505423,-0.02542559316157006,0.1358416976466243,0.0,0.0,0.3199684795334292,0.2317443613878917,0.08822411814553752
2026.01.06 05:41,103.38217,0.32893521609567244,0.25322126682239,0.07571394927328245,0.11239163670440178,0.0021378528116243085,0.11025378389277747,0.0,0.0,0.32893521609567244,0.2532212668223808,0.07571394927329167
2026.01.06 05:42,103.36342,0.3307161610820941,0.2725599231518456,0.058156237930248544,0.10176413666400208,0.022063109582099862,0.07970102708190221,0.0,0.0,0.3307161610820941,0.27255992315183797,0.05815623793025615
2026.01.06 05:43,103.3154,0.32451198793945935,0.288496744038814,0.036015243900645366,0.07849309821665429,0.03334910730901075,0.04514399090764354,0.0,0.0,0.32451198793945935,0.288496744038808,0.03601524390065136
2026.01.06 05:44,103.2376,0.3097467584067459,0.2998544866503525,0.0098922717563934,0.04292276913749049,0.0352638396747067,0.007658929462783792,0.0,0.0,0.3097467584067459,0.2998544866503481,0.009892271756397841
2026.01.06 05:45,103.13028,0.2860875414405797,0.30557783310307196,-0.019490291662492276,-0.004224490928834257,0.02736617355399851,-0.031590664482832764,-1.0,-1.0,0.2860875414405797,0.30557783310306913,-0.019490291662489445
2026.01.06 05:46,102.99445,0.25345541941364047,0.30476519634421395,-0.05130977693057348,-0.06186896136725295,0.00951914656974822,-0.07138810793700118,0.0,0.0,0.25345541941364047,0.30476519634421273,-0.05130977693057226
2026.01.06 05:47,102.83182,0.21202722786075867,0.2966961418818635,-0.08466891402110482,-0.12860805411989418,-0.01810629356818026,-0.11050176055171392,0.0,0.0,0.21202722786075867,0.29669614188186383,-0.08466891402110516
2026.01.06 05:48,102.6448,0.16223400396192744,0.28085364397047824,-0.1186196400085508,-0.20275249344035728,-0.055035533542615665,-0.1477169598977416,0.0,0.0,0.16223400396192744,0.2808536439704786,-0.11861964000855113
2026.01.06 05:49,102.43642,0.10475049231513367,0.2569405342795565,-0.15219004196442282,-0.28237409440706074,-0.10050324571550467,-0.18187084869155606,0.0,0.0,0.10475049231513367,0.2569405342795569,-0.1521900419644232
2026.01.06 05:50,102.21021,0.04047457302132784,0.22488935171574043,-0.18441477869441258,-0.3653659299718157,-0.1534757825667669,-0.21189014740504883,0.0,0.0,0.04047457302132784,0.2248893517157408,-0.18441477869441295
2026.01.06 05:51,101.97014,-0.029496185092313,0.18486575769636185,-0.21436194278867485,-0.4495008216969296,-0.21268079039279944,-0.23682003130413018,0.0,0.0,-0.029496185092313,0.18486575769636224,-0.21436194278867524
2026.01.06 05:52,101.72052,-0.10389314731703791,0.1372651871123066,-0.2411583344293445,-0.5324925182179925,-0.27664313595783807,-0.2558493822601544,0.0,0.0,-0.10389314731703791,0.13726518711230698,-0.2411583344293449
2026.01.06 05:53,101.46583,-0.18131454909062938,0.08270281961259823,-0.2640173687032276,-0.6120666753405146,-0.3437278438343734,-0.26833883150614124,0.0,0.0,-0.1813145490906436,0.08270281961259703,-0.2640173687032406
2026.01.06 05:54,101.21065,-0.2602623191515221,0.021997279546809148,-0.2822595986983312,-0.6860221411801888,-0.41218670330353646,-0.2738354378766523,0.0,0.0,-0.2602623191515363,0.021997279546806366,-0.28225959869834266
2026.01.06 05:55,100.95949,-0.3391855883542121,-0.04385172131628558,-0.2953338670379265,-0.7522975384786577,-0.48020887033856074,-0.2720886681400969,0.0,0.0,-0.3391855883542121,-0.04385172131628837,-0.29533386703792375
2026.01.06 05:56,100.71668,-0.4165241543864511,-0.11369076378819777,-0.3028333905982533,-0.8090306841018702,-0.5459732330912226,-0.2630574510106476,0.0,0.0,-0.4165241543864511,-0.11369076378820056,-0.30283339059825054
2026.01.06 05:57,100.48627,-0.49075061889166705,-0.1862446107719305,-0.30450600811973655,-0.8546094359950018,-0.6077004736719784,-0.2469089623230234,0.0,0.0,-0.49075061889166705,-0.18624461077193327,-0.3045060081197338
2026.01.06 05:58,100.27189,-0.5604141951405666,-0.2601517982670083,-0.30026239687355827,-0.8877202849282639,-0.6637044359232356,-0.22401584900502836,0.0,0.0,-0.5604141951405666,-0.26015179826701107,-0.3002623968735555
2026.01.06 05:59,100.07665,-0.6241821344222842,-0.33400254353852077,-0.29017959088376344,-0.9073877880999675,-0.712441106358582,-0.1949466817413854,0.0,0.0,-0.6241821344222842,-0.33400254353852354,-0.29017959088376066
2026.01.06 06:00,99.90308,-0.6808756237806364,-0.4063780367261123,-0.2744975870545241,-0.913000312304419,-0.7525529475477495,-0.16044736475666954,0.0,0.0,-0.6808756237806364,-0.406378036726115,-0.2744975870545214
2026.01.06 06:01,99.75305,-0.7295025385339784,-0.4758901913057723,-0.2536123472282061,-0.904327847166229,-0.7829079274714454,-0.1214199196947836,0.0,0.0,-0.7295025385339784,-0.4758901913057751,-0.2536123472282033
2026.01.06 06:02,99.62768,-0.769288155066846,-0.5412205919697963,-0.22806756309704967,-0.8815347163042304,-0.8026332852380025,-0.07890143106622793,0.0,0.0,-0.769288155066846,-0.5412205919697975,-0.22806756309704845
2026.01.06 06:03,99.52741,-0.7996911520077958,-0.6011571289538268,-0.19853402305396906,-0.8451652722926326,-0.8111396826489286,-0.03402558964370406,0.0,0.0,-0.7996911520077958,-0.6011571289538264,-0.1985340230539694
2026.01.06 06:04,99.45189,-0.8204222618389281,-0.6546278704521286,-0.16579439138679952,-0.7961363372643575,-0.8081390135720145,0.012002676307656945,0.0,1.0,-0.8204222618389281,-0.6546278704521282,-0.16579439138679986
2026.01.06 06:05,99.40006,-0.83144962980532,-0.7007307010542251,-0.13071892875109492,-0.7357073058858532,-0.7936526720347823,0.05794536614892909,0.0,0.0,-0.83144962980532,-0.7007307010542247,-0.13071892875109525
2026.01.06 06:06,99.37014,-0.8330008767327826,-0.7387585074810157,-0.09424236925176688,-0.6654480761272481,-0.7680117528532755,0.1025636767260274,0.0,0.0,-0.8330008767327826,-0.7387585074810153,-0.09424236925176721
2026.01.06 06:07,99.35974,-0.8255529832801187,-0.7682183728298548,-0.05733461045026389,-0.5871892270509278,-0.731847247692806,0.14465802064187816,0.0,0.0,-0.8255529832801187,-0.7682183728298545,-0.05733461045026422
2026.01.06 06:08,99.36589,-0.8098191296259927,-0.7888447056302669,-0.0209744239957258,-0.5029725433526551,-0.6860723068247758,0.18309976347212076,0.0,0.0,-0.8098191296259927,-0.7888447056302665,-0.020974423995726132
2026.01.06 06:09,99.38515,-0.7867269180208893,-0.8006059605458505,0.013879042524961194,-0.4149918758340334,-0.6318562206266274,0.21686434479259398,1.0,0.0,-0.7867269180208893,-0.8006059605458502,0.01387904252496086
2026.01.06 06:10,99.41371,-0.7573908899197903,-0.8037046662553852,0.04631377633559486,-0.32553049644077703,-0.5705910757894573,0.2450605793486803,0.0,0.0,-0.7573908899197903,-0.8037046662553848,0.046313776335594525
2026.01.06 06:11,99.4475,-0.7230800885309492,-0.7985704366402855,0.0754903481093363,-0.23689658097876531,-0.503852176827319,0.26695559584855366,0.0,0.0,-0.7230800885309492,-0.7985704366402852,0.07549034810933597
2026.01.06 06:12,99.48232,-0.6851805137843598,-0.785847032393237,0.10066651860887721,-0.15135667270388353,-0.4333530760026319,0.28199640329874837,0.0,0.0,-0.6851805137843598,-0.7858470323932367,0.10066651860887688
2026.01.06 06:13,99.51397,-0.6451540034981775,-0.766372781466487,0.12121877796830949,-0.07106999249364776,-0.3608964593008351,0.2898264668071873,0.0,0.0,-0.6451540034981775,-0.7663727814664867,0.12121877796830915
2026.01.06 06:14,99.53836,-0.6044963785902127,-0.7411557535536973,0.13665937496348468,0.0019715432987936765,-0.2883228587809093,0.290294402079703,0.0,0.0,-0.6044963785902127,-0.741155753553697,0.13665937496348435
2026.01.06 06:15,99.55166,-0.564692297780951,-0.711343689225716,0.14665139144476502,0.06600282744038566,-0.21745772153665033,0.283460548977036,0.0,0.0,-0.564692297780951,-0.7113436892257157,0.1466513914447647
2026.01.06 06:16,99.55039,-0.5271728350639506,-0.6781903394239196,0.15101750435996897,0.11953403312146804,-0.15005937060502667,0.2695934037264947,0.0,0.0,-0.5271728350639506,-0.6781903394239193,0.15101750435996864
2026.01.06 06:17,99.53152,-0.49327487612539755,-0.6430187557016313,0.1497438795762337,0.16139093168338547,-0.08776931014734424,0.2491602418307297,0.0,0.0,-0.49327487612539755,-0.6430187557016309,0.14974387957623336
2026.01.06 06:18,99.49259,-0.46420080714362655,-0.6071825211597132,0.14298171401608661,0.19075069484081553,-0.032065309149712284,0.2228160039905278,0.0,0.0,-0.46420080714362655,-0.6071825211597128,0.14298171401608628
2026.01.06 06:19,99.43178,-0.4409828806519869,-0.5720260756855128,0.1310431950335259,0.20716592112786714,0.015780936905803605,0.19138498422206354,0.0,0.0,-0.4409828806519869,-0.5720260756855124,0.13104319503352557
2026.01.06 06:20,99.34794,-0.42445484273801526,-0.5388454928196312,0.11439065008161597,0.21057362356810927,0.05473947423826474,0.15583414932984452,0.0,0.0,-0.42445484273800105,-0.5388454928196293,0.1143906500816283
2026.01.06 06:21,99.24067,-0.41522558405625887,-0.50885050062762,0.09362491657136118,0.20130012420672472,0.08405160423195673,0.11724851997476798,0.0,0.0,-0.41522558405624466,-0.5088505006276165,0.09362491657137184
2026.01.06 06:22,99.11029,-0.4136634516525248,-0.4831293282003253,0.06946587654780045,0.18004696540029386,0.10325067646562416,0.0767962889346697,0.0,0.0,-0.4136634516525248,-0.48312932820032173,0.0694658765477969
2026.01.06 06:23,98.95787,-0.41988430573333346,-0.46261687566067206,0.04273256992733859,0.14787217738410163,0.11217497664931966,0.03569720073478197,0.0,0.0,-0.41988430573333346,-0.4626168756606685,0.04273256992733504
2026.01.06 06:24,98.78519,-0.43374823066008616,-0.4480675348694649,0.014319304209378714,0.10615865324169249,0.11097171196779423,-0.004813058726101743,0.0,-1.0,-0.43374823066008616,-0.4480675348694613,0.014319304209375161
2026.01.06 06:25,98.5947,-0.4548630638003175,-0.4400331158401723,-0.014829947960145196,0.05657426220000161,0.10009222201423572,-0.043517959814234106,-1.0,0.0,-0.4548630638003175,-0.44003311584016874,-0.014829947960148748
2026.01.06 06:26,98.38944,-0.48259641667311826,-0.4388466203454746,-0.04374979632764364,0.001021578880852303,0.08027809338755904,-0.07925651450670673,0.0,0.0,-0.48259641667311826,-0.43884662034547106,-0.043749796327647195
2026.01.06 06:27,98.17296,-0.5160942126085502,-0.4446125542860217,-0.07148165832252845,-0.058418190976965434,0.052538836514654144,-0.11095702749161958,0.0,0.0,-0.5160942126085502,-0.4446125542860181,-0.07148165832253206
2026.01.06 06:28,97.94924,-0.5543041186820545,-0.4572038029560292,-0.09710031572602534,-0.11954365468132266,0.018122338275458783,-0.13766599295678145,0.0,0.0,-0.5543041186820687,-0.4572038029560272,-0.09710031572604155
2026.01.06 06:29,97.72255,-0.5960073314897159,-0.476265190595107,-0.11974214089460883,-0.1801000020485759,-0.021522129789348157,-0.15857787225922776,0.0,0.0,-0.5960073314897301,-0.4762651905951082,-0.11974214089462187
2026.01.06 06:30,97.49737,-0.6398517593989794,-0.501223654522076,-0.13862810487690347,-0.23784092123128175,-0.06478588807773489,-0.17305503315354687,0.0,0.0,-0.6398517593989794,-0.5012236545220787,-0.1386281048769007
2026.01.06 06:31,97.2782,-0.6843946956879989,-0.5313049038593508,-0.15308979182864813,-0.2906006366501117,-0.10994883779221026,-0.18065179885790145,0.0,0.0,-0.6843946956879989,-0.5313049038593536,-0.15308979182864535
2026.01.06 06:32,97.0695,-0.7281420708923605,-0.5655557666547982,-0.16258630423756226,-0.33635212272341164,-0.15522949477845055,-0.1811226279449611,0.0,0.0,-0.7281420708923605,-0.5655557666548011,-0.16258630423755938
2026.01.06 06:33,96.87554,-0.7695917572103923,-0.6028717140492766,-0.16672004316111566,-0.37326636405298075,-0.1988368686333566,-0.17442949541962416,0.0,0.0,-0.7695917572103923,-0.6028717140492795,-0.16672004316111277
2026.01.06 06:34,96.70026,-0.8072787563802422,-0.6420290132248239,-0.1652497431554183,-0.3997687484351644,-0.23902324459371818,-0.16074550384144623,0.0,0.0,-0.8072787563802422,-0.6420290132248268,-0.1652497431554154
2026.01.06 06:35,96.54719,-0.839816561924934,-0.6817201404750256,-0.15809642144990843,-0.41458284022074565,-0.2741351637191237,-0.14044767650162193,0.0,0.0,-0.839816561924934,-0.6817201404750285,-0.15809642144990554
2026.01.06 06:36,96.41931,-0.8659398390676358,-0.7205918767482573,-0.14534796231937852,-0.41677209723879116,-0.30266255042305723,-0.11410954681573393,0.0,0.0,-0.8659398390676358,-0.7205918767482602,-0.14534796231937563
2026.01.06 06:37,96.31904,-0.8845372802584563,-0.7572844502567464,-0.12725283000170995,-0.40576002682060164,-0.32328204570256613,-0.0824779811180355,0.0,0.0,-0.8845372802584563,-0.7572844502567477,-0.12725283000170862
2026.01.06 06:38,96.24807,-0.8946891526414618,-0.790471319273607,-0.10421783336785473,-0.38135692851574277,-0.33489702226520146,-0.046459906250541305,0.0,0.0,-0.8946891526414618,-0.7904713192736068,-0.10421783336785495
2026.01.06 06:39,96.20741,-0.8956905437946432,-0.8188978508731253,-0.07679269292151791,-0.3437587967172391,-0.33666937715560896,-0.007089419561630117,0.0,0.0,-0.8956905437946432,-0.818897850873125,-0.07679269292151814
2026.01.06 06:40,96.19731,-0.8870735078742626,-0.8414177188938212,-0.045655788980441425,-0.2935448852979192,-0.328044478784071,0.03449959348615178,0.0,1.0,-0.8870735078742626,-0.841417718893821,-0.04565578898044165
2026.01.06 06:41,96.21725,-0.8686225138298056,-0.8570266569979818,-0.011595856831823848,-0.23166410546615168,-0.30876840412048717,0.07710429865433549,0.0,0.0,-0.8686225138298056,-0.8570266569979815,-0.01159585683182407
2026.01.06 06:42,96.26599,-0.8403796835803945,-0.8648919821502042,0.024512298569809743,-0.1594052320579351,-0.27889576970797675,0.11949053765004164,1.0,0.0,-0.8403796835803945,-0.864891982150204,0.02451229856980952
2026.01.06 06:43,96.34158,-0.8026451620621344,-0.8643771383370812,0.061731976274946754,-0.07836213558307747,-0.2387890428829969,0.16042690729991943,0.0,0.0,-0.8026451620621344,-0.864377138337081,0.06173197627494653
2026.01.06 06:44,96.44142,-0.7559696803932638,-0.8550608181668956,0.09909113777363177,0.009610693009264537,-0.18910909570454462,0.19871978871380916,0.0,0.0,-0.7559696803932638,-0.8550608181668954,0.09909113777363154
2026.01.06 06:45,96.56235,-0.7011386941239977,-0.8367495798398247,0.13561088571582702,0.10245241275987382,-0.13079679401166094,0.23324920677153477,0.0,0.0,-0.7011386941239977,-0.8367495798398245,0.1356108857158268
2026.01.06 06:46,96.70072,-0.6391516969714388,-0.8094845150301561,0.17033281805871725,0.19795250695125333,-0.0650469338190781,0.26299944077033144,0.0,0.0,-0.6391516969714388,-0.8094845150301558,0.17033281805871703
2026.01.06 06:47,96.85253,-0.5711924063593727,-0.773540432109924,0.20234802575055122,0.29381731094446195,0.006725915133629912,0.28709139581083204,0.0,0.0,-0.5711924063593727,-0.7735404321099237,0.202348025750551
2026.01.06 06:48,97.01351,-0.4985969233287477,-0.7294189187248244,0.23082199539607673,0.3877327880463639,0.08292728971617672,0.3048054983301872,0.0,0.0,-0.4985969233287477,-0.7294189187248242,0.2308219953960765
2026.01.06 06:49,97.17924,-0.4228174773836173,-0.6778349153369749,0.25501743795335763,0.4774283001884214,0.16182749181062567,0.31560080837779575,0.0,0.0,-0.4228174773836173,-0.6778349153369747,0.2550174379533574
2026.01.06 06:50,97.34532,-0.3453791368011565,-0.6196967623337917,0.27431762553263517,0.5607459788516138,0.2416111892188233,0.3191347896327905,0.0,0.0,-0.3453791368011565,-0.6196967623337915,0.27431762553263495
2026.01.06 06:51,97.50746,-0.2678378826490615,-0.5560810066747547,0.2882431240256932,0.6357002537211969,0.32042900211929803,0.31527125160189884,0.0,0.0,-0.2678378826490615,-0.5560810066747545,0.28824312402569296
2026.01.06 06:52,97.66161,-0.19173703814074372,-0.4882023262390446,0.29646528809830086,0.7005340431080072,0.39645001031703986,0.3040840327909673,0.0,0.0,-0.19173703814074372,-0.4882023262390444,0.2964652880983007
2026.01.06 06:53,97.80407,-0.11856450141038977,-0.4173795285742808,0.298815027163891,0.7537676877679758,0.46791354580722705,0.2858541419607487,0.0,0.0,-0.11856450141038977,-0.4173795285742806,0.29881502716389086
2026.01.06 06:54,97.93163,-0.049708701961705515,-0.3449984183340261,0.2952897163723206,0.7942451623714248,0.5331798691200667,0.2610652932513582,0.0,0.0,-0.049708701961705515,-0.34499841833402595,0.29528971637232043
2026.01.06 06:55,98.0416,0.013577166004779428,-0.2724729891144463,0.2860501551192257,0.8211609602199559,0.5907760873400445,0.23038487287991138,0.0,0.0,0.013577166004779428,-0.2724729891144462,0.2860501551192256
2026.01.06 06:56,98.13194,0.07021199514085197,-0.2012058333921991,0.2714178285330511,0.8340864214978438,0.6394381541716043,0.19464826732623952,0.0,0.0,0.07021199514085197,-0.20120583339219897,0.27141782853305096
2026.01.06 06:57,98.2013,0.11931686702648392,-0.13254874557495117,0.2518656126014351,0.8329816649549713,0.6781468563282778,0.15483480862669352,0.0,0.0,0.11931686702648392,-0.132548745574951,0.2518656126014349
2026.01.06 06:58,98.24906,0.16023952315310908,-0.06776463440420379,0.22800415755731285,0.8181967016061122,0.7061568253838446,0.11203987622226763,0.0,0.0,0.16023952315310908,-0.06776463440420362,0.22800415755731268
2026.01.06 06:59,98.27531,0.19256935888587634,-0.007992579327866803,0.20056193821374313,0.7904560897223121,0.7230166782515381,0.06743941147077392,0.0,0.0,0.19256935888589055,-0.007992579327865061,0.20056193821375562
2026.01.06 07:00,98.28091,0.21615120330461934,0.04578398577809774,0.17036721752652162,0.7508435682080403,0.7285820562428387,0.022261511965201652,0.0,0.0,0.21615120330461934,0.04578398577809947,0.17036721752651987
2026.01.06 07:01,98.2674,0.23108602496253638,0.09276432612290664,0.13832169883962975,0.7007655823153272,0.7230187614573365,-0.022253179142009305,0.0,-1.0,0.23108602496253638,0.09276432612290837,0.13832169883962803
2026.01.06 07:02,98.23702,0.23773016130463986,0.13235262198013215,0.10537753932450772,0.6419165579368808,0.7067983207532453,-0.06488176281636449,0.0,0.0,0.23773016130462565,0.1323526219801323,0.10537753932449334
2026.01.06 07:03,98.19255,0.23667904121590766,0.16417348233320028,0.07250555888270738,0.5762207755461475,0.6806828117118258,-0.10446203616567828,0.0,0.0,0.23667904121590766,0.16417348233320045,0.07250555888270721
2026.01.06 07:04,98.13732,0.22875250506416478,0.18808185333979865,0.040670651724366125,0.5057837023347105,0.6457029898364027,-0.13991928750169225,0.0,0.0,0.228752505064179,0.1880818533398004,0.04067065172437859
2026.01.06 07:05,98.07506,0.21496878010124476,0.20416594055762008,0.010802839543624682,0.43282868243166206,0.6031281283554546,-0.17029944592379254,0.0,0.0,0.21496878010125897,0.20416594055762338,0.01080283954363559
2026.01.06 07:06,98.00979,0.19651305507215966,0.21274329478491738,-0.01623023971275772,0.359631082883098,0.5544287192609832,-0.19479763637788527,-1.0,0.0,0.19651305507217387,0.21274329478492227,-0.016230239712748395
2026.01.06 07:07,97.94573,0.17470377700013273,0.21435043410125335,-0.039646657101120614,0.28845562304776706,0.50123410001834,-0.21277847697057295,0.0,0.0,0.17470377700013273,0.21435043410125823,-0.0396466571011255
2026.01.06 07:08,97.88714,0.1509519633881382,0.20972627904594912,-0.05877431565781091,0.22148810431856703,0.44528490087838546,-0.22379679655981843,0.0,0.0,0.1509519633881382,0.20972627904595242,-0.05877431565781421
2026.01.06 07:09,97.83821,0.12671949445125108,0.199789422506686,-0.07306992805543491,0.16077266768051857,0.38838245423881207,-0.2276097865582935,0.0,0.0,0.12671949445123687,0.1997894225066877,-0.07306992805545084
2026.01.06 07:10,97.80293,0.10347548608812929,0.185610473742863,-0.0821349876547337,0.108152294367855,0.3323364222646207,-0.22418412789676567,0.0,0.0,0.10347548608812929,0.18561047374286468,-0.0821349876547354
2026.01.06 07:11,97.78499,0.08265404949493416,0.16837979465289568,-0.08572574515796152,0.0652179900951495,0.27891273583072645,-0.21369474573557695,0.0,0.0,0.08265404949493416,0.16837979465289898,-0.08572574515796483
2026.01.06 07:12,97.78764,0.0656104276684033,0.1493721709253952,-0.0837617432569919,0.033260302672900366,0.22978224919916124,-0.19652194652626087,0.0,0.0,0.0656104276684033,0.14937217092539848,-0.08376174325699517
2026.01.06 07:13,97.81361,0.05358114643490808,0.12990868663325555,-0.07632754019834748,0.013232877674454357,0.18647237489421986,-0.1732394972197655,0.0,0.0,0.05358114643490808,0.12990868663325728,-0.0763275401983492
2026.01.06 07:14,97.86501,0.04764616944072486,0.11131728544875334,-0.06367111600802848,0.0057231215569686356,0.15032252422676962,-0.14459940266980098,0.0,0.0,0.04764616944071065,0.11131728544875191,-0.06367111600804126
2026.01.06 07:15,97.94331,0.04869943624653672,0.09489355002368413,-0.04619411377714741,0.010940483042688243,0.12244611598995335,-0.11150563294726511,0.0,0.0,0.04869943624652251,0.09489355002367954,-0.04619411377715703
2026.01.06 07:16,98.04922,0.05741832692062587,0.08186183334818337,-0.024443506427557493,0.028703633277729068,0.1036976194475085,-0.07499398616977943,0.0,0.0,0.05741832692062587,0.08186183334817877,-0.0244435064275529
2026.01.06 07:17,98.18273,0.07424539708500788,0.07333888153672444,0.000906515548283443,0.058450355650990105,0.09464816668820483,-0.03619781103721473,1.0,0.0,0.07424539708500788,0.07333888153671984,0.0009065155482880366
2026.01.06 07:18,98.34307,0.09937355294502481,0.07030044359158819,0.029073109353436627,0.09925198409702318,0.09556893016996851,0.0036830539270546747,0.0,1.0,0.09937355294502481,0.07030044359158517,0.02907310935343964
2026.01.06 07:19,98.52875,0.1327404721750014,0.07355210871235175,0.05918836346264965,0.14984223459363477,0.10642359105470177,0.043418643538933,0.0,0.0,0.1327404721750014,0.07355210871234874,0.05918836346265266
2026.01.06 07:20,98.73757,0.17402793912528125,0.08370476311572365,0.0903231760095576,0.20865120557589023,0.12686911395893946,0.08178209161695077,0.0,0.0,0.17402793912526704,0.08370476311571906,0.09032317600954798
2026.01.06 07:21,98.96669,0.2226698241817644,0.10115580717276378,0.12151401700900062,0.2738506582263227,0.15626542281241612,0.11758523541390659,0.0,0.0,0.2226698241817502,0.1011558071727576,0.12151401700899259
2026.01.06 07:22,99.21274,0.2778699355601191,0.12607678374223166,0.1517931518178874,0.3434115680332468,0.19369465185658227,0.14971691617666452,0.0,0.0,0.27786993556010486,0.12607678374222392,0.15179315181788094
2026.01.06 07:23,99.47184,0.3386202229869184,0.15840723413625318,0.18021298885066522,0.4151557886775521,0.23798687922077624,0.17716890945677585,0.0,0.0,0.3386202229869042,0.1584072341362454,0.18021298885065878
2026.01.06 07:24,99.73979,0.4037326108798567,0.1978553646510665,0.20587724622879017,0.4868261154785216,0.28775472647232536,0.19907138900619625,0.0,0.0,0.40373261087984247,0.19785536465105874,0.20587724622878373
2026.01.06 07:25,100.01212,0.4718699790480656,0.24390554822078203,0.22796443082728357,0.5561470985778243,0.34143320089342516,0.21471389768439914,0.0,0.0,0.4718699790480514,0.2439055482207727,0.22796443082727869
2026.01.06 07:26,100.28425,0.5415848973673292,0.2958321593632622,0.245752738004067,0.6208929921962607,0.3973251591539923,0.2235678330422684,0.0,0.0,0.541584897367315,0.29583215936325125,0.24575273800406372
2026.01.06 07:27,100.55159,0.6113592077614385,0.35271945434286367,0.2586397534185748,0.6789498718709694,0.45365010169738773,0.22529977017358171,0.0,0.0,0.6113592077614243,0.3527194543428512,0.2586397534185731
2026.01.06 07:28,100.8097,0.6796486052752044,0.4134870246873307,0.26616158058787376,0.7283800056597585,0.5085960824898619,0.2197839231698966,0.0,0.0,0.6796486052751902,0.41348702468731663,0.2661615805878736
2026.01.06 07:29,101.0544,0.7449266391646177,0.4769202135805903,0.2680064255840274,0.7674783965883023,0.56037254530955,0.20710585127875225,0.0,0.0,0.7449266391646034,0.47692021358057624,0.2680064255840272
2026.01.06 07:30,101.28185,0.805725364984923,0.541704162558719,0.26402120242620397,0.7948175212038251,0.6072615404884051,0.18755598071542,0.0,0.0,0.8057253649849088,0.5417041625587049,0.26402120242620386
2026.01.06 07:31,101.48871,0.8606792913115555,0.606460757642212,0.25421853366934355,0.8092933962991395,0.647667911650552,0.1616254846485875,0.0,0.0,0.8606792913115413,0.6064607576421979,0.25421853366934344
2026.01.06 07:32,101.67222,0.9085650251422663,0.6697879578816951,0.23877706726057124,0.8101593764389179,0.6801662046082253,0.1299931718306926,0.0,0.0,0.9085650251422521,0.669787957881681,0.23877706726057113
2026.01.06 07:33,101.83023,0.9483331069168486,0.7302991241080276,0.21803398280882103,0.7970428530474152,0.7035415342960634,0.09350131875135181,0.0,0.0,0.9483331069168344,0.7302991241080135,0.21803398280882091
2026.01.06 07:34,101.96131,0.9791397452653854,0.7866624314655075,0.19247731379987787,0.7699604277822232,0.7168253129932953,0.05313511478892785,0.0,0.0,0.9791397452653712,0.7866624314654934,0.19247731379987776
2026.01.06 07:35,102.06476,1.0003701343388514,0.8376385689067878,0.16273156543206357,0.7293169584174137,0.719323642078119,0.009993316339294678,0.0,0.0,1.0003701343388514,0.8376385689067752,0.16273156543207612
2026.01.06 07:36,102.14062,1.0116549105720338,0.8821158692190761,0.12953904135295768,0.6758930123138072,0.7106375161252567,-0.034744503811449556,0.0,-1.0,1.0116549105720338,0.8821158692190652,0.12953904135296868
2026.01.06 07:37,102.1897,1.0128826422582051,0.9191418733282984,0.09374076892990668,0.6108271004983834,0.6906754329998821,-0.0798483325014987,0.0,0.0,1.0128826422581767,0.9191418733282859,0.0937407689298908
2026.01.06 07:38,102.2135,1.0042002936674805,0.9479500571619499,0.056250236505530626,0.5355789312617816,0.659656132652262,-0.1240772013904804,0.0,0.0,1.0042002936674521,0.9479500571619357,0.056250236505516416
2026.01.06 07:39,102.2142,0.9860098462682743,0.9679816661934334,0.01802818007484086,0.4518902451577702,0.6181029551533637,-0.16621270999559346,0.0,0.0,0.98600984626826,0.9679816661934192,0.01802818007484086
2026.01.06 07:40,102.19458,0.9589563635906302,0.9789013408911084,-0.019944977300478173,0.36173506049914295,0.5668293762225196,-0.20509431572337666,-1.0,0.0,0.958956363590616,0.9789013408910942,-0.019944977300478173
2026.01.06 07:41,102.15794,0.9239094884034103,0.9806062812534577,-0.05669679285004747,0.2672639581718812,0.5069162926123919,-0.2396523344405107,0.0,0.0,0.923909488403396,0.9806062812534435,-0.05669679285004747
2026.01.06 07:42,102.10799,0.8819376119643891,0.9732290040365178,-0.09129139207212866,0.1707416369046939,0.4396813614708523,-0.2689397245661584,0.0,0.0,0.8819376119643749,0.9732290040365036,-0.09129139207212866
2026.01.06 07:43,102.04874,0.8342765963843561,0.9571330986052923,-0.12285650222093614,0.07448173791490831,0.3666414367596635,-0.2921596988447552,0.0,0.0,0.8342765963843419,0.9571330986052781,-0.12285650222093614
2026.01.06 07:44,101.9844,0.7822953836491848,0.9329025707508849,-0.15060718710170007,-0.01921670916800622,0.28946980757412955,-0.30868651674213576,0.0,0.0,0.7822953836491706,0.9329025707508691,-0.15060718710169851
2026.01.06 07:45,101.91923,0.7274555687296242,0.9013248661017282,-0.173869297372104,-0.10813666354624729,0.20994851335005418,-0.31808517689630145,0.0,0.0,0.72745556872961,0.9013248661017109,-0.17386929737210088
2026.01.06 07:46,101.85743,0.6712698952885887,0.8633678942162153,-0.19209799892762658,-0.19020512928523203,0.12991778482299696,-0.320122914108229,0.0,0.0,0.6712698952885887,0.8633678942162012,-0.19209799892761248
2026.01.06 07:47,101.80301,0.6152587848115445,0.8201521710100002,-0.20489338619845565,-0.2635521318072449,0.05122380149694858,-0.3147759333041935,0.0,0.0,0.6152587848115587,0.8201521710099908,-0.20489338619843211
2026.01.06 07:48,101.75967,0.5609066180866904,0.7729184789898241,-0.21201186090313373,-0.3265639668694149,-0.024333752176324122,-0.3022302146930908,0.0,0.0,0.5609066180867046,0.7729184789898179,-0.2120118609031133
2026.01.06 07:49,101.73068,0.509618320873912,0.7229920297990776,-0.2133737089251656,-0.37793042824345946,-0.0950530873897512,-0.28287734085370825,0.0,0.0,0.5096183208739262,0.7229920297990746,-0.2133737089251484
2026.01.06 07:50,101.71879,0.4626790758112094,0.671744206177722,-0.20906513036651264,-0.4166817163541907,-0.15937881318263913,-0.2573029031715516,0.0,0.0,0.4626790758112236,0.6717442061777221,-0.20906513036649854
2026.01.06 07:51,101.72617,0.4212193359380336,0.620553286619238,-0.1993339506812044,-0.44221234536178144,-0.21594551961846759,-0.22626682574331386,0.0,0.0,0.42121933593804783,0.6205532866192414,-0.19933395068119353
2026.01.06 07:52,101.75431,0.38618119973040166,0.5707649092132431,-0.18458370948284142,-0.4543004860641844,-0.26361651290761096,-0.19068397315657343,0.0,0.0,0.38618119973041587,0.5707649092132496,-0.18458370948283376
2026.01.06 07:53,101.80399,0.3582918200836076,0.5236534021504011,-0.16536158206679352,-0.4531131811496891,-0.3015158465560266,-0.15159733459366254,0.0,0.0,0.3582918200836218,0.5236534021504108,-0.16536158206678897
2026.01.06 07:54,101.87525,0.3380426272539694,0.48038529754199505,-0.14234267028802566,-0.4392011514009795,-0.3290529075250172,-0.11014824387596228,0.0,0.0,0.3380426272539978,0.4803852975420095,-0.14234267028801167
2026.01.06 07:55,101.9674,0.32567653455548395,0.44198603523831675,-0.1163095006828328,-0.4134804699641137,-0.34593842001283653,-0.06754204995127716,0.0,0.0,0.3256765345555124,0.4419860352383343,-0.11630950068282192
2026.01.06 07:56,102.07903,0.3211815441557775,0.40931078627656486,-0.08812924212078738,-0.3772053240081732,-0.3521918008119039,-0.025013523196269316,0.0,0.0,0.3211815441557917,0.4093107862765824,-0.08812924212079071
2026.01.06 07:57,102.20802,0.3242894400630547,0.3830199887183831,-0.058730548655328396,-0.33193511771733597,-0.34814046419299033,0.01620534647565436,0.0,1.0,0.3242894400630689,0.3830199887184007,-0.05873054865533178
2026.01.06 07:58,102.35166,0.3344872566278809,0.3635609815799352,-0.029073724952054292,-0.2794828488991783,-0.3344089411342279,0.05492609223504963,0.0,0.0,0.33448725662789514,0.36356098157995276,-0.029073724952057622
2026.01.06 07:59,102.50667,0.35103064844786047,0.3511556007617853,-0.00012495231392484207,-0.2218660514007098,-0.3119003631875243,0.09003431178681448,0.0,0.0,0.3510306484478747,0.3511556007618029,-0.00012495231392822825
2026.01.06 08:00,102.66933,0.3729673725410265,0.34579427149545117,0.027173101045575354,-0.16124536649290633,-0.28176936384860074,0.12052399735569441,1.0,0.0,0.37296737254104073,0.34579427149546876,0.027173101045571968
2026.01.06 08:01,102.83556,0.3991644370294978,0.34723685341757293,0.051927583611924844,-0.09986346997949624,-0.24538818507477983,0.14552471509528359,0.0,0.0,0.399164437029512,0.3472368534175906,0.0519275836119214
2026.01.06 08:02,103.00105,0.42834180166258307,0.3550201847041258,0.07332161695845729,-0.03997910885635747,-0.20430636983109537,0.1643272609747379,0.0,0.0,0.4283418016625973,0.3550201847041434,0.07332161695845385
2026.01.06 08:03,103.16139,0.4591108274957634,0.368472206953214,0.0906386205425494,0.01620009132692246,-0.16020507759949182,0.17640516892641428,0.0,0.0,0.4591108274957776,0.36847220695323,0.09063862054254757
2026.01.06 08:04,103.31217,0.49001361608306127,0.38673188267850034,0.10328173340456093,0.0665791510937197,-0.11484823186084953,0.18142738295456923,0.0,0.0,0.4900136160830755,0.3867318826785148,0.10328173340456065
2026.01.06 08:05,103.44916,0.5195689790379845,0.40877493099874557,0.11079404803923892,0.10924247549954202,-0.07003009038877121,0.17927256588831325,0.0,0.0,0.5195689790379987,0.40877493099876006,0.11079404803923865
2026.01.06 08:06,103.56835,0.5463119103669101,0.4334440943658406,0.11286781600106949,0.14250201387841344,-0.02752366953533428,0.1700256834137477,0.0,0.0,0.5463119103669243,0.43344409436585507,0.11286781600106921
2026.01.06 08:07,103.66616,0.5688410798084647,0.4594834080525721,0.10935767175589256,0.1649547094921502,0.010972006270162614,0.15398270322198757,0.0,0.0,0.5688410798084789,0.45948340805258664,0.10935767175589223
2026.01.06 08:08,103.73946,0.5858569125070261,0.48557521517025715,0.10028169733676895,0.17551732260169217,0.043881069536468524,0.13163625306522364,0.0,0.0,0.5858569125070403,0.4855752151702717,0.10028169733676862
2026.01.06 08:09,103.78571,0.5962014320001146,0.5103789995546003,0.08582243244551424,0.17346100481029225,0.06979705659123328,0.10366394821905897,0.0,0.0,0.5962014320001288,0.5103789995546149,0.08582243244551391
2026.01.06 08:10,103.80302,0.5988926489021225,0.532571023096003,0.06632162580611944,0.1584328560352759,0.0875242164800418,0.0709086395552341,0.0,0.0,0.5988926489021367,0.5325710230960176,0.06632162580611911
2026.01.06 08:11,103.79021,0.5931542843791391,0.5508835211756203,0.042270763203518746,0.13046731652909216,0.09611283648985187,0.034354480039240284,0.0,0.0,0.5931542843791533,0.5508835211756349,0.04227076320351841
2026.01.06 08:12,103.74684,0.5784391066545709,0.5641422188599323,0.014296887794638558,0.08998545702092997,0.0948873605960675,-0.004901903575137534,0.0,-1.0,0.5784391066545709,0.5641422188599452,0.014296887794625679
2026.01.06 08:13,103.67322,0.5544454020936485,0.571301306194442,-0.016855904100793517,0.037782637416356124,0.08346641596012523,-0.04568377854376911,-1.0,0.0,0.5544454020936485,0.5713013061944534,-0.016855904100804953
2026.01.06 08:14,103.57042,0.5211278796929832,0.5714745173783308,-0.05034663768534753,-0.024991913482864447,0.0617747500715273,-0.08676666355439175,0.0,0.0,0.5211278796929832,0.5714745173783405,-0.0503466376853573
2026.01.06 08:15,103.4402,0.47869770824300417,0.5639618282534523,-0.08526412001044814,-0.09687215041984132,0.03004536997325358,-0.1269175203930949,0.0,0.0,0.47869770824300417,0.5639618282534605,-0.08526412001045636
2026.01.06 08:16,103.28502,0.42762042054579297,0.5482706438909333,-0.1206502233451403,-0.17611162394167934,-0.011186028809733004,-0.16492559513194632,0.0,0.0,0.42762042054579297,0.5482706438909398,-0.12065022334514686
2026.01.06 08:17,103.10793,0.3686025977568619,0.5241312755853594,-0.15552867782849755,-0.26073551643168,-0.06109592633412241,-0.1996395900975576,0.0,0.0,0.3686025977568619,0.5241312755853644,-0.15552867782850255
2026.01.06 08:18,102.9125,0.3025731058537673,0.49150590601354305,-0.18893280015977576,-0.34859639904942696,-0.11859602087718332,-0.23000037817224364,0.0,0.0,0.3025731058537673,0.49150590601354655,-0.18893280015977926
2026.01.06 08:19,102.70269,0.23065549133306718,0.450590666283648,-0.21993517495058085,-0.43743939850486413,-0.1823646964027195,-0.25507470210214467,0.0,0.0,0.23065549133306718,0.4505906662836499,-0.21993517495058273
2026.01.06 08:20,102.48281,0.15414094444267334,0.4018114062907074,-0.24767046184803404,-0.5249591347888014,-0.2508835840799359,-0.2740755507088655,0.0,0.0,0.15414094444268756,0.40181140629070927,-0.24767046184802172
2026.01.06 08:21,102.25731,0.07444845392237198,0.3458124448760186,-0.2713639909536466,-0.608873149754146,-0.3224814972147779,-0.28639165253936805,0.0,0.0,0.07444845392238619,0.3458124448760221,-0.2713639909536359
2026.01.06 08:22,102.03071,-0.006913451230815326,0.28343923895107814,-0.29035269018189347,-0.6869845364651894,-0.3953821050648602,-0.2916024314003292,0.0,0.0,-0.006913451230801115,0.28343923895108325,-0.29035269018188437
2026.01.06 08:23,101.80746,-0.08838886465589724,0.21571515624564697,-0.3041040209015442,-0.7572448000430398,-0.46775464406049616,-0.2894901559825437,0.0,0.0,-0.08838886465588303,0.21571515624565368,-0.3041040209015367
2026.01.06 08:24,101.59182,-0.16841764879627874,0.14381344990794886,-0.3122310987042276,-0.8178118075508962,-0.5377660767585762,-0.28004573079232,0.0,0.0,-0.16841764879626453,0.14381344990795716,-0.3122310987042217
2026.01.06 08:25,101.38773,-0.2454796574670013,0.06902455235097173,-0.314504209817973,-0.8671035965834761,-0.6036335807235562,-0.2634700158599199,0.0,0.0,-0.24547965746698708,0.0690245523509816,-0.31450420981796867
2026.01.06 08:26,101.19871,-0.3181369046310465,-0.007279836803240319,-0.3108570678278062,-0.9038429999018973,-0.6636754645592244,-0.24016753534267288,0.0,0.0,-0.3181369046310323,-0.007279836803228868,-0.3108570678278034
2026.01.06 08:27,101.02774,-0.3850752389660528,-0.083685208449887,-0.30139003051616575,-0.9270969085318512,-0.7163597533537499,-0.21073715517810132,0.0,0.0,-0.3850752389660528,-0.08368520844987554,-0.30139003051617724
2026.01.06 08:28,100.87722,-0.44513877453944417,-0.15877346021349936,-0.2863653143259448,-0.9362988244335639,-0.7603475675697128,-0.17595125686385116,0.0,0.0,-0.44513877453944417,-0.15877346021348793,-0.28636531432595624
2026.01.06 08:29,100.74886,-0.49736383774323656,-0.23116288045637823,-0.26620095728685833,-0.9312685575464599,-0.7945317655650623,-0.13673679198139754,0.0,0.0,-0.49736383774323656,-0.23116288045636837,-0.2662009572868682
2026.01.06 08:30,100.64366,-0.5410049688830298,-0.29954659410142287,-0.24145837478160698,-0.9122161392636485,-0.8180686403047797,-0.09414749895886887,0.0,0.0,-0.5410049688830298,-0.2995465941014146,-0.24145837478161525
2026.01.06 08:31,100.5619,-0.5755536047460339,-0.36272883338089157,-0.21282477136514233,-0.8797328053464639,-0.8304014733131166,-0.049331332033347275,0.0,0.0,-0.5755536047460339,-0.3627288333808849,-0.212824771365149
2026.01.06 08:32,100.50309,-0.6007540048694864,-0.4196582934046237,-0.1810957114648627,-0.8347785349861425,-0.8312768856477218,-0.003501649338420676,0.0,0.0,-0.6007540048694864,-0.41965829340461863,-0.18109571146486775
2026.01.06 08:33,100.46603,-0.616608061890787,-0.46945722819290236,-0.14715083369788462,-0.778651654388753,-0.8207518393959281,0.04210018500717516,0.0,1.0,-0.616608061890787,-0.46945722819289887,-0.14715083369788812
2026.01.06 08:34,100.44883,-0.6233745389087204,-0.5114455483530934,-0.111928990555627,-0.7129522770713663,-0.7991919269310158,0.08623964985964949,0.0,0.0,-0.6233745389087204,-0.5114455483530915,-0.11192899055562888
2026.01.06 08:35,100.44898,-0.6215599606303641,-0.5451592212419065,-0.0764007393884576,-0.6395352744515321,-0.7672605964351191,0.127725321983587,0.0,0.0,-0.6215599606303641,-0.5451592212419061,-0.07640073938845804
2026.01.06 08:36,100.46341,-0.611903866986296,-0.5703624021330447,-0.041541464853251275,-0.5604586675803915,-0.7259002106641737,0.16544154308378212,0.0,0.0,-0.611903866986296,-0.5703624021330442,-0.04154146485325172
2026.01.06 08:37,100.48861,-0.5953550316014855,-0.5870530973621604,-0.008301934239325126,-0.4779218423239797,-0.6763045369961349,0.1983826946721552,0.0,0.0,-0.5953550316014855,-0.5870530973621599,-0.00830193423932557
2026.01.06 08:38,100.52071,-0.5730440633472824,-0.5954620113181655,0.022417947970883034,-0.394204243727728,-0.6198844783424536,0.22568023461472564,1.0,0.0,-0.5730440633472824,-0.595462011318165,0.02241794797088259
2026.01.06 08:39,100.55561,-0.5462494977538483,-0.5960447367482564,0.049795238994408075,-0.311599275499276,-0.5582274377738181,0.2466281622745421,0.0,0.0,-0.5462494977538483,-0.596044736748256,0.04979523899440763
2026.01.06 08:40,100.5891,-0.5163599720296048,-0.589467666446431,0.07310769441682619,-0.23234845701236395,-0.4930516416215273,0.26070318460916336,0.0,0.0,-0.5163599720296048,-0.5894676664464306,0.07310769441682574
2026.01.06 08:41,100.61699,-0.4848329650145473,-0.5765875509069933,0.091754585892446,-0.15857658200670244,-0.4261566296985624,0.26758004769185995,0.0,0.0,-0.4848329650145473,-0.5765875509069929,0.09175458589244556
2026.01.06 08:42,100.63524,-0.45315131604246517,-0.5584256902571798,0.10527437421471464,-0.09222984765645492,-0.3593712732901409,0.267141425633686,0.0,0.0,-0.45315131604246517,-0.5584256902571794,0.1052743742147142
2026.01.06 08:43,100.64005,-0.42278169002682375,-0.5361375959369691,0.11335590591014533,-0.035023945137879764,-0.2945018076596887,0.25947786252180893,0.0,0.0,-0.42278169002682375,-0.5361375959369686,0.11335590591014488
2026.01.06 08:44,100.62803,-0.3951286589316396,-0.5109785624148886,0.11584990348324897,0.011610271402759054,-0.23327939184719915,0.2448896632499582,0.0,0.0,-0.3951286589316396,-0.5109785624148881,0.11584990348324853
2026.01.06 08:45,100.59626,-0.3714946470031464,-0.4842664268612053,0.11277177985805892,0.046565134024518784,-0.17731048667285557,0.22387562069737435,0.0,0.0,-0.3714946470031464,-0.4842664268612048,0.11277177985805842
2026.01.06 08:46,100.54238,-0.35304253341810465,-0.45734281595194076,0.10430028253383611,0.06908603081684817,-0.12803118317491483,0.197117213991763,0.0,0.0,-0.35304253341810465,-0.45734281595194026,0.10430028253383561
2026.01.06 08:47,100.46469,-0.3407599654136817,-0.4315334717370962,0.09077350632341452,0.07879542489548896,-0.08666586156083407,0.16546128645632302,0.0,0.0,-0.3407599654136817,-0.4315334717370958,0.09077350632341408
2026.01.06 08:48,100.3622,-0.3354294068299879,-0.4081090171900006,0.07267961036001269,0.07570453232759178,-0.0541917827831489,0.12989631511074068,0.0,0.0,-0.3354294068299879,-0.40810901719000015,0.07267961036001225
2026.01.06 08:49,100.23462,-0.3376078078618008,-0.38824766561580015,0.05063985775399937,0.06020713560879187,-0.03131199910476075,0.09151913471355262,0.0,0.0,-0.3376078078618008,-0.3882476656157997,0.05063985775399893
2026.01.06 08:50,100.08243,-0.34760766271165267,-0.37300040980436744,0.025392747092714774,0.033072087776275794,-0.01843518172855344,0.051507269504829235,0.0,0.0,-0.34760766271165267,-0.37300040980436694,0.025392747092714274
2026.01.06 08:51,99.90685,-0.36548734770555313,-0.3632599688780439,-0.00222737882750923,-0.004579394855724672,-0.01566402435398769,0.011084629498263016,-1.0,0.0,-0.36548734770555313,-0.3632599688780434,-0.0022273788275097295
2026.01.06 08:52,99.7098,-0.3910496382540174,-0.3597341853477321,-0.03131545290628529,-0.05130805046508158,-0.022792829576206465,-0.028515220888875113,0.0,-1.0,-0.3910496382540174,-0.3597341853477316,-0.03131545290628579
2026.01.06 08:53,99.49386,-0.4238466506409111,-0.36292507331542895,-0.060921577325482146,-0.10539816440724792,-0.03931389654241475,-0.06608426786483317,0.0,0.0,-0.4238466506409111,-0.3629250733154284,-0.0609215773254827
2026.01.06 08:54,99.2622,-0.4631921543555535,-0.37311368524347416,-0.09007846911207934,-0.16490738142771022,-0.06443259351947385,-0.10047478790823637,0.0,0.0,-0.4631921543555535,-0.37311368524347366,-0.09007846911207984
2026.01.06 08:55,99.01848,-0.5081819119170916,-0.3903513939655838,-0.11783051795150778,-0.22772506608625065,-0.0970910880328292,-0.13063397805342145,0.0,0.0,-0.5081819119170916,-0.3903513939655833,-0.11783051795150828
2026.01.06 08:56,98.76678,-0.5577176830901749,-0.41445780704074975,-0.14325987604942514,-0.2916306103243045,-0.13599899249112427,-0.15563161783318022,0.0,0.0,-0.5577176830901749,-0.4144578070407492,-0.1432598760494257
2026.01.06 08:57,98.51146,-0.6105394105552477,-0.4450255852324453,-0.16551382532280245,-0.35435979141333007,-0.17967115227556543,-0.17468863913776464,0.0,0.0,-0.6105394105552477,-0.44502558523244473,-0.165513825322803
2026.01.06 08:58,98.25704,-0.6652618533207004,-0.48143159028343413,-0.1838302630372663,-0.41367174277557694,-0.22647127037556775,-0.1872004724000092,0.0,0.0,-0.6652618533207004,-0.48143159028343363,-0.1838302630372668
2026.01.06 08:59,98.00808,-0.7204142873583663,-0.5228545485775135,-0.19755973878085287,-0.46741410774409076,-0.2746598378492724,-0.19275426989481836,0.0,0.0,-0.7204142873583663,-0.5228545485775129,-0.19755973878085342
2026.01.06 09:00,97.76908,-0.7744805614635624,-0.56829823899507,-0.20618232246849233,-0.5135818505021774,-0.3224442403798534,-0.191137610122324,0.0,0.0,-0.7744805614635766,-0.568298238995071,-0.20618232246850554
2026.01.06 09:01,97.5443,-0.8259453567144845,-0.6166199854906775,-0.209325371223807,-0.5503808640197576,-0.3680315651078343,-0.1823492989119233,0.0,0.0,-0.8259453567144845,-0.6166199854906785,-0.209325371223806
2026.01.06 09:02,97.33767,-0.8733375996408341,-0.6665634242684467,-0.2067741753723874,-0.5762798468500847,-0.4096812214562844,-0.16659862539380033,0.0,0.0,-0.8733375996408341,-0.6665634242684477,-0.2067741753723864
2026.01.06 09:03,97.15271,-0.9152703529347974,-0.716794335221696,-0.19847601771310142,-0.5900506155973488,-0.44575510028449733,-0.1442955153128515,0.0,0.0,-0.9152703529347974,-0.7167943352216971,-0.1984760177131003
2026.01.06 09:04,96.99237,-0.9504838735732619,-0.7659389976279372,-0.18454487594532476,-0.5908100300376731,-0.4747660862351325,-0.11604394380254057,0.0,0.0,-0.9504838735732619,-0.7659389976279383,-0.18454487594532365
2026.01.06 09:05,96.85901,-0.9778794937478494,-0.8126236432565677,-0.16525585049128177,-0.5780414780387559,-0.4954211645958572,-0.08262031344289872,0.0,0.0,-0.9778794937478636,-0.8126236432565703,-0.16525585049129332
2026.01.06 09:06,96.75428,-0.9965539027877952,-0.8555141423935174,-0.1410397603942778,-0.5516151920415098,-0.5066599700849878,-0.04495522195652202,0.0,0.0,-0.9965539027878094,-0.8555141423935216,-0.14103976039428778
2026.01.06 09:07,96.67913,-1.0058229822032843,-0.8933542678249157,-0.11246871437836858,-0.5117882775317213,-0.5076856315743344,-0.004102645957386852,0.0,0.0,-1.0058229822033127,-0.893354267824923,-0.11246871437838968
2026.01.06 09:08,96.63374,-1.005243565993723,-0.9250019654510664,-0.08024160054265672,-0.45920153918072515,-0.4979888130956126,0.038787273914887455,0.0,1.0,-1.0052435659937515,-0.9250019654510768,-0.08024160054267471
2026.01.06 09:09,96.61755,-0.9946253502626661,-0.9494624975398557,-0.0451628527228104,-0.39485962900205607,-0.47736297627690133,0.08250334727484526,0.0,0.0,-0.9946253502626803,-0.9494624975398662,-0.04516285272281406
2026.01.06 09:10,96.62925,-0.9740381402139633,-0.96591725126202,-0.008120888951943295,-0.3201055269697264,-0.44591148641546635,0.12580595944573997,0.0,0.0,-0.9740381402139775,-0.9659172512620321,-0.008120888951945404
2026.01.06 09:11,96.66687,-0.9438073843044208,-0.9737472273357518,0.029939843031331015,-0.2365774220816519,-0.4040446735487035,0.1674672514670516,1.0,0.0,-0.943807384304435,-0.9737472273357655,0.02993984303133046
2026.01.06 09:12,96.72777,-0.9045085597678479,-0.9725514725394241,0.06804291277157615,-0.14616861397894354,-0.35246946163475157,0.20630084765580803,0.0,0.0,-0.9045085597678622,-0.9725514725394393,0.06804291277157715
2026.01.06 09:13,96.80877,-0.8569495541079277,-0.9621587703766091,0.1052092162686814,-0.050970765803683094,-0.2921697224685379,0.2411989566648548,0.0,0.0,-0.8569495541079419,-0.962158770376626,0.10520921626868407
2026.01.06 09:14,96.90624,-0.8021470333873992,-0.9426329414476702,0.14048590806027095,0.046787086294955316,-0.22437836071583928,0.2711654470107946,0.0,0.0,-0.8021470333874134,-0.9426329414476871,0.1404859080602736
2026.01.06 09:15,97.01618,-0.7412991663455131,-0.9142713040651944,0.17297213771968134,0.14479918853344032,-0.15054285086598337,0.2953420393994237,0.0,0.0,-0.7412991663455273,-0.9142713040652113,0.172972137719684
2026.01.06 09:16,97.13437,-0.6757502201862593,-0.8775965527299694,0.2018463325437101,0.24075146488519295,-0.07228398771574812,0.31303545260094107,0.0,0.0,-0.6757502201862735,-0.8775965527299847,0.2018463325437112
2026.01.06 09:17,97.25645,-0.6069547755294593,-0.8333422426783845,0.22638746714892521,0.3323831353300335,0.008649436893408198,0.3237336984366253,0.0,0.0,-0.6069547755294735,-0.8333422426783983,0.22638746714892477
2026.01.06 09:18,97.3781,-0.5364340735843314,-0.7824321008252362,0.2459980272409048,0.4175556677506762,0.09043068306486181,0.3271249846858144,0.0,0.0,-0.5364340735843314,-0.7824321008252484,0.24599802724091702
2026.01.06 09:19,97.49513,-0.4657338760651015,-0.7259538492531404,0.2602199731880389,0.4943116806618093,0.17120688258425132,0.323104798077558,0.0,0.0,-0.4657338760651015,-0.7259538492531511,0.26021997318804957
2026.01.06 09:20,101.4336,-0.09085453184273717,-0.6311813100907311,0.5403267782479939,1.102347294048272,0.3574349648770555,0.7449123291712164,0.0,0.0,-0.09085453184273717,-0.6311813100907402,0.540326778248003
2026.01.06 09:21,101.27211,0.19100734219863114,-0.5094573209833445,0.7004646631819756,1.478230059964261,0.5815939838944966,0.8966360760697645,0.0,0.0,0.19100734219863114,-0.5094573209833521,0.7004646631819832
2026.01.06 09:22,101.10433,0.39627841340255543,-0.3702097690377353,0.7664881824402907,1.6779719857566562,0.8008695842669286,0.8771024014897276,0.0,0.0,0.39627841340255543,-0.3702097690377413,0.7664881824402967
2026.01.06 09:23,100.93141,0.5387931453896471,-0.2212164158402857,0.7600095612299328,1.746240406792836,0.9899437487721101,0.756296658020726,0.0,0.0,0.5387931453896613,-0.2212164158402885,0.7600095612299498
2026.01.06 09:24,100.75457,0.6302029992782252,-0.06882728632653701,0.6990302856047622,1.7184987563186667,1.1356547502814216,0.5828440060372451,0.0,0.0,0.6302029992782394,-0.06882728632653665,0.6990302856047761
2026.01.06 09:25,100.57503,0.6803163264071372,0.08184677440606261,0.5984695520010747,1.6227498130987215,1.2330737628448816,0.3896760502538399,0.0,0.0,0.6803163264071515,0.08184677440606612,0.5984695520010853
2026.01.06 09:26,100.39405,0.6973888610362593,0.2267738451355869,0.4706150159006724,1.4809686962341289,1.2826527495227311,0.19831594671139774,0.0,0.0,0.6973888610362735,0.22677384513559357,0.47061501590067994
2026.01.06 09:27,100.21289,0.6883658171013991,0.3628627218784458,0.3255030952229533,1.3102680999486722,1.2881758196079194,0.022092280340752835,0.0,0.0,0.6883658171014133,0.3628627218784541,0.3255030952229592
2026.01.06 09:28,100.03279,0.6590849044219453,0.48784258637700656,0.17124231804493878,1.1238470461003942,1.2553100649064144,-0.13146301880602018,0.0,-1.0,0.6590849044219595,0.48784258637701644,0.1712423180449431
2026.01.06 09:29,99.85503,0.6144527944374971,0.5662100670748104,0.048242727362686755,0.9317734038516647,1.1906027326954645,-0.2588293288437997,0.0,0.0,0.6144527944375113,0.5662100670748218,0.04824272736268953
2026.01.06 09:30,99.68082,0.5585852120344441,0.6070520526121229,-0.048466840577678805,0.741604398162039,1.1008030657887793,-0.35919866762674024,-1.0,0.0,0.5585852120344583,0.6070520526121359,-0.04846684057767758
2026.01.06 09:31,99.51138,0.49493208950174505,0.6180135721786996,-0.12308148267695451,0.558903640182109,0.9924231806674453,-0.43351954048533625,0.0,0.0,0.49493208950175926,0.6180135721787141,-0.12308148267695485
2026.01.06 09:32,99.34788,0.42637842267980375,0.6055230474331614,-0.17914462475335768,0.3876515422462887,0.8714688529832141,-0.48381731073692535,0.0,0.0,0.42637842267981796,0.605523047433176,-0.17914462475335802
2026.01.06 09:33,99.19146,0.35533132277453205,0.5749817500438622,-0.21965042726933015,0.23058113629085142,0.7432913096447417,-0.5127101733538902,0.0,0.0,0.35533132277453205,0.5749817500438752,-0.21965042726934314
2026.01.06 09:34,99.04321,0.2837920698826366,0.5309234993189177,-0.24713142943628108,0.08944667323170563,0.6125223823621345,-0.5230757091304289,0.0,0.0,0.2837920698826366,0.5309234993189291,-0.24713142943629252
2026.01.06 09:35,98.90416,0.21341639231910392,0.4771487805725671,-0.2637323882534632,-0.0347608663357164,0.48306573262256436,-0.5178265989582808,0.0,0.0,0.21341639231910392,0.4771487805725769,-0.263732388253473
2026.01.06 09:36,98.77526,0.14556403648080618,0.41683747161472345,-0.2712734351339173,-0.1416428395185534,0.3581240181943408,-0.4997668577128942,0.0,0.0,0.14556403648080618,0.41683747161473167,-0.2712734351339255
2026.01.06 09:37,98.65742,0.08134416753077289,0.3526440564045932,-0.2712998888738203,-0.23124948921389432,0.2402493167126938,-0.4714988059265881,0.0,0.0,0.08134416753077289,0.35264405640459984,-0.27129988887382694
2026.01.06 09:38,98.55145,0.021649009036806888,0.28677696913784984,-0.26512796010104295,-0.30397396605177107,0.13140466015980085,-0.4353786262115719,0.0,0.0,0.021649009036806888,0.2867769691378549,-0.265127960101048
2026.01.06 09:39,98.45809,-0.03281493575516947,0.22106584160567055,-0.25388077736084,-0.3604627744709461,0.033031173233651456,-0.39349394770459756,0.0,0.0,-0.03281493575516947,0.22106584160567402,-0.25388077736084347
2026.01.06 09:40,98.37799,-0.08150190178014327,0.1570176203521274,-0.23851952213227068,-0.40154737404171215,-0.053884536221421274,-0.3476628378202909,0.0,0.0,-0.08150190178014327,0.1570176203521293,-0.23851952213227257
2026.01.06 09:41,98.31171,-0.12400545747745184,0.09586385589021013,-0.21986931336766197,-0.42818969801830065,-0.12874556858079717,-0.2994441294375035,0.0,0.0,-0.12400545747745184,0.09586385589021044,-0.2198693133676623
2026.01.06 09:42,98.25971,-0.1600409446194817,0.038600270624208594,-0.1986412152436903,-0.44144040363173076,-0.1912845355909839,-0.25015586804074685,0.0,0.0,-0.1600409446194817,0.03860027062420891,-0.1986412152436906
2026.01.06 09:43,98.22234,-0.1894311303333751,-0.013980084955348263,-0.17545104537802686,-0.44240724128157183,-0.24150907672910152,-0.2008981645524703,0.0,0.0,-0.1894311303333751,-0.013980084955347947,-0.17545104537802717
2026.01.06 09:44,98.19989,-0.21208975298291932,-0.06125854554446196,-0.15083120743845735,-0.4322229465065135,-0.2796518506845839,-0.15257109582192957,0.0,0.0,-0.21208975298291932,-0.06125854554446164,-0.15083120743845768
2026.01.06 09:45,98.19249,-0.22801557126409477,-0.10276739084945095,-0.1252481804146438,-0.41203503671869157,-0.30612848789140545,-0.10590654882728612,0.0,0.0,-0.22801557126409477,-0.10276739084945063,-0.12524818041464414
2026.01.06 09:46,98.20022,-0.23727795799419482,-0.13816984924111403,-0.09910810875308079,-0.38298144456184957,-0.32149907922549426,-0.061482365336355316,0.0,0.0,-0.23727795799419482,-0.13816984924111372,-0.0991081087530811
2026.01.06 09:47,98.22302,-0.2400119879622764,-0.1672432933521233,-0.07276869461015312,-0.34618540557957544,-0.3264363444963105,-0.019749061083264963,0.0,0.0,-0.24001198796229062,-0.16724329335212454,-0.07276869461016608
2026.01.06 09:48,98.26074,-0.2364098520345692,-0.18986495071650103,-0.04654490131806818,-0.30274410252565076,-0.3216978961021786,0.018953793576527822,0.0,1.0,-0.23640985203458342,-0.1898649507165039,-0.046544901318079535
2026.01.06 09:49,98.31312,-0.22671507486005282,-0.20599974772537988,-0.020715327134672945,-0.2537232723483527,-0.3081029713514134,0.05437969900306072,0.0,0.0,-0.22671507486008124,-0.20599974772538587,-0.02071532713469537
2026.01.06 09:50,98.37981,-0.2112158041408776,-0.2156897862435383,0.004473982102660701,-0.20015050787684174,-0.2865124786564991,0.08636197077965735,1.0,0.0,-0.21121580414090602,-0.21568978624354745,0.004473982102641438
2026.01.06 09:51,98.46036,-0.1902398421342184,-0.21904521930073126,0.028805377166512852,-0.14301215535897427,-0.2578124139969941,0.11480025863801985,0.0,0.0,-0.19023984213424683,-0.21904521930074358,0.028805377166496754
2026.01.06 09:52,98.5542,-0.16415189649214312,-0.21623641554059436,0.05208451904845124,-0.0832542674685044,-0.22290078469129618,0.13964651722279178,0.0,0.0,-0.16415189649217155,-0.21623641554060985,0.052084519048438305
2026.01.06 09:53,98.66071,-0.1333454217413248,-0.2074870454026394,0.0741416236613146,-0.021773659401205236,-0.182675359633278,0.16090170023207276,0.0,0.0,-0.13334542174135322,-0.20748704540265805,0.07414162366130483
2026.01.06 09:54,98.77915,-0.09824148372581476,-0.19306770234283052,0.09482621861701576,0.04057776563814741,-0.13802473457899292,0.17860250021714033,0.0,0.0,-0.09824148372584318,-0.1930677023428523,0.09482621861700913
2026.01.06 09:55,98.90871,-0.059283566662656995,-0.17329054775043742,0.11400698108778043,0.10299653865247649,-0.08982047993269904,0.19281701858517553,0.0,0.0,-0.059283566662671205,-0.17329054775046082,0.11400698108778962
2026.01.06 09:56,99.0485,-0.016934046836396988,-0.14850410984756193,0.13157006301116494,0.16472794426934456,-0.03891079509229032,0.20363873936163487,0.0,0.0,-0.0169340468364112,-0.14850410984758533,0.13157006301117413
2026.01.06 09:57,99.19756,0.028329583190867424,-0.11908861704473564,0.14741820023560306,0.2250668808507612,0.01388474009631999,0.21118214075444122,0.0,0.0,0.028329583190853214,-0.11908861704475902,0.14741820023561225
2026.01.06 09:58,99.35488,0.07601944052629506,-0.08545144866847476,0.16147088919476982,0.28336042724427557,0.06777987752591111,0.21558054971836446,0.0,0.0,0.07601944052628085,-0.08545144866849658,0.16147088919477742
2026.01.06 09:59,99.51937,0.12563867985717536,-0.0480231726686911,0.17366185252586647,0.339004384163232,0.12202477885337529,0.2169796053098567,0.0,0.0,0.12563867985714694,-0.04802317266871291,0.17366185252585986
2026.01.06 10:00,99.68991,0.17668670292430022,-0.007253556551077921,0.18394025947537815,0.39144700334226457,0.17590922375115314,0.21553777959111142,0.0,0.0,0.1766867029242718,-0.007253556551099728,0.18394025947537151
2026.01.06 10:01,99.86532,0.22866088962449282,0.03639230857299274,0.19226858105150008,0.44018621616693565,0.22876462223430966,0.211421593932626,0.0,0.0,0.2286608896244502,0.03639230857296935,0.19226858105148084
2026.01.06 10:02,100.0444,0.2810611682115365,0.08243748523442176,0.19862368297711472,0.4847722824294891,0.2799661542733456,0.20480612815614352,0.0,0.0,0.28106116821149385,0.08243748523439681,0.19862368297709704
2026.01.06 10:03,100.22593,0.33339356689697297,0.1303969353036204,0.20299663159335257,0.524808401665851,0.3289346037518467,0.19587379791400428,0.0,0.0,0.33339356689694455,0.13039693530359545,0.2029966315933491
2026.01.06 10:04,100.40866,0.3851721292072341,0.17978090151138607,0.20539122769584803,0.5599484178006833,0.375137366561614,0.18481105123906927,0.0,0.0,0.3851721292072199,0.1797809015113611,0.20539122769585877
2026.01.06 10:05,100.59134,0.43592271643942127,0.23009831965314365,0.20582439678627762,0.5898981806315788,0.418089529375607,0.17180865125597183,0.0,0.0,0.43592271643940705,0.2300983196531187,0.20582439678628836
2026.01.06 10:06,100.77271,0.4851850543969505,0.28086003867604176,0.20432501572090872,0.6144136885741744,0.4573543612153205,0.15705932735885392,0.0,0.0,0.48518505439693627,0.28086003867601683,0.20432501572091943
2026.01.06 10:07,100.95153,0.5325165721198459,0.33158194218643633,0.2009346299334096,0.6333026574542799,0.4925440204631124,0.14075863699116753,0.0,0.0,0.5325165721198317,0.33158194218641135,0.20093462993342037
2026.01.06 10:08,101.12659,0.5774960054113336,0.3817883116924539,0.1957076937188797,0.6464255308785596,0.5233203225462019,0.12310520833235772,0.0,0.0,0.5774960054113194,0.38178831169243055,0.19570769371888885
2026.01.06 10:09,101.29667,0.6197227864185066,0.4310145431918102,0.18870824322669644,0.6536889426856902,0.5493940465740995,0.10429489611159071,0.0,0.0,0.6197227864184782,0.4310145431917868,0.18870824322669144
2026.01.06 10:10,101.46061,0.6588219135732203,0.4788102125194466,0.18001170105377368,0.6550496549720322,0.570525168253686,0.08452448671834611,0.0,0.0,0.6588219135731919,0.47881021251942474,0.18001170105376713
2026.01.06 10:11,101.6173,0.6944466779984282,0.5247419358291012,0.16970474216932696,0.6505142726251592,0.5865229891279806,0.06399128349717853,0.0,0.0,0.6944466779983998,0.524741935829081,0.16970474216931875
2026.01.06 10:12,101.76567,0.726279679436999,0.5683959483335486,0.15788373110345044,0.640135979818993,0.5972455872661832,0.0428903925528098,0.0,0.0,0.7262796794369706,0.5683959483335284,0.15788373110344223
2026.01.06 10:13,101.90469,0.7540332882058323,0.6093805215556151,0.1446527666502172,0.6240106790270517,0.6025986056183569,0.021412073408694776,0.0,0.0,0.7540332882058038,0.6093805215555932,0.14465276665021065
2026.01.06 10:14,102.03342,0.777453656463976,0.6473284037805656,0.13012525268341046,0.6022798636419111,0.6025348572230678,-0.0002549935811566595,0.0,-1.0,0.7774536564639476,0.6473284037805421,0.13012525268340547
2026.01.06 10:15,102.15098,0.7963210828033738,0.6818990736035014,0.11442200919987233,0.5751267096693766,0.5970532277123296,-0.02192651804295298,0.0,0.0,0.7963210828033453,0.6818990736034765,0.11442200919986889
2026.01.06 10:16,102.25658,0.8104523019262189,0.7127808213597651,0.0976714805664538,0.542776024844926,0.586197787138849,-0.043421762293922916,0.0,0.0,0.8104523019261904,0.7127808213597385,0.09767148056645192
2026.01.06 10:17,102.34949,0.8196994701629166,0.7396923174432742,0.08000715271964232,0.5054883487753017,0.5700558994661395,-0.06456755069083786,0.0,0.0,0.8196994701628881,0.7396923174432462,0.08000715271964198
2026.01.06 10:18,102.42909,0.8239529555886804,0.7623845584621824,0.061568397126497976,0.4635614572949436,0.5487570110319003,-0.08519555373695675,0.0,0.0,0.823952955588652,0.7623845584621544,0.06156839712649764
2026.01.06 10:19,102.49483,0.8231398976676871,0.7806421122504565,0.042497785417230594,0.41732419234533324,0.5224704472945869,-0.10514625494925367,0.0,0.0,0.8231398976676445,0.7806421122504269,0.042497785417217604
2026.01.06 10:20,102.54629,0.8172274460467435,0.7942844198113804,0.02294302623536304,0.36713927017383696,0.4914042118704369,-0.12426494169659996,0.0,0.0,0.817227446046715,0.7942844198113508,0.02294302623536426
2026.01.06 10:21,102.58311,0.8062192580696887,0.8031665952150127,0.0030526628546760914,0.31339381374058917,0.4558021322444674,-0.14240831850387825,0.0,0.0,0.8062192580696603,0.803166595214983,0.0030526628546773127
2026.01.06 10:22,102.60505,0.7901571249472852,0.8071803548529519,-0.017023229905666737,0.2565000268777453,0.41594171117112305,-0.15944168429337774,-1.0,0.0,0.7901571249472568,0.8071803548529223,-0.017023229905665516
2026.01.06 10:23,102.61199,0.7691218112479987,0.8062545942733989,-0.03713278302540013,0.19689437616996486,0.3721322441708914,-0.17523786800092656,0.0,0.0,0.7691218112479703,0.8062545942733692,-0.03713278302539891
2026.01.06 10:24,102.60387,0.7432284821531425,0.8003554164233732,-0.057126934270230634,0.13502725476907074,0.3247112462905273,-0.18968399152145654,0.0,0.0,0.7432284821531141,0.8003554164233435,-0.05712693427022941
2026.01.06 10:25,102.58078,0.7126299082793537,0.7894862615737215,-0.0768563532943678,0.0713675700065437,0.27404251103373056,-0.20267494102718686,0.0,0.0,0.7126299082793253,0.7894862615736918,-0.07685635329436658
2026.01.06 10:26,102.54289,0.6775129639818829,0.7736877608869399,-0.09617479690505704,0.006394899601531279,0.22051298874729072,-0.21411808914575944,0.0,0.0,0.6775129639818545,0.7736877608869103,-0.09617479690505581
2026.01.06 10:27,102.49048,0.6380978883757962,0.7530371978632862,-0.11493930948748998,-0.059402597900330534,0.16452987141776648,-0.22393246931809702,0.0,0.0,0.638097888375782,0.7530371978632581,-0.1149393094874761
2026.01.06 10:28,102.42391,0.5946349329764331,0.7276477573420357,-0.13301282436560258,-0.12553470073929418,0.10651695698635436,-0.23205165772564854,0.0,0.0,0.5946349329764189,0.7276477573420108,-0.13301282436559192
2026.01.06 10:29,102.34368,0.5474061795099772,0.6976676166157283,-0.15026143710575113,-0.1915057795548023,0.04691240967812303,-0.23841818923292535,0.0,0.0,0.547406179509963,0.697667616615705,-0.15026143710574202
2026.01.06 10:30,102.25034,0.49671942189939955,0.6632787459301406,-0.16655932403074103,-0.2568259287949104,-0.01383525801648365,-0.24299067077842673,0.0,0.0,0.49671942189938534,0.6632787459301189,-0.1665593240307336
2026.01.06 10:31,102.14456,0.4429086639777182,0.6246955836001887,-0.1817869196224705,-0.3210091540579185,-0.07527003722477063,-0.2457391168331479,0.0,0.0,0.442908663977704,0.6246955836001686,-0.18178691962246463
2026.01.06 10:32,102.02709,0.3863310198626948,0.5821632734462661,-0.19583225358357126,-0.38357818002292277,-0.13693166578440108,-0.24664651423852169,0.0,0.0,0.3863310198626806,0.5821632734462475,-0.19583225358356693
2026.01.06 10:33,101.89876,0.32736402211033067,0.535956111219287,-0.20859208910895632,-0.4440680311881522,-0.19835893886515132,-0.24570909232300087,0.0,0.0,0.32736402211031645,0.53595611121927,-0.20859208910895355
2026.01.06 10:34,101.76047,0.2664024823087914,0.48637528611144676,-0.21997280380265538,-0.5020300424087623,-0.2590931595738735,-0.24293688283488873,0.0,0.0,0.26640248230877717,0.4863752861114313,-0.21997280380265416
2026.01.06 10:35,101.6132,0.20385663223852646,0.43374680480662936,-0.2298901725681029,-0.5570331898984904,-0.3186811656387969,-0.23835202425969348,0.0,0.0,0.20385663223851225,0.43374680480661554,-0.2298901725681033
2026.01.06 10:36,101.45798,0.14014809862520394,0.37841905038989687,-0.23827095176469293,-0.6086691533427171,-0.37667876317958093,-0.23199039016313616,0.0,0.0,0.14014809862518973,0.37841905038988305,-0.23827095176469332
2026.01.06 10:37,101.29591,0.07570821504069158,0.3207605261748145,-0.2450523111341229,-0.6565527072915245,-0.43265355200196964,-0.22389915528955484,0.0,0.0,0.07570821504067737,0.32076052617480066,-0.2450523111341233
2026.01.06 10:38,101.12813,0.01097419553668999,0.2611569724000048,-0.2501827768633148,-0.7003259000743185,-0.4861880216164395,-0.21413787845787902,0.0,0.0,0.01097419553667578,0.26115697239999097,-0.2501827768633152
2026.01.06 10:39,100.95581,-0.053614727955448416,0.2000087335272439,-0.2536234614826923,-0.7396618661708629,-0.5368827905273242,-0.2027790756435387,0.0,0.0,-0.05361472795546263,0.2000087335272301,-0.2536234614826927
2026.01.06 10:40,100.78018,-0.11761796171192884,0.13772799733950536,-0.2553459590514342,-0.7742625689848666,-0.5843587462188328,-0.1899038227660338,0.0,0.0,-0.11761796171194305,0.1377279973394915,-0.25534595905143453
2026.01.06 10:41,100.60246,-0.1805996638093319,0.07473569915372462,-0.25533536296305653,-0.8038665095444628,-0.6282602988839588,-0.17560621066050397,0.0,0.0,-0.1805996638093319,0.07473569915371235,-0.25533536296304427
2026.01.06 10:42,100.42391,-0.24212949122113514,0.011458642116895082,-0.2535881333380302,-0.8282460939099394,-0.668257457889155,-0.1599886360207844,0.0,0.0,-0.24212949122112093,0.011458642116885976,-0.2535881333380069
2026.01.06 10:43,100.24579,-0.3017863133674723,-0.05167344629157866,-0.25011286707589364,-0.8472105942614974,-0.7040480851636235,-0.14316250909787387,0.0,0.0,-0.3017863133674439,-0.051673446291583026,-0.25011286707586083
2026.01.06 10:44,100.06936,-0.3591610166061372,-0.11423096282987462,-0.2449300537762626,-0.8606071995424287,-0.7353599080393846,-0.12524729150304414,0.0,0.0,-0.3591610166061088,-0.11423096282987426,-0.2449300537762345
2026.01.06 10:45,99.89586,-0.4138601599799472,-0.17578743600822475,-0.23807272397172244,-0.8683234902869543,-0.7619526244888986,-0.10637086579805577,0.0,0.0,-0.41386015997991876,-0.17578743600821964,-0.23807272397169912
2026.01.06 10:46,99.72652,-0.4655078630793241,-0.2359225557993376,-0.22958530727998652,-0.8702865343490629,-0.7836194064609314,-0.08666712788813147,0.0,0.0,-0.4655078630792815,-0.2359225557993262,-0.2295853072799553
2026.01.06 10:47,99.56253,-0.513749478179065,-0.2942251862121993,-0.21952429196686574,-0.866465277560124,-0.8001885806807699,-0.06627669687935411,0.0,0.0,-0.5137494781790224,-0.2942251862121815,-0.21952429196684087
2026.01.06 10:48,99.40507,-0.5582518321383674,-0.35029597556585695,-0.20795585657251042,-0.8568666141146082,-0.8115241873675376,-0.04534242674707056,0.0,0.0,-0.5582518321383247,-0.35029597556583286,-0.20795585657249188
2026.01.06 10:49,99.25525,-0.5987079575237004,-0.4037504195449427,-0.19495753797875776,-0.8415398802345209,-0.8175273259409344,-0.024012554293586508,0.0,0.0,-0.5987079575236578,-0.4037504195449123,-0.1949575379787455
2026.01.06 10:50,99.11415,-0.634837309805377,-0.4542212691000588,-0.18061604070531823,-0.820572862625724,-0.8181364332778923,-0.0024364293478317256,0.0,0.0,-0.6348373098053486,-0.45422126910002525,-0.18061604070532333
2026.01.06 10:51,98.98276,-0.6663904227348354,-0.501361372601581,-0.16502905013325442,-0.7940961423815196,-0.8133283750986178,0.019232232717098174,0.0,1.0,-0.6663904227348212,-0.5013613726015476,-0.16502905013327362
2026.01.06 10:52,98.86203,-0.6931482129475484,-0.5448460281104783,-0.14830218483707003,-0.762277483590708,-0.8031181967970359,0.04084071320632787,0.0,0.0,-0.6931482129475484,-0.544846028110448,-0.14830218483710034
2026.01.06 10:53,98.75284,-0.7149234820549992,-0.5843751909381296,-0.1305482911168696,-0.7253207646903803,-0.7875587103757048,0.06223794568532448,0.0,0.0,-0.714923482054985,-0.584375190938101,-0.13054829111688404
2026.01.06 10:54,98.65598,-0.7315633255772838,-0.619675542671167,-0.11188778290611678,-0.6834666447628024,-0.7667402972531243,0.08327365249032193,0.0,0.0,-0.7315633255772696,-0.6196755426711399,-0.11188778290612966
2026.01.06 10:55,98.57216,-0.7429498317491436,-0.6505024280789247,-0.09244740367021897,-0.6369901300690941,-0.7407902638163184,0.1038001337472243,0.0,0.0,-0.7429498317491294,-0.6505024280789008,-0.09244740367022863
2026.01.06 10:56,98.50199,-0.7490018256815034,-0.6766415778014179,-0.07236024788008555,-0.5862002718649819,-0.7098722654260512,0.12367199356106928,0.0,0.0,-0.7490018256814892,-0.6766415778013971,-0.0723602478800921
2026.01.06 10:57,98.44601,-0.7496734240537961,-0.6979106435697988,-0.051762780483997295,-0.5314342474523812,-0.6741846618313173,0.1427504143789361,0.0,0.0,-0.7496734240537819,-0.6979106435697813,-0.051762780484000626
2026.01.06 10:58,98.40464,-0.7449564891710878,-0.7141604804195085,-0.030796008751579285,-0.47305901581397336,-0.6339595326278485,0.16090051681387518,0.0,0.0,-0.7449564891710736,-0.7141604804194941,-0.030796008751579507
2026.01.06 10:59,98.37822,-0.7348789306256975,-0.7252762160662108,-0.009602714559486691,-0.4114654203907122,-0.5894607101804212,0.17799528978970902,0.0,0.0,-0.7348789306256833,-0.725276216066198,-0.009602714559485359
2026.01.06 11:00,98.36698,-0.719505357057372,-0.7311778754353816,0.011672518378009644,-0.3470671127482916,-0.5409819906939953,0.19391487794570372,1.0,0.0,-0.7195053570573577,-0.7311778754353687,0.011672518378010976
2026.01.06 11:01,98.37105,-0.6989363708479033,-0.7318210040909766,0.032884633243073336,-0.28029717824010447,-0.4888450282032172,0.2085478499631127,0.0,0.0,-0.6989363708478891,-0.7318210040909621,0.032884633243073
2026.01.06 11:02,98.39044,-0.673309200788097,-0.7271971950613209,0.05388799427322388,-0.21160749714408666,-0.43339752199139114,0.22179002484730448,0.0,0.0,-0.6733092007880828,-0.7271971950613063,0.05388799427322355
2026.01.06 11:03,98.42508,-0.6427945894786973,-0.7173340021614779,0.07453941268278064,-0.1414615228092373,-0.3750103221549604,0.2335487993457231,0.0,0.0,-0.6427945894786831,-0.7173340021614634,0.0745394126827803
2026.01.06 11:04,98.47478,-0.6075971636439306,-0.7022948168164542,0.09469765317252365,-0.0703340251386777,-0.3140750627517039,0.24374103761302618,0.0,0.0,-0.6075971636439306,-0.7022948168164412,0.09469765317251067
2026.01.06 11:05,98.53926,-0.5679529449569287,-0.6821782745137237,0.11422532955679499,0.0012942306281757965,-0.25100120407572796,0.25229543470390375,0.0,0.0,-0.5679529449569287,-0.6821782745137123,0.11422532955678355
2026.01.06 11:06,98.61812,-0.5241294352168921,-0.6571178313096233,0.13298839609273116,0.07293666992683256,-0.18621362927521587,0.25915029920204846,0.0,0.0,-0.5241294352168779,-0.6571178313096119,0.13298839609273394
2026.01.06 11:07,98.71088,-0.4764221334522887,-0.6272806806742012,0.1508585472219125,0.14410742624585282,-0.12014941817100212,0.26425684441685493,0.0,0.0,-0.47642213345227447,-0.6272806806741897,0.15085854722191527
2026.01.06 11:08,98.81695,-0.42515388126119547,-0.5928667863003676,0.16771290503917213,0.21432214184436305,-0.0532551061679291,0.26757724801229216,0.0,0.0,-0.42515388126118125,-0.5928667863003562,0.1677129050391749
2026.01.06 11:09,98.93567,-0.3706708474218914,-0.5541073963408698,0.18343654891897843,0.2831046676710258,0.01401684859986188,0.26908781907116397,0.0,0.0,-0.37067084742187717,-0.5541073963408584,0.1834365489189812
2026.01.06 11:10,99.06629,-0.31334071153727905,-0.5112634341952449,0.19792272265796584,0.34998914584839724,0.08121130804956896,0.2687778377988283,0.0,0.0,-0.31334071153726484,-0.5112634341952335,0.19792272265796862
2026.01.06 11:11,99.20795,-0.25355259126830276,-0.4646238109152678,0.211071219646965,0.41451880677760755,0.1478728077951767,0.26664599898243085,0.0,0.0,-0.25355259126828855,-0.4646238109152563,0.21107121964696773
2026.01.06 11:12,99.35976,-0.19171035924823343,-0.4145033408896607,0.22279298164142725,0.47625665206808776,0.21354957664975893,0.26270707541832883,0.0,0.0,-0.19171035924823343,-0.4145033408896508,0.22279298164141736
2026.01.06 11:13,99.52072,-0.12823362066556854,-0.361240725003176,0.23300710433760746,0.5347813946150808,0.27779594024282334,0.25698545437225745,0.0,0.0,-0.12823362066556854,-0.3612407250031661,0.23300710433759758
2026.01.06 11:14,99.68981,-0.06355112040091626,-0.30519607783028574,0.24164495742936948,0.5896973136068482,0.3401762149156283,0.24952109869121986,0.0,0.0,-0.06355112040091626,-0.3051960778302758,0.24164495742935954
2026.01.06 11:15,99.86591,0.0018981447112906835,-0.24674856894937652,0.2486467136606672,0.6406293826169502,0.4002668484558928,0.24036253416105746,0.0,0.0,0.0018981447112906835,-0.2467485689493682,0.24864671366065888
2026.01.06 11:16,100.04789,0.06767135077114972,-0.1862937373689945,0.2539650881401442,0.6872323450238724,0.4576599477694887,0.22957239725438372,0.0,0.0,0.06767135077114972,-0.18629373736898774,0.25396508814013746
2026.01.06 11:17,100.23457,0.13332373328789515,-0.1242406690857622,0.25756440237365735,0.7291907606201704,0.511966110339625,0.21722465028054538,0.0,0.0,0.13332373328789515,-0.12424066908575702,0.2575644023736522
2026.01.06 11:18,100.42472,0.19841008730202248,-0.06100945411643843,0.2594195414184609,0.7662184046631069,0.5628165692043214,0.20340183545878543,0.0,0.0,0.19841008730200826,-0.06100945411643642,0.2594195414184447
2026.01.06 11:19,100.61712,0.26249073403899104,0.002971817614258243,0.2595189164247328,0.7980656868733291,0.609866392738123,0.18819929413520609,0.0,0.0,0.2624907340389768,0.002971817614257096,0.25951891642471975
2026.01.06 11:20,100.8105,0.3251313463367467,0.06727003290370819,0.2578613134330385,0.8245153877399218,0.6527961917384828,0.17171919600143903,0.0,0.0,0.32513134633671825,0.0672700329037023,0.25786131343301594
2026.01.06 11:21,101.00362,0.3859091326516335,0.13144997644813783,0.2544591562034957,0.845390181219912,0.6913149896347687,0.15407519158514338,0.0,0.0,0.3859091326516335,0.13144997644813194,0.25445915620350157
2026.01.06 11:22,101.19523,0.4444143597342247,0.19507752982589263,0.24933682990833209,0.8605510822292786,0.7251622081536706,0.13538887407560796,0.0,0.0,0.4444143597342247,0.19507752982588678,0.24933682990833794
2026.01.06 11:23,101.38407,0.5002513967962727,0.2577222539589136,0.2425291428373591,0.8698952577444601,0.7541088180718285,0.11578643967263158,0.0,0.0,0.5002513967962727,0.25772225395890774,0.24252914283736499
2026.01.06 11:24,101.56893,0.5530441592033526,0.3189607000135872,0.23408345918976542,0.8733619103620498,0.7779594365298729,0.09540247383217693,0.0,0.0,0.5530441592033526,0.3189607000135813,0.2340834591897713
2026.01.06 11:25,101.74862,0.6024377575655393,0.37837918965740824,0.22405856790813106,0.8709308012047074,0.7965537094648398,0.07437709173986762,0.0,0.0,0.6024377575655393,0.37837918965740236,0.22405856790813694
2026.01.06 11:26,101.92198,0.6481003459397101,0.4355765910631655,0.21252375487654462,0.8626213215649443,0.8097672318848608,0.05285408968008354,0.0,0.0,0.6481003459397101,0.4355765910631596,0.2125237548765505
2026.01.06 11:27,102.0879,0.6897259026894034,0.4901672372173189,0.19955866547208445,0.8484933457966406,0.8175124546672168,0.030980891129423815,0.0,0.0,0.6897259026894034,0.4901672372173146,0.19955866547208878
2026.01.06 11:28,102.24532,0.7270361149270457,0.541783390649325,0.18525272427772066,0.8286464200986359,0.8197392477535007,0.008907172345135161,0.0,0.0,0.7270361149270315,0.5417833906493207,0.18525272427771078
2026.01.06 11:29,102.39325,0.7597831346012498,0.5900780337898254,0.16970510081142443,0.8032206060226059,0.8164355194073218,-0.01321491338471592,0.0,-1.0,0.7597831346012356,0.5900780337898226,0.169705100811413
2026.01.06 11:30,102.53075,0.7877497952052153,0.6347269962957789,0.15302279890943637,0.7723927449965515,0.8076269645251679,-0.035234219528616384,0.0,0.0,0.787749795205201,0.6347269962957746,0.1530227989094265
2026.01.06 11:31,102.65697,0.8107526227985886,0.6754312477473748,0.13532137505121378,0.7363781087251624,0.7933771933651669,-0.05699908464000447,0.0,0.0,0.8107526227985744,0.675431247747369,0.13532137505120545
2026.01.06 11:32,102.77112,0.8286414179466846,0.7119190278751983,0.11672239007148622,0.6954257953241125,0.7737869137569561,-0.07836111843284355,0.0,0.0,0.8286414179466703,0.7119190278751909,0.11672239007147944
2026.01.06 11:33,102.87251,0.8413017398667506,0.7439476479489092,0.09735409191784139,0.649819794002866,0.7489934898061381,-0.09917369580327207,0.0,0.0,0.8413017398667364,0.7439476479489002,0.09735409191783617
2026.01.06 11:34,102.96053,0.8486548497486552,0.7713051026359221,0.07734974711273312,0.5998754286215302,0.7191698775692166,-0.11929444894768637,0.0,0.0,0.848654849748641,0.7713051026359116,0.07734974711272946
2026.01.06 11:35,103.03468,0.8506596526504353,0.7938116922704471,0.05684796037998818,0.5459397442212719,0.6845238508996278,-0.13858410667835586,0.0,0.0,0.8506596526504211,0.793811692270435,0.05684796037998607
2026.01.06 11:36,103.09453,0.8473105990532588,0.8113211029775421,0.035989496075716665,0.48838468689828574,0.6452960180993594,-0.1569113312010737,0.0,0.0,0.8473105990532588,0.81132110297753,0.035989496075728766
2026.01.06 11:37,103.13977,0.8386396243084278,0.8237214929088068,0.014918131399620949,0.4276082016439773,0.601758454808283,-0.17415025316430577,0.0,0.0,0.8386396243084278,0.8237214929087963,0.014918131399631496
2026.01.06 11:38,103.17019,0.8247156455276325,0.8309362163450715,-0.006220570817438986,0.36403086562258125,0.5542129369711427,-0.19018207134856147,-1.0,0.0,0.8247156455276325,0.8309362163450627,-0.006220570817430104
2026.01.06 11:39,103.18568,0.8056437459639909,0.8329244330960466,-0.02728068713205567,0.29809233551569037,0.5029888166800522,-0.20489648116436188,0.0,0.0,0.8056437459639909,0.8329244330960393,-0.027280687132048342
2026.01.06 11:40,103.18623,0.7815641238447597,0.8296812665456211,-0.048117142700861426,0.23024776195551055,0.4484406057351439,-0.21819284377963333,0.0,0.0,0.7815641238447597,0.8296812665456154,-0.04811714270085565
2026.01.06 11:41,103.17193,0.7526508686362945,0.8212378721778,-0.06858700354150549,0.16096428232314963,0.3909453410527451,-0.22998105872959546,0.0,0.0,0.7526508686362945,0.8212378721777959,-0.06858700354150138
2026.01.06 11:42,103.143,0.7191130092150075,0.8076613465498286,-0.08854833733482104,0.09072191131581064,0.3309006551053582,-0.24017874378954757,0.0,0.0,0.7191130092150075,0.807661346549826,-0.08854833733481848
2026.01.06 11:43,103.09972,0.6811893528682447,0.7890540691186718,-0.10786471625042715,0.020003303799398964,0.2687211848441664,-0.24871788104476744,0.0,0.0,0.6811893528682447,0.7890540691186708,-0.10786471625042615
2026.01.06 11:44,103.04252,0.6391512819086103,0.7655531390362468,-0.12640185712763652,-0.05070125297662287,0.20483669728000856,-0.2555379502566314,0.0,0.0,0.6391512819086103,0.7655531390362474,-0.12640185712763718
2026.01.06 11:45,102.97188,0.5932965963201866,0.7373293609547943,-0.14403276463460768,-0.12090530855981285,0.13968829611204428,-0.2605936046718571,0.0,0.0,0.5932965963201866,0.737329360954795,-0.14403276463460835
2026.01.06 11:46,102.88839,0.5439491748897325,0.7045859776860504,-0.16063680279631787,-0.19012614362317493,0.07372540816500045,-0.2638515517881754,0.0,0.0,0.5439491748897325,0.704585977686051,-0.16063680279631853
2026.01.06 11:47,102.79276,0.49145921023749395,0.667557484876035,-0.176098274638541,-0.25788369716983084,0.007403587098034188,-0.265287284267865,0.0,0.0,0.49145921023749395,0.6675574848760356,-0.17609827463854166
2026.01.06 11:48,102.68573,0.436195913598425,0.6265077257243054,-0.19031181212588033,-0.32371299172088186,-0.05881972866574903,-0.26489326305513283,0.0,0.0,0.436195913598425,0.6265077257243061,-0.1903118121258811
2026.01.06 11:49,102.56817,0.37854955966639636,0.5817283297044872,-0.20317877003809082,-0.38715864137583367,-0.12448751120776597,-0.2626711301680677,0.0,0.0,0.37854955966639636,0.581728329704488,-0.2031787700380916
2026.01.06 11:50,102.441,0.31892646687444426,0.533536729508726,-0.21461026263428173,-0.44778253922082456,-0.1891465168103777,-0.25863602241044686,0.0,0.0,0.31892646687444426,0.5335367295087268,-0.2146102626342825
2026.01.06 11:51,102.30519,0.2577448817311847,0.4822736042327457,-0.22452872250156097,-0.5051691109416936,-0.2523510356366409,-0.2528180753050527,0.0,0.0,0.2577448817311847,0.48227360423274646,-0.22452872250156175
2026.01.06 11:52,102.16181,0.19543560696958195,0.42830096579956095,-0.232865358829979,-0.5589216119456637,-0.3136651508984455,-0.2452564610472182,0.0,0.0,0.19543560696958195,0.42830096579956173,-0.23286535882997977
2026.01.06 11:53,102.01196,0.1324367665498727,0.37199935298192344,-0.23956258643205075,-0.6086692727732554,-0.3726659752734075,-0.23600329749984794,0.0,0.0,0.1324367665498727,0.3719993529819242,-0.23956258643205153
2026.01.06 11:54,101.85679,0.069191216174886,0.3137654218546678,-0.24457420567978183,-0.6540689871290937,-0.4289465776445448,-0.22512240948454887,0.0,0.0,0.069191216174886,0.3137654218546686,-0.2445742056797826
2026.01.06 11:55,101.69748,0.006142865126960828,0.25400916521435984,-0.24786630008739902,-0.6948087795647098,-0.4821190180285778,-0.21268976153613195,0.0,0.0,0.006142865126960828,0.2540091652143606,-0.2478663000873998
2026.01.06 11:56,101.53525,-0.056265419769573555,0.19315087299135233,-0.2494162927609259,-0.7306081183989619,-0.5318168381026547,-0.19879128029630722,0.0,0.0,-0.056265419769573555,0.19315087299135314,-0.2494162927609267
2026.01.06 11:57,101.37135,-0.11759424218401193,0.13161863345997044,-0.24921287564398237,-0.7612188208334771,-0.5776972346488192,-0.18352158618465797,0.0,0.0,-0.11759424218401193,0.13161863345997127,-0.2492128756439832
2026.01.06 11:58,101.20701,-0.17741352764053886,0.06984495709253319,-0.24725848473307205,-0.7864319579052079,-0.619444179300097,-0.16698777860511094,0.0,0.0,-0.17741352764053886,0.06984495709253401,-0.24725848473307288
2026.01.06 11:59,101.0435,-0.23530221536127272,0.008263992399675749,-0.24356620776094845,-0.8060731021340075,-0.6567699638668791,-0.14930313826712838,0.0,0.0,-0.23530221536127272,0.008263992399676567,-0.24356620776094928
2026.01.06 12:00,100.88207,-0.29085270043749745,-0.0526912945079556,-0.23816140592954185,-0.8200065657391065,-0.6894172842413246,-0.13058928149778182,0.0,0.0,-0.29085270043749745,-0.05269129450795478,-0.23816140592954266
2026.01.06 12:01,100.72395,-0.343674160819873,-0.11259237981789505,-0.23108178100197796,-0.828137214725885,-0.7171612703382368,-0.11097594438764813,0.0,0.0,-0.343674160819873,-0.11259237981789422,-0.2310817810019788
2026.01.06 12:02,100.57036,-0.3933941749562706,-0.1710180399852443,-0.2223761349710263,-0.8304090813782778,-0.739810832546245,-0.09059824883203282,0.0,0.0,-0.3933941749562706,-0.17101803998524348,-0.22237613497102712
2026.01.06 12:03,100.42248,-0.4396621726419738,-0.22755730540933986,-0.21210486723263397,-0.8268074112625641,-0.7572101482895088,-0.06959726297305524,0.0,0.0,-0.4396621726419738,-0.22755730540933902,-0.2121048672326348
2026.01.06 12:04,100.28147,-0.482150294217476,-0.28181210089205505,-0.20033819332542097,-0.8173559125900738,-0.7692393011496218,-0.048116611440451984,0.0,0.0,-0.482150294217476,-0.2818121008920542,-0.2003381933254218
2026.01.06 12:05,100.14842,-0.5205577935234373,-0.33340014242026217,-0.18715765110317517,-0.8021206189048655,-0.7758155647006706,-0.026305054204194933,0.0,0.0,-0.5205577935234373,-0.3334001424202613,-0.18715765110317606
2026.01.06 12:06,100.02438,-0.5546117853611747,-0.3819576472177247,-0.17265413814345004,-0.781206858408396,-0.7768938234422157,-0.004313034966180296,0.0,0.0,-0.5546117853611747,-0.38195764721772385,-0.17265413814345087
2026.01.06 12:07,99.91034,-0.58406910904759,-0.42714160070739704,-0.15692750834019298,-0.7547585628301334,-0.7724667713197992,0.01770820848966581,0.0,1.0,-0.58406910904759,-0.4271416007073962,-0.1569275083401938
2026.01.06 12:08,99.80722,-0.6087182474452391,-0.4686322709389489,-0.14008597650629018,-0.7229577665921596,-0.7625649703742714,0.0396072037821118,0.0,0.0,-0.6087182474452391,-0.468632270938948,-0.14008597650629107
2026.01.06 12:09,99.71585,-0.628382065307278,-0.5061355337022578,-0.12224653160502019,-0.6860256257365052,-0.7472571014467182,0.061231475710213035,0.0,0.0,-0.628382065307278,-0.506135533702257,-0.12224653160502108
2026.01.06 12:10,99.63701,-0.642916372004791,-0.5393846682783598,-0.10353170372643117,-0.6442159325840464,-0.7266488676741838,0.08243293509013738,0.0,0.0,-0.642916372004791,-0.539384668278359,-0.10353170372643206
2026.01.06 12:11,99.57137,-0.6522132063460901,-0.5681423384327843,-0.08407086791330587,-0.5978177358016836,-0.7008826412996838,0.10306490549800018,0.0,0.0,-0.6522132063460901,-0.5681423384327834,-0.08407086791330676
2026.01.06 12:12,99.51952,-0.656200604119519,-0.5922021641525115,-0.06399843996700749,-0.5471514322945552,-0.6701363994986581,0.1229849672041029,0.0,0.0,-0.656200604119519,-0.5922021641525106,-0.06399843996700838
2026.01.06 12:13,99.48197,-0.6548420057469144,-0.6113901321002269,-0.04345187364668757,-0.49256466261711296,-0.6346220521223491,0.14205738950523616,0.0,0.0,-0.6548420057469144,-0.611390132100226,-0.043451873646688455
2026.01.06 12:14,99.45909,-0.648140175047601,-0.6255659522695783,-0.02257422277802268,-0.4344366571988729,-0.5945849731376539,0.16014831593878098,0.0,0.0,-0.648140175047601,-0.6255659522695775,-0.022574222778023567
2026.01.06 12:15,99.4512,-0.6361326418780919,-0.6346238252159024,-0.0015088166621894938,-0.37316706498913277,-0.5503013915079498,0.177134326518817,0.0,0.0,-0.6361326418781061,-0.6346238252159032,-0.0015088166622029275
2026.01.06 12:16,99.45849,-0.6188941171227498,-0.6384932705575869,0.01959915343483709,-0.30917838899985384,-0.5020767910063306,0.1928984020064768,1.0,0.0,-0.618894117122764,-0.6384932705575892,0.01959915343482521
2026.01.06 12:17,99.48105,-0.5965355679027624,-0.6371396394973117,0.04060407159454926,-0.2429122110726638,-0.4502438750195973,0.20733166394693348,0.0,0.0,-0.5965355679027766,-0.6371396394973156,0.04060407159453894
2026.01.06 12:18,99.51887,-0.5692030798483501,-0.6305641966685419,0.06136111682019185,-0.17482544961077906,-0.39516018993783364,0.22033474032705458,0.0,0.0,-0.5692030798483643,-0.6305641966685473,0.06136111682018308
2026.01.06 12:19,99.57182,-0.5370781609470328,-0.6188043954399021,0.08172623449286931,-0.10538957403483096,-0.33720606675723314,0.23181649272240218,0.0,0.0,-0.5370781609470328,-0.6188043954399076,0.08172623449287486
2026.01.06 12:20,99.6397,-0.5003735873241055,-0.6019333266596816,0.10155973933557605,-0.03508198578052202,-0.27678125056189096,0.24169926478136894,0.0,0.0,-0.5003735873241055,-0.6019333266596871,0.1015597393355816
2026.01.06 12:21,99.72217,-0.45933537622551057,-0.5800594124492362,0.12072403622372563,0.035610796338474415,-0.2143028411818179,0.2499136375202923,0.0,0.0,-0.45933537622551057,-0.5800594124492418,0.12072403622373118
2026.01.06 12:22,99.81883,-0.4142375712197719,-0.5533255863906648,0.13908801517089286,0.10620307698437159,-0.15020165754858,0.2564047345329516,0.0,0.0,-0.4142375712197719,-0.5533255863906703,0.13908801517089842
2026.01.06 12:23,99.92913,-0.36538501662872136,-0.5219083465663448,0.1565233299376234,0.1762046754805482,-0.08492039094275436,0.2611250664233026,0.0,0.0,-0.36538501662873557,-0.5219083465663519,0.1565233299376163
2026.01.06 12:24,100.05249,-0.31310560757160033,-0.4860164538656235,0.17291084629402315,0.2451348985375148,-0.018909333046700526,0.2640442315842153,0.0,0.0,-0.31310560757160033,-0.4860164538656291,0.17291084629402875
2026.01.06 12:25,100.18819,-0.25775273030380674,-0.44588963310796315,0.1881369028041564,0.3125169111462185,0.047375915791883286,0.2651409953543352,0.0,0.0,-0.25775273030380674,-0.44588963310796714,0.1881369028041604
2026.01.06 12:26,100.33545,-0.19970050189965605,-0.4017968479965069,0.20209634609685084,0.37788554189526735,0.1134778410125601,0.26440770088270726,0.0,0.0,-0.19970050189964184,-0.4017968479965077,0.2020963460968659
2026.01.06 12:27,100.4934,-0.13934219757275912,-0.35403452774366345,0.21469233017090433,0.44078859305606954,0.178939991421262,0.26184860163480755,0.0,0.0,-0.1393421975727449,-0.3540345277436611,0.2146923301709162
2026.01.06 12:28,100.66112,-0.07708560931011732,-0.30292424422845066,0.22583863491833334,0.5007934797129394,0.2433106890795975,0.2574827906333419,0.0,0.0,-0.07708560931011732,-0.3029242442284483,0.225838634918331
2026.01.06 12:29,100.83759,-0.01335323264495969,-0.24881087148632333,0.23545763884136364,0.5574846040806563,0.30614547207980924,0.251339132000847,0.0,0.0,-0.01335323264495969,-0.24881087148632097,0.23545763884136128
2026.01.06 12:30,101.02174,0.05142174317695947,-0.19206008044160444,0.2434818236185639,0.6104685031695283,0.36701007829775306,0.24345842487177521,0.0,0.0,0.05142174317695947,-0.19206008044160208,0.24348182361856155
2026.01.06 12:31,101.21248,0.11680109183313903,-0.13305578454683656,0.24985687637997558,0.6593813704027269,0.42548433671874786,0.23389703368397907,0.0,0.0,0.11680109183313903,-0.1330557845468342,0.24985687637997323
2026.01.06 12:32,101.40863,0.18234045511837849,-0.07219739879715881,0.2545378539155373,0.7038838068985598,0.48116423075471026,0.22271957614384952,0.0,0.0,0.18234045511837849,-0.07219739879715487,0.25453785391553335
2026.01.06 12:33,101.609,0.24759493683622225,-0.009897338307400742,0.257492275143623,0.7436680594067582,0.5336649964851199,0.21000306292163828,0.0,0.0,0.24759493683622225,-0.009897338307396808,0.25749227514361905
2026.01.06 12:34,101.81236,0.3121210984460845,0.053421975998142725,0.25869912244794174,0.7784581015111627,0.5826236174903285,0.19583448402083414,0.0,0.0,0.3121210984460845,0.05342197599814666,0.2586991224479378
2026.01.06 12:35,102.01747,0.37548089915529204,0.11733102055980363,0.25814987859548844,0.8080131907657773,0.6277015321454182,0.18031165862035903,0.0,0.0,0.37548089915529204,0.11733102055980599,0.25814987859548605
2026.01.06 12:36,102.22307,0.4372439236521899,0.18139614514035352,0.2558477785118364,0.8321280273155196,0.6685868311794385,0.1635411961360811,0.0,0.0,0.4372439236521899,0.1813961451403543,0.2558477785118356
2026.01.06 12:37,102.4279,0.496990636022673,0.24518239462177466,0.25180824140089836,0.8506347497174147,0.7049964148870338,0.1456383348303809,0.0,0.0,0.496990636022673,0.24518239462177543,0.2518082414008976
2026.01.06 12:38,102.63071,0.5543156028539755,0.3082567096772119,0.2460588931767636,0.8634046848369508,0.7366780688770173,0.1267266159599335,0.0,0.0,0.5543156028539755,0.3082567096772127,0.24605889317676283
2026.01.06 12:39,102.83025,0.6088290600254709,0.37019085599371315,0.23863820403175773,0.8703469982898611,0.7634118547595861,0.106935143530275,0.0,0.0,0.6088290600254709,0.37019085599371393,0.23863820403175695
2026.01.06 12:40,103.02531,0.6601611525669568,0.4305641960752485,0.22959695649170836,0.8714122641670201,0.7850119366410729,0.08640032752594717,0.0,0.0,0.6601611525669568,0.43056419607524926,0.22959695649170758
2026.01.06 12:41,103.21471,0.7079642318793162,0.4889668379375749,0.21899739394174134,0.8665922171414309,0.8013279927411445,0.06526422440028634,0.0,0.0,0.7079642318793162,0.48896683793757567,0.21899739394174056
2026.01.06 12:42,103.39729,0.7519136047664432,0.5450022454853772,0.20691135928106597,0.8559168168946911,0.8122457575718539,0.043671059322837213,0.0,0.0,0.7519136047664432,0.545002245485378,0.2069113592810652
2026.01.06 12:43,103.57197,0.7917126450083174,0.5982901951034031,0.1934224499049143,0.8394593969718613,0.8176884854518554,0.021770911520005987,0.0,0.0,0.7917126450083174,0.5982901951034039,0.19342244990491353
2026.01.06 12:44,103.73769,0.8270916919783389,0.6484691720837417,0.1786225198945972,0.8173302431703178,0.8176168369955479,-0.0002865938252301081,0.0,-1.0,0.8270916919783389,0.6484691720837424,0.17862251989459643
2026.01.06 12:45,103.89347,0.8578116667613642,0.6951989213180944,0.16261274544326987,0.7896792751174218,0.8120293246199227,-0.022350049502500968,0.0,0.0,0.8578116667613642,0.6951989213180951,0.1626127454432691
2026.01.06 12:46,104.0384,0.8836657590641721,0.7381628238782609,0.14550293518591118,0.756695018612163,0.8009624634183709,-0.04426744480620781,0.0,0.0,0.8836657590641721,0.7381628238782617,0.1455029351859104
2026.01.06 12:47,104.17164,0.9044803811354427,0.7770700214650906,0.12741035967035208,0.7186024076389401,0.7844904522624848,-0.0658880446235447,0.0,0.0,0.9044803811354427,0.7770700214650914,0.1274103596703513
2026.01.06 12:48,104.29244,0.9201171319760562,0.8116575850151556,0.10845954696090054,0.6756626333810232,0.7627248884861926,-0.0870622551051694,0.0,0.0,0.9201171319760562,0.8116575850151564,0.10845954696089977
2026.01.06 12:49,104.40011,0.9304715420993404,0.841692072740976,0.08877946935836434,0.6281673105317083,0.7358133728952957,-0.10764606236358742,0.0,0.0,0.9304715420993404,0.8416920727409768,0.08877946935836356
2026.01.06 12:50,104.49409,0.9354772874426516,0.8669713011369021,0.06850598630574944,0.5764429943210274,0.7039392971804421,-0.1274963028594147,0.0,0.0,0.9354772874426516,0.8669713011369029,0.06850598630574867
2026.01.06 12:51,104.57388,0.9351034721139939,0.8873257308421856,0.04777774127180834,0.5208429031288091,0.6673200183701156,-0.14647711524130647,0.0,0.0,0.9351034721139939,0.8873257308421864,0.04777774127180756
2026.01.06 12:52,104.6391,0.9293568820745719,0.9026195349606583,0.026737347113913623,0.4617483810087606,0.6262056908978446,-0.16445730988908402,0.0,0.0,0.9293568820745719,0.902619534960659,0.026737347113912846
2026.01.06 12:53,104.68945,0.9182801305385624,0.912751583689572,0.005528546848990401,0.3995629051091356,0.5808771337401029,-0.18131422863096724,0.0,0.0,0.9182801305385624,0.9127515836895728,0.005528546848989624
2026.01.06 12:54,104.72476,0.9019537852549178,0.9176562635221891,-0.015702478267271336,0.33471381418478074,0.5316444698290385,-0.1969306556442577,-1.0,0.0,0.9019537852549178,0.9176562635221899,-0.015702478267272113
2026.01.06 12:55,104.74493,0.8804928163260968,0.9173037143290697,-0.03681089800297288,0.26764376282103797,0.47884432842743835,-0.21120056560640038,0.0,0.0,0.8804928163260826,0.9173037143290688,-0.0368108980029862
2026.01.06 12:56,104.74999,0.8540482074351132,0.9117001394734775,-0.05765193203836427,0.19881227280498592,0.4228379173029479,-0.22402564449796197,0.0,0.0,0.8540482074351132,0.9117001394734766,-0.057651932038363385
2026.01.06 12:57,104.74007,0.8228054146295278,0.9008877264349744,-0.07808231180544656,0.12869150049536415,0.3640086339414312,-0.23531713344606703,0.0,0.0,0.8228054146295278,0.9008877264349735,-0.07808231180544567
2026.01.06 12:58,104.7154,0.7869827659684034,0.8849445290870925,-0.0979617631186891,0.05776235573389954,0.3027593782999249,-0.24499702256602535,0.0,0.0,0.7869827659684034,0.8849445290870916,-0.0979617631186882
2026.01.06 12:59,104.6763,0.746829035353926,0.8639836121883453,-0.11715457683441932,-0.01349043033711439,0.23950941657251704,-0.2529998469096314,0.0,0.0,0.746829035353926,0.8639836121883443,-0.11715457683441832
2026.01.06 13:00,104.62321,0.7026235878884108,0.8381525139410583,-0.13552892605264744,-0.08457815379512112,0.17469190249898942,-0.25927005629411054,0.0,0.0,0.7026235878884108,0.8381525139410573,-0.13552892605264644
2026.01.06 13:01,104.55666,0.6546737519779526,0.8076321661525451,-0.15295841417459244,-0.155012949139973,0.10875093217119693,-0.2637638813111699,0.0,0.0,0.6546737519779526,0.8076321661525441,-0.15295841417459144
2026.01.06 13:02,104.47726,0.6033116440483468,0.7726356676536322,-0.16932402360528542,-0.22431305827028325,0.04213813408290089,-0.26645119235318415,0.0,0.0,0.6033116440483468,0.7726356676536312,-0.16932402360528442
2026.01.06 13:03,104.38572,0.5488929937439764,0.7334066908190832,-0.1845136970751068,-0.2920039953238245,-0.02469029179844419,-0.2673137035253803,0.0,0.0,0.5488929937439764,0.7334066908190822,-0.1845136970751058
2026.01.06 13:04,104.28283,0.4917943589614282,0.6902179733341199,-0.19842361437269174,-0.35762247075339815,-0.09127672758943497,-0.2663457431639632,0.0,0.0,0.491794358961414,0.690217973334119,-0.19842361437270506
2026.01.06 13:05,104.16947,0.4324115042575727,0.6433694507588377,-0.21095794650126498,-0.4207178478346236,-0.15716495163847272,-0.2635528961961509,0.0,0.0,0.4324115042575585,0.6433694507588351,-0.21095794650127664
2026.01.06 13:06,104.04656,0.3711539228883822,0.5931859516764881,-0.2220320287881059,-0.4808603060412082,-0.22190402251901983,-0.25895628352218836,0.0,0.0,0.371153922888368,0.593185951676484,-0.222032028788116
2026.01.06 13:07,103.91513,0.30844597255196504,0.5400151968524394,-0.23156922430047433,-0.5376364033028693,-0.28505049867578974,-0.2525859046270796,0.0,0.0,0.30844597255195083,0.5400151968524338,-0.231569224300483
2026.01.06 13:08,103.77623,0.2447204163333936,0.48422535029460245,-0.23950493396120887,-0.5906586381081951,-0.3461721265622708,-0.24448651154592427,0.0,0.0,0.24472041633337938,0.48422535029459524,-0.23950493396121586
2026.01.06 13:09,103.63098,0.18041725500734174,0.4262024244189281,-0.24578516941158635,-0.6395645937880232,-0.40485062000742134,-0.23471397378060188,0.0,0.0,0.18041725500732753,0.4262024244189193,-0.2457851694115918
2026.01.06 13:10,103.48054,0.11598033653243078,0.3663476004805368,-0.250367263948106,-0.6840201607363383,-0.46068452815320476,-0.22333563258313355,0.0,0.0,0.11598033653243078,0.366347600480528,-0.2503672639480972
2026.01.06 13:11,103.3261,0.051853858108714235,0.30507451315391093,-0.2532206550451967,-0.7237226242297794,-0.5132921473685197,-0.2104304768612597,0.0,0.0,0.051853858108714235,0.30507451315390216,-0.2532206550451879
2026.01.06 13:12,103.1689,-0.01151878291398134,0.2428065379696934,-0.25432532088367477,-0.7583992810584022,-0.5623135741064962,-0.19608570695190597,0.0,0.0,-0.01151878291398134,0.24280653796968465,-0.254325320883666
2026.01.06 13:13,103.01016,-0.0737014642518119,0.17997366872377785,-0.25367513297558975,-0.7878156877059865,-0.6074139968263943,-0.18040169087959224,0.0,0.0,-0.07370146425182611,0.17997366872376908,-0.2536751329755952
2026.01.06 13:14,102.85114,-0.13426554263044466,0.11700955240288703,-0.2512750950333317,-0.8117719016460256,-0.6482855777903206,-0.16348632385570505,0.0,0.0,-0.13426554263045887,0.11700955240287828,-0.2512750950333371
2026.01.06 13:15,102.6931,-0.19279311922190345,0.05434876994618862,-0.24714188916809207,-0.8301046103598964,-0.6846493843042357,-0.14545522605566064,0.0,0.0,-0.19279311922191766,0.05434876994617986,-0.24714188916809754
2026.01.06 13:16,102.53728,-0.2488810710331819,-0.007576457118827706,-0.2413046139143542,-0.8426904090954679,-0.7162575892624822,-0.1264328198329857,0.0,0.0,-0.24888107103319612,-0.007576457118836465,-0.24130461391435964
2026.01.06 13:17,102.38491,-0.30214324329520537,-0.0683390859664498,-0.23380415732875556,-0.8494454822198918,-0.7428951678539641,-0.10655031436592766,0.0,0.0,-0.3021432432952196,-0.06833908596645857,-0.233804157328761
2026.01.06 13:18,102.23719,-0.35221356921793756,-0.12752028865814752,-0.22469328055979004,-0.8503269954967152,-0.7643815333825144,-0.08594546211420084,0.0,0.0,-0.35221356921795177,-0.12752028865815626,-0.2246932805597955
2026.01.06 13:19,102.09531,-0.3987466898785641,-0.18471218048159138,-0.21403450939697272,-0.845329929862956,-0.7805712126786026,-0.06475871718435333,0.0,0.0,-0.3987466898785783,-0.18471218048160173,-0.21403450939697657
2026.01.06 13:20,101.96039,-0.4414229902265845,-0.23952071918551346,-0.20190227104107103,-0.8344921226959627,-0.7913553946820747,-0.043136728013888015,0.0,0.0,-0.4414229902265987,-0.2395207191855254,-0.2019022710410733
2026.01.06 13:21,101.83351,-0.4799498581319881,-0.29156861643195864,-0.18838124170002946,-0.8178920690892539,-0.7966627295635106,-0.02122933952574335,0.0,0.0,-0.4799498581320023,-0.2915686164319722,-0.18838124170003012
2026.01.06 13:22,101.71572,-0.5140615653726144,-0.34049751655649224,-0.17356404881612214,-0.7956445521020612,-0.7964590940712207,0.0008145419691595324,0.0,1.0,-0.5140615653726286,-0.3404975165565058,-0.1735640488161228
2026.01.06 13:23,101.60796,-0.5435252497876775,-0.3859708173517403,-0.15755443243593714,-0.7679075929679442,-0.7907487938505654,0.022841200882621204,0.0,0.0,-0.5435252497876775,-0.38597081735175226,-0.1575544324359252
2026.01.06 13:24,101.51115,-0.5681380481209573,-0.4276758094516352,-0.14046223866932206,-0.7348729490969532,-0.779573624899843,0.04470067580288983,0.0,0.0,-0.5681380481209715,-0.4276758094516471,-0.14046223866932434
2026.01.06 13:25,101.42609,-0.5877324850131913,-0.4653259665605251,-0.1224065184526662,-0.6967723274523507,-0.7630133654103446,0.06624103795799385,0.0,0.0,-0.5877324850132055,-0.4653259665605371,-0.12240651845266842
2026.01.06 13:26,101.35353,-0.6021747078203532,-0.4986627959522082,-0.10351191186814501,-0.6538702249829527,-0.7411847373248662,0.08731451234191356,0.0,0.0,-0.6021747078203532,-0.4986627959522186,-0.10351191186813463
2026.01.06 13:27,101.29412,-0.6113667090758668,-0.5274575892697558,-0.08390911980611093,-0.6064646499344661,-0.7142407198467863,0.10777606991232014,0.0,0.0,-0.6113667090758668,-0.5274575892697647,-0.08390911980610205
2026.01.06 13:28,101.24842,-0.6152468615230617,-0.5515131638969223,-0.06373369762613945,-0.554884770713798,-0.6823695300201887,0.1274847593063907,0.0,0.0,-0.6152468615230475,-0.551513163896928,-0.06373369762611958
2026.01.06 13:29,101.2169,-0.6137899227107653,-0.5706650452840535,-0.04312487742671178,-0.4994878885037224,-0.6457932017168955,0.14630531321317308,0.0,0.0,-0.6137899227107511,-0.570665045284056,-0.04312487742669502
2026.01.06 13:30,101.19992,-0.6070082193938902,-0.5847826409798204,-0.022225578414069802,-0.44065883642930714,-0.6047663286593778,0.1641074922300707,0.0,0.0,-0.607008219393876,-0.5847826409798197,-0.022225578414056257
2026.01.06 13:31,101.19775,-0.5949505519018174,-0.5937703061497318,-0.0011802457520856402,-0.3788053976202832,-0.559574142451559,0.1807687448312758,0.0,0.0,-0.5949505519018032,-0.593770306149728,-0.001180245752075204
2026.01.06 13:32,101.21056,-0.5777017178051693,-0.5975676914850087,0.019865973679839333,-0.31435532653641474,-0.5105303792685302,0.19617505273211544,1.0,0.0,-0.5777017178051551,-0.5975676914850033,0.019865973679848214
2026.01.06 13:33,101.2384,-0.5553833239367947,-0.5961504999089906,0.040767175972195924,-0.24775597301167807,-0.45797549801715975,0.2102195250054817,0.0,0.0,-0.5553833239367805,-0.5961504999089821,0.040767175972201586
2026.01.06 13:34,101.28123,-0.5281516099494752,-0.5895304026796888,0.06137879273021363,-0.17946863516593226,-0.40227412544691427,0.222805490280982,0.0,0.0,-0.528151609949461,-0.5895304026796772,0.06137879273021618
2026.01.06 13:35,101.33891,-0.49619614617078867,-0.5777550069408484,0.0815588607700597,-0.10996507896778951,-0.3438123161510893,0.2338472371832998,0.0,0.0,-0.49619614617078867,-0.5777550069408366,0.08155886077004793
2026.01.06 13:36,101.41117,-0.45974082672971406,-0.5609076866801648,0.10116685995045072,-0.039728492402431925,-0.28299555140135785,0.24326705899892592,0.0,0.0,-0.45974082672971406,-0.560907686680153,0.10116685995043895
2026.01.06 13:37,101.49768,-0.4190386724470585,-0.539106776782831,0.12006810433577253,0.030756663000147455,-0.2202451085210568,0.2510017715212043,0.0,0.0,-0.4190386724470585,-0.5391067767828209,0.12006810433576243
2026.01.06 13:38,101.59797,-0.37437380886437666,-0.5125049863554545,0.13813117749107784,0.10100096891660826,-0.1559958930335238,0.25699686195013205,0.0,0.0,-0.37437380886437666,-0.512504986355446,0.1381311774910693
2026.01.06 13:39,101.71151,-0.32605627974560036,-0.48128810417231116,0.1552318244267108,0.17051951134617127,-0.09069281215758479,0.26121232350375606,0.0,0.0,-0.32605627974558615,-0.48128810417230267,0.1552318244267165
2026.01.06 13:40,101.83765,-0.27442247454146695,-0.44567387335449443,0.17125139881302748,0.23883035734152713,-0.024788178257762403,0.26361853559928955,0.0,0.0,-0.27442247454146695,-0.4456738733544875,0.17125139881302054
2026.01.06 13:41,101.97567,-0.21983117445797973,-0.40591047964925114,0.18607930519127142,0.30546100409087273,0.041261658211964626,0.2641993458789081,0.0,0.0,-0.21983117445797973,-0.4059104796492458,0.1860793051912661
2026.01.06 13:42,102.12475,-0.1626625926323726,-0.36227484283764866,0.19961225020527606,0.3699488294165576,0.10699909245288322,0.2629497369636744,0.0,0.0,-0.1626625926323726,-0.36227484283764494,0.19961225020527235
2026.01.06 13:43,102.28401,-0.10331418701251494,-0.31507068473354194,0.211756497721027,0.43184724804437735,0.17196872357118206,0.25987852447319526,0.0,0.0,-0.10331418701251494,-0.31507068473353983,0.2117564977210249
2026.01.06 13:44,102.4525,-0.04219798104809058,-0.26462644416435327,0.2224284631162627,0.4907285390683569,0.23572068667061705,0.2550078523977398,0.0,0.0,-0.04219798104809058,-0.2646264441643511,0.22242846311626052
2026.01.06 13:45,102.6292,0.020261701471582683,-0.21129282991976475,0.23155453139134743,0.5461856619234169,0.29781368172117706,0.24837198020223983,0.0,0.0,0.020261701471582683,-0.21129282991976261,0.2315545313913453
2026.01.06 13:46,102.81301,0.08362935357136791,-0.1554408270288285,0.2390701806001964,0.5978318737686976,0.3578173201306812,0.24001455363801644,0.0,0.0,0.08362935357136791,-0.15544082702882633,0.23907018060019425
2026.01.06 13:47,103.00282,0.14746487184247314,-0.09745875139473408,0.24492362323720723,0.6453101201280163,0.4153158801301482,0.22999423999786806,0.0,0.0,0.14746487184245893,-0.09745875139473349,0.2449236232371924
2026.01.06 13:48,103.19745,0.21132398305951483,-0.03774983330527683,0.24907381636479164,0.6882904887781507,0.4699108018597487,0.21837968691840198,0.0,0.0,0.21132398305950062,-0.0377498333052794,0.24907381636478002
2026.01.06 13:49,103.3957,0.27476261454796713,0.023270732149104738,0.2514918823988624,0.726474981769968,0.5212236378417926,0.20525134392817546,0.0,0.0,0.27476261454796713,0.02327073214910216,0.251491882398865
2026.01.06 13:50,103.59634,0.3373395182549075,0.08517858689498109,0.2521609313599264,0.7595986924045377,0.5688986487543417,0.190700043650196,0.0,0.0,0.3373395182549075,0.08517858689497852,0.25216093135992895
2026.01.06 13:51,103.79811,0.3986182944554457,0.14754312990473867,0.25107516455070705,0.7874298246347422,0.6126048839304219,0.1748249407043203,0.0,0.0,0.3986182944554457,0.14754312990473611,0.2510751645507096
2026.01.06 13:52,103.99977,0.45817291063015375,0.20993058519836852,0.24824232543178523,0.8097759397775803,0.6520390950998536,0.15773684467772675,0.0,0.0,0.45817291063015375,0.20993058519836597,0.24824232543178779
2026.01.06 13:53,104.20004,0.5155871209023104,0.27190670763730196,0.24368041326500844,0.8264787255278776,0.6869270211854585,0.13955170434241915,0.0,0.0,0.5155871209022962,0.27190670763729785,0.24368041326499834
2026.01.06 13:54,104.39769,0.5704610791394344,0.3330399718226188,0.23742110731681565,0.8374221373598942,0.7170260444203457,0.12039609293954856,0.0,0.0,0.5704610791394202,0.33303997182261313,0.2374211073168071
2026.01.06 13:55,104.59147,0.6224107492210749,0.3929045713392529,0.22950617788182198,0.8425268879716583,0.7421262131306082,0.10040067484105009,0.0,0.0,0.6224107492210607,0.3929045713392456,0.22950617788181504
2026.01.06 13:56,104.78019,0.671073644593065,0.45108332386709643,0.21999032072596852,0.841756806042369,0.7620523317129604,0.07970447432940864,0.0,0.0,0.6710736445930507,0.45108332386708916,0.21999032072596159
2026.01.06 13:57,104.96266,0.7161082931654903,0.507170469434427,0.2089378237310633,0.8351133849675136,0.7766645423638711,0.05844884260364258,0.0,0.0,0.7161082931654761,0.5071704694344198,0.2089378237310563
2026.01.06 13:58,105.13777,0.757199960358534,0.5607746189689344,0.19642534138959955,0.8226420628700879,0.7858600464651145,0.03678201640497336,0.0,0.0,0.757199960358534,0.5607746189689272,0.19642534138960677
2026.01.06 13:59,105.30442,0.7940592442236465,0.6115212551876832,0.1825379890359633,0.8044251847494195,0.7895730741219755,0.01485211062744396,0.0,0.0,0.7940592442236465,0.611521255187676,0.18253798903597052
2026.01.06 14:00,105.46159,0.8264262701097209,0.6590554747048248,0.16737079540489608,0.7805857025646503,0.7877755998105105,-0.007189897245860166,0.0,-1.0,0.8264262701097209,0.6590554747048176,0.1673707954049033
2026.01.06 14:01,105.60832,0.8540720451474044,0.7030442674289638,0.15102777771844067,0.7512854388182575,0.78047756761206,-0.029192128793802508,0.0,0.0,0.8540720451473902,0.7030442674289551,0.15102777771843512
2026.01.06 14:02,105.74372,0.8767999652464624,0.7431790279116474,0.13362093733481506,0.7167238312552229,0.7677268203406926,-0.05100298908546974,0.0,0.0,0.8767999652464624,0.7431790279116401,0.13362093733482228
2026.01.06 14:03,105.86698,0.8944474244095915,0.7791775107194426,0.11526991369014883,0.6771370111416104,0.7496088585008762,-0.07247184735926582,0.0,0.0,0.8944474244095915,0.779177510719437,0.11526991369015449
2026.01.06 14:04,105.97736,0.9068858904273043,0.8107858597423571,0.09610003068494721,0.6327942753794673,0.7262459418765945,-0.09345166649712722,0.0,0.0,0.9068858904273043,0.810785859742353,0.09610003068495132
2026.01.06 14:05,106.07423,0.9140237667611046,0.8377803177610281,0.07624344900007651,0.5839998974129941,0.6977967329838745,-0.11379683557088038,0.0,0.0,0.9140237667611046,0.8377803177610256,0.07624344900007907
2026.01.06 14:06,106.15703,0.9158050229569739,0.8599688432934152,0.055836179663558694,0.5310872359879539,0.6644548335846905,-0.13336759759673655,0.0,0.0,0.9158050229569739,0.8599688432934143,0.05583617966355958
2026.01.06 14:07,106.22531,0.9122109071793005,0.8771922818290558,0.03501862535024469,0.474418968873195,0.6264476606423914,-0.15202869176919642,0.0,0.0,0.9122109071793005,0.877192281829055,0.03501862535024558
2026.01.06 14:08,106.2787,0.9032584699497477,0.889325529131956,0.013932940817791728,0.41438164234577357,0.5840344569830679,-0.1696528146372943,0.0,0.0,0.9032584699497335,0.8893255291319535,0.01393294081777996
2026.01.06 14:09,106.31696,0.8890029881322903,0.8962784978011303,-0.007275509668840052,0.35138773756338537,0.5375051130991314,-0.18611737553574603,-1.0,0.0,0.8890029881322761,0.8962784978011263,-0.007275509668850266
2026.01.06 14:10,106.33994,0.8695362375558489,0.8979967414020686,-0.028460503846219787,0.28587013464496636,0.4871781174082984,-0.20130798276333206,0.0,0.0,0.8695362375558204,0.897996741402063,-0.028460503846242546
2026.01.06 14:11,106.34757,0.8449839259924801,0.8944616259294039,-0.04947769993692386,0.21827570069478952,0.4333976340655966,-0.2151219333708071,0.0,0.0,0.8449839259924516,0.8944616259293952,-0.04947769993694351
2026.01.06 14:12,106.33992,0.8155080815939186,0.8856905878387736,-0.070182506244855,0.14906836167732251,0.3765317795879418,-0.2274634179106193,0.0,0.0,0.8155080815938902,0.8856905878387616,-0.07018250624487143
2026.01.06 14:13,106.31715,0.7813045216623493,0.8717371024204453,-0.09043258075809602,0.07872308664957473,0.31697004100026843,-0.2382469543506937,0.0,0.0,0.7813045216623209,0.8717371024204302,-0.09043258075810934
2026.01.06 14:14,106.27952,0.7426012821528616,0.8526901596861961,-0.11008887753333452,0.007722231972181248,0.255120479194651,-0.24739824722246972,0.0,0.0,0.7426012821528332,0.8526901596861778,-0.11008887753334462
2026.01.06 14:15,106.22739,0.6996570200624745,0.8286737149201406,-0.1290166948576661,-0.06344777729894702,0.1914068278959314,-0.2548546051948784,0.0,0.0,0.6996570200624603,0.8286737149201208,-0.12901669485766043
2026.01.06 14:16,106.16123,0.6527602105037857,0.7998458597339724,-0.14708564923018663,-0.13429801329942848,0.12626585965685944,-0.2605638729562879,0.0,0.0,0.6527602105037573,0.7998458597339493,-0.14708564923019196
2026.01.06 14:17,106.08159,0.6022257846614707,0.7663977835908304,-0.16417199892935974,-0.20434300037513253,0.06014408765046104,-0.26448708802559356,0.0,0.0,0.6022257846614423,0.7663977835908058,-0.16417199892936352
2026.01.06 14:18,105.98912,0.5483937896606363,0.72855231709398,-0.1801585274333437,-0.2731024480148818,-0.00650521948260753,-0.2665972285322743,0.0,0.0,0.5483937896606221,0.7285523170939554,-0.18015852743333327
2026.01.06 14:19,105.88456,0.4916272546638538,0.6865624301059806,-0.1949351754421268,-0.34010423099613263,-0.07322502178531255,-0.2668792092108201,0.0,0.0,0.4916272546638396,0.6865624301059575,-0.19493517544211791
2026.01.06 14:20,105.76872,0.4323086616645071,0.640709622958428,-0.20840096129392094,-0.4048895415181164,-0.1395579257318733,-0.2653316157862431,0.0,0.0,0.4323086616645071,0.6407096229584082,-0.20840096129390107
2026.01.06 14:21,105.6185,0.3689240242813838,0.5910891721459242,-0.22216514786454034,-0.4704064091253599,-0.20572762241057063,-0.2646787867147893,0.0,0.0,0.3689240242813838,0.5910891721459074,-0.22216514786452357
2026.01.06 14:22,105.45887,0.3023254163683191,0.5378692715576986,-0.23554385518937948,-0.5350739205689194,-0.2715968820422404,-0.26347703852667903,0.0,0.0,0.3023254163683333,0.5378692715576866,-0.23554385518935328
2026.01.06 14:23,105.29084,0.23329761340090727,0.48127997502970365,-0.2479823616287964,-0.5976076215896171,-0.33679902995171573,-0.2608085916379014,0.0,0.0,0.23329761340090727,0.4812799750296948,-0.2479823616287875
2026.01.06 14:24,105.11552,0.16257169810278072,0.42160382814529324,-0.2590321300425125,-0.6569596585630677,-0.40083115567398614,-0.25612850288908157,0.0,0.0,0.16257169810278072,0.42160382814528596,-0.25903213004250525
2026.01.06 14:25,104.93402,0.09082835479965468,0.35916695528927867,-0.268338600489624,-0.7122846661243898,-0.4631218577640669,-0.2491628083603229,0.0,0.0,0.09082835479965468,0.35916695528927456,-0.2683386004896199
2026.01.06 14:26,104.74752,0.01870660885218456,0.2943314913104691,-0.27562488245828454,-0.7629004085103475,-0.523077567913323,-0.2398228405970244,0.0,0.0,0.01870660885218456,0.29433149131046815,-0.2756248824582836
2026.01.06 14:27,104.55723,-0.053192042347134816,0.2274886210873834,-0.28068066343451825,-0.808261457789456,-0.5801143458885497,-0.2281471119009063,0.0,0.0,-0.053192042347134816,0.22748862108738402,-0.2806806634345188
2026.01.06 14:28,104.36439,-0.12429996516885922,0.15905226332819306,-0.28335222849705227,-0.8479369921372779,-0.6336788751382953,-0.21425811699898256,0.0,0.0,-0.12429996516885922,0.15905226332819528,-0.2833522284970545
2026.01.06 14:29,104.17023,-0.19408332390190708,0.0894531538208137,-0.2835364777227208,-0.8815977202202134,-0.683262644154679,-0.19833507606553447,0.0,0.0,-0.19408332390190708,0.08945315382081592,-0.283536477722723
2026.01.06 14:30,103.97603,-0.26203685767963236,0.01934638915847857,-0.28138324683811095,-0.9089953271959814,-0.7284091807629395,-0.18058614643304194,0.0,0.0,-0.26203685767963236,0.019346389158480786,-0.28138324683811317
2026.01.06 14:31,103.78302,-0.3276874398966072,-0.050655039315402134,-0.27703240058120504,-0.9299599402180831,-0.7687193326539682,-0.16124060756411496,0.0,0.0,-0.3276874398966072,-0.050655039315401496,-0.2770324005812057
2026.01.06 14:32,103.59247,-0.3905893212358649,-0.11997580983059904,-0.27061351140526585,-0.9443832416251894,-0.8038521144482125,-0.1405311271769769,0.0,0.0,-0.3905893212358649,-0.1199758098305984,-0.27061351140526646
2026.01.06 14:33,103.40558,-0.4503288656328692,-0.18807587246789348,-0.26225299316497575,-0.9522203835020946,-0.8335257682589889,-0.11869461524310565,0.0,0.0,-0.4503288656328692,-0.18807587246789284,-0.2622529931649764
2026.01.06 14:34,103.22358,-0.5065199176176094,-0.2544479027364784,-0.252072014881131,-0.9534751339245986,-0.857515641392111,-0.09595949253248759,0.0,0.0,-0.5065199176176094,-0.2544479027364777,-0.2520720148811317
2026.01.06 14:35,103.04761,-0.5588094322197037,-0.31861635174446595,-0.24019308047523774,-0.948204921165015,-0.8756534973466918,-0.07255142381832314,0.0,0.0,-0.5588094322197037,-0.31861635174446534,-0.24019308047523835
2026.01.06 14:36,102.87881,-0.6068743290478977,-0.3801366058223285,-0.22673772322556923,-0.9365097775822164,-0.8878247533937969,-0.04868502418841958,0.0,0.0,-0.6068743290478977,-0.3801366058223279,-0.22673772322556984
2026.01.06 14:37,102.71825,-0.6504242701064697,-0.43859486192650743,-0.21182940817996232,-0.9185330439278658,-0.8939664115006107,-0.024566632427255097,0.0,0.0,-0.6504242701064697,-0.4385948619265068,-0.21182940817996293
2026.01.06 14:38,102.56693,-0.689203463014394,-0.49360821071678374,-0.1955952522976102,-0.8944602703547986,-0.8940651832714483,-0.0003950870833502318,0.0,0.0,-0.689203463014394,-0.4936082107167831,-0.19559525229761082
2026.01.06 14:39,102.42582,-0.7229884892184515,-0.5448250586655414,-0.17816343055291006,-0.8645112002281792,-0.8881543866627946,0.023643186434615382,0.0,1.0,-0.7229884892184515,-0.5448250586655408,-0.17816343055291073
2026.01.06 14:40,102.29579,-0.7515918175638774,-0.5919255450730159,-0.15966627249086152,-0.8289427293817226,-0.8763120552065802,0.04736932582485753,0.0,0.0,-0.7515918175638774,-0.5919255450730153,-0.15966627249086207
2026.01.06 14:41,102.17763,-0.774862552677078,-0.6346225707887062,-0.14023998188837183,-0.7880466218322084,-0.8586589685317059,0.07061234669949745,0.0,0.0,-0.774862552677078,-0.6346225707887057,-0.1402399818883724
2026.01.06 14:42,102.07207,-0.7926850083620423,-0.6726621422030588,-0.1200228661589835,-0.7421436220041215,-0.835355899226189,0.09321227722206749,0.0,0.0,-0.7926850083620423,-0.6726621422030582,-0.12002286615898405
2026.01.06 14:43,101.97973,-0.8049811772506956,-0.7058245043845128,-0.0991566728661828,-0.6915851233752761,-0.8066017440560065,0.11501662068073037,0.0,0.0,-0.8049811772506956,-0.7058245043845122,-0.09915667286618346
2026.01.06 14:44,101.90115,-0.811709843163456,-0.7339245500449297,-0.07778529311852622,-0.6367486837528844,-0.7726311319953821,0.13588244824249773,0.0,0.0,-0.811709843163456,-0.7339245500449292,-0.07778529311852678
2026.01.06 14:45,101.83677,-0.8128670618339697,-0.7568126314656044,-0.05605443036836533,-0.5780364562026534,-0.7337121968368364,0.155675740634183,0.0,0.0,-0.8128670618339697,-0.7568126314656038,-0.05605443036836588
2026.01.06 14:46,101.78693,-0.8084861127942702,-0.7743750584309156,-0.0341110543633546,-0.5158728408961082,-0.6901443256486908,0.17427148475258258,0.0,0.0,-0.8084861127942702,-0.7743750584309149,-0.034111054363355264
2026.01.06 14:47,101.75188,-0.7986362397540887,-0.7865342558464372,-0.012101983907651492,-0.45070023510682233,-0.6422555075403171,0.1915552724334948,0.0,0.0,-0.7986362397540887,-0.7865342558464365,-0.012101983907652158
2026.01.06 14:48,101.73175,-0.7834236470331177,-0.7932492733814002,0.009825626348282435,-0.38297923786231536,-0.5904002536047168,0.20742101574240146,1.0,0.0,-0.7834236470331177,-0.7932492733813995,0.009825626348281769
2026.01.06 14:49,101.72656,-0.7629910613168818,-0.7945158560206229,0.031524794703741144,-0.31318626489178314,-0.5349574558621301,0.22177119097034692,0.0,0.0,-0.7629910613168818,-0.7945158560206222,0.03152479470374048
2026.01.06 14:50,101.73626,-0.7375137812108079,-0.7903659925243707,0.05285221131356277,-0.241805185950156,-0.47632700187973526,0.23452181592957927,0.0,0.0,-0.7375137812108079,-0.79036599252437,0.0528522113135621
2026.01.06 14:51,101.76067,-0.7072009972962405,-0.7808677690726149,0.07366677177637437,-0.16932921731977046,-0.4149274449677423,0.24559822764797185,0.0,0.0,-0.7072009972962405,-0.7808677690726142,0.07366677177637371
2026.01.06 14:52,101.7995,-0.6722948446874142,-0.7661248432322503,0.09382999854483609,-0.09625855061800337,-0.3511936660977945,0.25493511547979114,0.0,0.0,-0.6722948446874142,-0.7661248432322496,0.09382999854483542
2026.01.06 14:53,101.85239,-0.6330660944134223,-0.7462755378155799,0.11320944340215755,-0.02309226491705374,-0.2855733858616464,0.26248112094459264,0.0,0.0,-0.6330660944134081,-0.7462755378155776,0.11320944340216954
2026.01.06 14:54,101.91885,-0.5898152377097006,-0.7214920018017722,0.13167676409207163,0.049669324389014946,-0.21852484381151413,0.2681941682005291,0.0,0.0,-0.5898152377097006,-0.72149200180177,0.1316767640920694
2026.01.06 14:55,101.99831,-0.542869008238597,-0.6919789901844752,0.1491099819458782,0.12153070132804089,-0.15051373478360314,0.27204443611164403,0.0,0.0,-0.542869008238597,-0.691978990184473,0.149109981945876
2026.01.06 14:56,102.09011,-0.4925781559949911,-0.6579725364334643,0.1653943804384732,0.19200431881903057,-0.0820101240630764,0.27401444288210697,0.0,0.0,-0.4925781559949911,-0.6579725364334621,0.165394380438471
2026.01.06 14:57,102.19351,-0.43931463180418007,-0.6197382014080268,0.18042356960384676,0.26061449217358756,-0.0134852008157436,0.2740996929893312,0.0,0.0,-0.43931463180418007,-0.6197382014080246,0.18042356960384454
2026.01.06 14:58,102.30768,-0.38346993756005077,-0.5775691876572678,0.19409925009721707,0.3268988261300336,0.054591604573411855,0.2723072215566218,0.0,0.0,-0.38346993756005077,-0.5775691876572656,0.19409925009721485
2026.01.06 14:59,102.43171,-0.32545281315155705,-0.5317846356506845,0.2063318224991274,0.39041069530755124,0.12175542272023973,0.2686552725873115,0.0,0.0,-0.32545281315155705,-0.5317846356506821,0.20633182249912507
2026.01.06 15:00,102.56462,-0.265686430060569,-0.48272746151338763,0.2170410314528186,0.4507223565625651,0.1875488094887048,0.2631735470738603,0.0,0.0,-0.265686430060569,-0.4827274615133853,0.21704103145281628
2026.01.06 15:01,102.70539,-0.2046036349885867,-0.43076177154685125,0.22615813655826456,0.5074312034389408,0.25152528827875203,0.25590591516018873,0.0,0.0,-0.2046036349885867,-0.4307617715468489,0.22615813655826222
2026.01.06 15:02,102.85292,-0.14264630397789801,-0.3762706837206819,0.23362437974278388,0.5601580714626095,0.31325184491552355,0.246906226547086,0.0,0.0,-0.14264630397789801,-0.3762706837206811,0.2336243797427831
2026.01.06 15:03,103.00608,-0.08026074487861479,-0.3196535178505613,0.2393927729719465,0.6085527783700968,0.3723120316064382,0.23624074676365858,0.0,0.0,-0.080260744878629,-0.31965351785056206,0.23939277297193307
2026.01.06 15:04,103.16368,-0.01789643795035545,-0.2613232322629789,0.24342679431262343,0.6522931621046979,0.42830825770609016,0.22398490439860774,0.0,0.0,-0.01789643795038387,-0.2613232322629828,0.24342679431259895
2026.01.06 15:05,103.32452,0.043998975602548285,-0.20170355097436338,0.24570252657691166,0.6910909150903706,0.4808647891829463,0.2102261259074243,0.0,0.0,0.04399897560251986,-0.2017035509743705,0.24570252657689037
2026.01.06 15:06,103.48736,0.1049812058721784,-0.14122623567699022,0.24620744154916863,0.7246905965271537,0.5296299506517878,0.19506064587536598,0.0,0.0,0.10498120587214999,-0.14122623567700052,0.2462074415491505
2026.01.06 15:07,103.65095,0.16461285402220938,-0.08032814772340577,0.24494100174561514,0.7528723871540421,0.5742784379522387,0.1785939492018035,0.0,0.0,0.16461285402219517,-0.08032814772341762,0.24494100174561279
2026.01.06 15:08,103.81404,0.2224669048061685,-0.019448179061436262,0.24191508386760474,0.7754544839599617,0.6145136471537833,0.16094083680617843,0.0,0.0,0.22246690480615428,-0.019448179061449702,0.24191508386760396
2026.01.06 15:09,103.97539,0.2781301422602098,0.040975884529761385,0.23715425773044843,0.7922951234215532,0.6500699424073373,0.14222518101421588,0.0,0.0,0.2781301422601956,0.04097588452974637,0.23715425773044924
2026.01.06 15:10,104.13373,0.3312024776756459,0.10050989704800944,0.23069258062763648,0.8032871672589721,0.6807133873776643,0.1225737798813078,0.0,0.0,0.3312024776756317,0.10050989704799286,0.23069258062763887
2026.01.06 15:11,104.28786,0.3813042506914286,0.1587266253446013,0.2225776253468273,0.8083674570697923,0.7062442013160899,0.1021232557537024,0.0,0.0,0.3813042506914286,0.1587266253445847,0.2225776253468439
2026.01.06 15:12,104.43658,0.428076132675983,0.2152085006284455,0.2128676320475375,0.8075120305894359,0.7264977671707591,0.08101426341867679,0.0,0.0,0.428076132675983,0.21520850062843047,0.21286763204755252
2026.01.06 15:13,104.57874,0.47118280793252154,0.26955063905987625,0.2016321688726453,0.8007386018532685,0.741345934107261,0.05939266774600749,0.0,0.0,0.47118280793252154,0.2695506390598644,0.2016321688726571
2026.01.06 15:14,104.71321,0.5103131910203302,0.321363329661852,0.18894986135847824,0.7881026462397784,0.7506972765337645,0.037405369706013936,0.0,0.0,0.5103131910203302,0.32136332966184333,0.1889498613584869
2026.01.06 15:15,104.83894,0.5451851072170797,0.3702748742557299,0.17491023296134978,0.7697018564888509,0.7544981925247818,0.015203663964069136,0.0,0.0,0.5451851072170939,0.370274874255726,0.17491023296136787
2026.01.06 15:16,104.95493,0.5755462369186262,0.41593413902199844,0.15961209789662772,0.7456734922685655,0.7527332524735385,-0.007059760204973009,0.0,-1.0,0.5755462369186404,0.4159341390219977,0.15961209789664266
2026.01.06 15:17,105.06024,0.601175313044692,0.45801285104850104,0.14316246199619093,0.7161924947896665,0.7454251009367642,-0.02923260614709766,0.0,0.0,0.6011753130447062,0.4580128510485035,0.1431624619962027
2026.01.06 15:18,105.154,0.6218835030232981,0.4962076689110664,0.1256758341122317,0.681470152942083,0.732634111337828,-0.051163958395744946,0.0,0.0,0.6218835030232981,0.4962076689110704,0.1256758341122277
2026.01.06 15:19,105.23544,0.6375175150803472,0.5302426730671443,0.10727484201320281,0.6417559831170223,0.7144584856936669,-0.07270250257664457,0.0,0.0,0.6375175150803472,0.5302426730671499,0.10727484201319726
2026.01.06 15:20,105.30385,0.6479584360358075,0.5598709158831865,0.088087520152621,0.5973318394377003,0.6910331564424735,-0.09370131700477324,0.0,0.0,0.6479584360358075,0.559870915883192,0.08808752015261545
2026.01.06 15:21,105.35861,0.653122822128708,0.584876103600156,0.06824671852855202,0.5485106848927188,0.6625286621325227,-0.11401797723980389,0.0,0.0,0.653122822128708,0.5848761036001614,0.06824671852854658
2026.01.06 15:22,105.39922,0.6529655426045906,0.6050741852303858,0.0478913573742048,0.49563860382566816,0.6291506504711518,-0.13351204664548366,0.0,0.0,0.6529655426045906,0.6050741852303914,0.04789135737419925
2026.01.06 15:23,105.42524,0.6474767846571439,0.6203145845233651,0.02716220013377879,0.43908623797442203,0.5911377679718058,-0.1520515299973838,0.0,0.0,0.6474767846571439,0.6203145845233706,0.02716220013377324
2026.01.06 15:24,105.43636,0.6366848884344307,0.6304812268808485,0.006203661553582207,0.37925151392762757,0.5487605171629701,-0.16950900323534257,0.0,0.0,0.6366848884344307,0.6304812268808525,0.00620366155357821
2026.01.06 15:25,105.43235,0.6206541448019891,0.6354932166456666,-0.014839071843677498,0.31655312422546444,0.502319038575469,-0.18576591435000456,-1.0,0.0,0.6206541448019891,0.635493216645669,-0.01483907184367994
2026.01.06 15:26,105.4131,0.5994858511321013,0.6353054986553788,-0.03581964752327749,0.2514305050521699,0.4521413318708092,-0.20071082681863928,0.0,0.0,0.5994858511321013,0.6353054986553796,-0.035819647523278264
2026.01.06 15:27,105.37858,0.5733155258792664,0.6299090567504864,-0.05659353087121999,0.1843369919988902,0.39858046389642543,-0.21424347189753523,0.0,0.0,0.5733155258792522,0.6299090567504856,-0.05659353087123342
2026.01.06 15:28,105.3289,0.5423151226084713,0.6193310131425002,-0.07701589053402891,0.11574258743191024,0.3420128886035224,-0.22627030117161218,0.0,0.0,0.542315122608457,0.6193310131424978,-0.07701589053404079
2026.01.06 15:29,105.26425,0.5066895630930901,0.6036344717044204,-0.09694490861133032,0.046126325821418845,0.28283557604710174,-0.2367092502256829,0.0,0.0,0.5066895630930759,0.6036344717044165,-0.09694490861134064
2026.01.06 15:30,105.18492,0.46667524081644274,0.5829180737808354,-0.11624283296439264,-0.024027030215009404,0.2214630547946795,-0.2454900850096889,0.0,0.0,0.4666752408164285,0.5829180737808299,-0.11624283296440141
2026.01.06 15:31,105.09131,0.42253928757043013,0.5573151565548176,-0.13477586898438743,-0.09422859846574738,0.15832472414259413,-0.2525533226083415,0.0,0.0,0.42253928757043013,0.5573151565548121,-0.13477586898438199
2026.01.06 15:32,104.98391,0.37457705311763334,0.5269929641615386,-0.15241591104390528,-0.16399000137012365,0.09386177904005058,-0.2578517804101742,0.0,0.0,0.37457705311763334,0.5269929641615332,-0.15241591104389984
2026.01.06 15:33,104.86332,0.3231114044367587,0.49215146593957504,-0.16904006150281636,-0.23282427579657394,0.02852456807272568,-0.26134884386929963,0.0,0.0,0.3231114044367587,0.4921514659395696,-0.16904006150281092
2026.01.06 15:34,104.73022,0.2684894699496141,0.45302205762264447,-0.18453258767303038,-0.3002512411544416,-0.03723059377270777,-0.2630206473817338,0.0,0.0,0.2684894699496141,0.45302205762263903,-0.18453258767302494
2026.01.06 15:35,104.58536,0.21107901449728672,0.4098657424409984,-0.19878672794371166,-0.3658029500781339,-0.10294506503379301,-0.2628578850443409,0.0,0.0,0.21107901449728672,0.40986574244099294,-0.19878672794370622
2026.01.06 15:36,104.42959,0.1512677572113148,0.3629715459223371,-0.2117037887110223,-0.4290233480462007,-0.16816072163627455,-0.26086262640992613,0.0,0.0,0.1512677572113148,0.36297154592233327,-0.21170378871101847
2026.01.06 15:37,104.26383,0.08946021652046454,0.31265433413478083,-0.2231941176143163,-0.48947239320705194,-0.23242305595043006,-0.2570493372566219,0.0,0.0,0.08946021652046454,0.3126543341347785,-0.22319411761431396
2026.01.06 15:38,104.08908,0.026075844565866646,0.25925280985397825,-0.2331769652881116,-0.5467274639255777,-0.29528393754545956,-0.25144352638011813,0.0,0.0,0.026075844565866646,0.2592528098539775,-0.23317696528811083
2026.01.06 15:39,103.90637,-0.038456593228389124,0.2031270505156636,-0.24158364374405272,-0.6003912996090293,-0.3563054099581735,-0.24408588965085576,0.0,0.0,-0.038456593228389124,0.20312705051566443,-0.24158364374405356
2026.01.06 15:40,103.71682,-0.10369874143495394,0.14465615840395427,-0.2483548998389082,-0.6500886358259947,-0.4150620551317378,-0.23502658069425697,0.0,0.0,-0.10369874143495394,0.14465615840395507,-0.24835489983890902
2026.01.06 15:41,103.52156,-0.1692089288738856,0.08423549373822994,-0.2534444226121155,-0.6954748694150652,-0.47114461798840324,-0.22433025142666196,0.0,0.0,-0.1692089288738856,0.08423549373823075,-0.25344442261211636
2026.01.06 15:42,103.3218,-0.23454153807675482,0.02227405568117289,-0.25681559375792773,-0.7362315491646427,-0.5241620042236511,-0.21206954494099162,0.0,0.0,-0.23454153807675482,0.0222740556811737,-0.2568155937579285
2026.01.06 15:43,103.11875,-0.2992529380154565,-0.04080843409272384,-0.25844450392273266,-0.7720740461298021,-0.5737444126048813,-0.19832963352492083,0.0,0.0,-0.2992529380154565,-0.04080843409272303,-0.25844450392273344
2026.01.06 15:44,102.91364,-0.362904514172385,-0.10458438172268736,-0.25832013244969765,-0.8027532509281627,-0.6195461802695376,-0.18320707065862518,0.0,0.0,-0.362904514172385,-0.10458438172268655,-0.2583201324496984
2026.01.06 15:45,102.70775,-0.425062592196511,-0.16862108721244579,-0.2564415049840652,-0.8280516154880928,-0.6612472673132487,-0.16680434817484413,0.0,0.0,-0.425062592196511,-0.16862108721244498,-0.25644150498406604
2026.01.06 15:46,102.50232,-0.4853055012786882,-0.23248394474568498,-0.2528215565330032,-0.8477923286728952,-0.6985562795851781,-0.14923604908771715,0.0,0.0,-0.4853055012786882,-0.23248394474568418,-0.25282155653300403
2026.01.06 15:47,102.29861,-0.5432241850179622,-0.2957395035883326,-0.2474846814296296,-0.8618360554585394,-0.7312122347598504,-0.13062382069868894,0.0,0.0,-0.5432241850179622,-0.29573950358833184,-0.24748468142963037
2026.01.06 15:48,102.09787,-0.5984249294288588,-0.35795820761060704,-0.2404667218182518,-0.8700818321286334,-0.758986154233607,-0.11109567789502639,0.0,0.0,-0.5984249294288588,-0.35795820761060626,-0.24046672181825257
2026.01.06 15:49,101.90131,-0.6505337185892159,-0.41871764951663615,-0.2318160690725798,-0.8724707742582893,-0.7816830782385435,-0.09078769601974579,0.0,0.0,-0.6505337185892159,-0.41871764951663537,-0.23181606907258057
2026.01.06 15:50,101.71015,-0.6991954341012985,-0.4776050389863487,-0.22159039511494977,-0.8689802585857507,-0.7991425143079851,-0.06983774427776557,0.0,0.0,-0.6991954341012985,-0.4776050389863479,-0.2215903951149506
2026.01.06 15:51,101.52552,-0.7440809897406666,-0.5342205336156722,-0.20986045612499438,-0.8596328489896052,-0.8112405812443092,-0.048392267745296036,0.0,0.0,-0.7440809897406666,-0.5342205336156715,-0.20986045612499515
2026.01.06 15:52,101.34855,-0.784885445130584,-0.5881797010729086,-0.19670574405767538,-0.8444882524539139,-0.8178901154862301,-0.02659813696768376,0.0,0.0,-0.784885445130584,-0.5881797010729078,-0.19670574405767616
2026.01.06 15:53,101.18029,-0.8213326344516787,-0.639116158881719,-0.18221647556995968,-0.8236477517021683,-0.8190416427294178,-0.004606108972750489,0.0,0.0,-0.8213326344516787,-0.6391161588817182,-0.18221647556996046
2026.01.06 15:54,101.02174,-0.8531760718462493,-0.6866843232872455,-0.16649174855900384,-0.7972515557457029,-0.8146836253326748,0.017432069586971854,0.0,1.0,-0.8531760718462493,-0.6866843232872447,-0.16649174855900462
2026.01.06 15:55,100.87383,-0.8802009179890433,-0.7305615918106183,-0.14963932617842501,-0.7654783466938397,-0.8048425696049079,0.039364222911068114,0.0,0.0,-0.8802009179890433,-0.7305615918106175,-0.1496393261784258
2026.01.06 15:56,100.73743,-0.9022243624828263,-0.7704505004178255,-0.13177386206500086,-0.7285420823649531,-0.7895824721569169,0.0610403897919638,0.0,0.0,-0.9022243624828263,-0.7704505004178246,-0.13177386206500175
2026.01.06 15:57,100.6133,-0.9190995470579253,-0.8060810134877218,-0.11301853357020353,-0.6866954422345657,-0.7690050661724467,0.082309623937881,0.0,0.0,-0.9190995470579395,-0.8060810134877224,-0.11301853357021707
2026.01.06 15:58,100.50214,-0.9307142409893174,-0.8372121826432886,-0.09350205834602887,-0.6402235912494376,-0.7432487711878449,0.10302517993840732,0.0,0.0,-0.9307142409893316,-0.8372121826432909,-0.09350205834604075
2026.01.06 15:59,100.40456,-0.9369918018644512,-0.8636340012836389,-0.07335780058081232,-0.5894427018367878,-0.7124875573176335,0.12304485548084565,0.0,0.0,-0.9369918018644654,-0.8636340012836428,-0.07335780058082264
2026.01.06 16:00,100.32106,-0.9378931181983745,-0.8851686822233842,-0.052724435974990325,-0.5347003795648533,-0.6769301217670776,0.14222974220222429,0.0,0.0,-0.9378931181983887,-0.8851686822233896,-0.052724435974999095
2026.01.06 16:01,100.25207,-0.9334145128394908,-0.9016719119688182,-0.0317426008706726,-0.47636887910923065,-0.6368178732355082,0.16044899412627756,0.0,0.0,-0.933414512839505,-0.9016719119688253,-0.031742600870679705
2026.01.06 16:02,100.19789,-0.9235904828535979,-0.913033895124587,-0.010556587729010913,-0.41484764877995417,-0.5924238283443974,0.17757617956444327,0.0,0.0,-0.9235904828536121,-0.9130338951245958,-0.010556587729016353
2026.01.06 16:03,100.15875,-0.9084906247979632,-0.9191799565636664,0.010689331765703192,-0.35055527227271455,-0.5440501171300609,0.19349484485734636,1.0,0.0,-0.9084906247979632,-0.919179956563675,0.010689331765711851
2026.01.06 16:04,100.13473,-0.8882232075201983,-0.920071322067128,0.03184811454692971,-0.28393408639026063,-0.4920269109821009,0.20809282459184025,0.0,0.0,-0.8882232075201983,-0.9200713220671367,0.031848114546938366
2026.01.06 16:05,100.12586,-0.8629295534419583,-0.9157052321736983,0.05277567873173994,-0.21543797300810752,-0.4367091233873023,0.22127115037919476,0.0,0.0,-0.8629295534419583,-0.9157052321737069,0.0527756787317486
2026.01.06 16:06,100.13203,-0.8327864392388591,-0.9061148868604687,0.07332844762160962,-0.14553572126045822,-0.3784744429619335,0.23293872170147528,0.0,0.0,-0.8327864392388591,-0.9061148868604758,0.07332844762161672
2026.01.06 16:07,100.15303,-0.7980043817949536,-0.8913693469499838,0.09336496515503023,-0.07470669267344476,-0.3177208929042358,0.243014200230791,0.0,0.0,-0.7980043817949536,-0.8913693469499893,0.09336496515503567
2026.01.06 16:08,100.18856,-0.7588251130648871,-0.8715730481944767,0.11274793512958958,-0.003435515499418784,-0.25486381742327235,0.25142830192385357,0.0,0.0,-0.7588251130648871,-0.8715730481944806,0.11274793512959347
2026.01.06 16:09,100.23822,-0.7155200436830427,-0.8468649288038842,0.13134488512084153,0.06779089800150473,-0.19033287433831694,0.25812377233982164,0.0,0.0,-0.7155200436830427,-0.8468649288038866,0.13134488512084397
2026.01.06 16:10,100.30151,-0.6683887210199657,-0.8174176186017147,0.14902889758174898,0.13848603947489835,-0.12456909157567389,0.2630551310505722,0.0,0.0,-0.6683887210199657,-0.8174176186017156,0.14902889758174986
2026.01.06 16:11,100.37781,-0.6177588959019573,-0.7834363311626436,0.16567743526068623,0.20816337140081487,-0.05802259898037614,0.266185970381191,0.0,0.0,-0.6177588959019573,-0.7834363311626428,0.16567743526068546
2026.01.06 16:12,100.46646,-0.5639798717108846,-0.7451573585974126,0.18117748688652802,0.27634787859730636,0.00885149653516036,0.267496382062146,0.0,0.0,-0.5639798717108846,-0.7451573585974118,0.18117748688652724
2026.01.06 16:13,100.56669,-0.5074226319975423,-0.7028461835393397,0.19542355154179736,0.34257433945560933,0.07559606511925016,0.2669782743363592,0.0,0.0,-0.5074226319975281,-0.7028461835393374,0.19542355154180924
2026.01.06 16:14,100.67763,-0.4484788956751373,-0.6567961104541373,0.208317214779,0.4063877341234132,0.1417543989200828,0.26463333520333043,0.0,0.0,-0.4484788956751231,-0.6567961104541334,0.20831721477901033
2026.01.06 16:15,100.79836,-0.38755615188209447,-0.6073260785256079,0.21976992664351347,0.46735076620063865,0.20687367237619397,0.26047709382444467,0.0,0.0,-0.38755615188208026,-0.6073260785256025,0.21976992664352224
2026.01.06 16:16,100.92791,-0.32507359019940907,-0.5547782127927696,0.22970462259336055,0.5250489856789216,0.2705087350367395,0.25454025064218205,0.0,0.0,-0.32507359019940907,-0.5547782127927642,0.2297046225933551
2026.01.06 16:17,101.06521,-0.26146276734034757,-0.49951572993448745,0.23805296259413988,0.579086983703661,0.33222438477012384,0.24686259893353713,0.0,0.0,-0.26146276734034757,-0.49951572993448207,0.2380529625941345
2026.01.06 16:18,101.20916,-0.1971624045038709,-0.44192043669235725,0.24475803218848635,0.6290954584437856,0.3915985995048562,0.23749685893892936,0.0,0.0,-0.1971624045038709,-0.44192043669235187,0.24475803218848097
2026.01.06 16:19,101.35861,-0.13261582502225622,-0.382390114914834,0.24977428989257777,0.6747328419118048,0.448225447986246,0.22650739392555885,0.0,0.0,-0.13261582502225622,-0.38239011491482855,0.24977428989257233
2026.01.06 16:20,101.51237,-0.068268096653199,-0.32133558166497195,0.25306748501177295,0.7156873074865047,0.5017178198862977,0.21396948760020695,0.0,0.0,-0.068268096653199,-0.32133558166496656,0.25306748501176757
2026.01.06 16:21,101.66924,-0.00456137959308478,-0.25917797142966087,0.2546165918365761,0.7516817696275524,0.5517106098345487,0.19997115979300373,0.0,0.0,-0.00456137959308478,-0.25917797142965543,0.25461659183657065
2026.01.06 16:22,101.82796,0.05806469650350721,-0.19634604604065536,0.25441074254416257,0.7824694475742717,0.5978623773824933,0.18460707019177847,0.0,0.0,0.05806469650350721,-0.19634604604065153,0.25441074254415874
2026.01.06 16:23,101.98729,0.11917909006632499,-0.1332729365138262,0.2524520265801512,0.8078413694773872,0.6398581758014721,0.16798319367591508,0.0,0.0,0.11917909006632499,-0.13327293651382396,0.252452026580149
2026.01.06 16:24,102.14598,0.17836160251506783,-0.07039318602525263,0.24875478854032046,0.8276263248307032,0.6774118056073183,0.1502145192233849,0.0,0.0,0.17836160251506783,-0.07039318602525195,0.2487547885403198
2026.01.06 16:25,102.30278,0.23520531907729492,-0.008139973883396628,0.24334529296069154,0.8416911888698309,0.7102676822598208,0.13142350661001,0.0,0.0,0.23520531907729492,-0.008139973883395947,0.24334529296069085
2026.01.06 16:26,102.45645,0.28931916744853936,0.053058018870924144,0.2362611485776152,0.8499414522116666,0.73820243625019,0.11173901596147662,0.0,0.0,0.28931916744855357,0.0530580188709264,0.23626114857762717
2026.01.06 16:27,102.60578,0.3403313373411123,0.11277954574258894,0.22755179159852337,0.852323246169334,0.7610265982340189,0.09129664793531511,0.0,0.0,0.3403313373411265,0.11277954574259279,0.22755179159853373
2026.01.06 16:28,102.74959,0.3878917401077615,0.17061371964592426,0.21727802046183725,0.8488234667779295,0.778585971942801,0.07023749483512853,0.0,0.0,0.3878917401077757,0.17061371964592967,0.21727802046184605
2026.01.06 16:29,102.88673,0.43167368825706376,0.22616280685817566,0.2055108813988881,0.8394685295342299,0.7907624834610869,0.048706046073142995,0.0,0.0,0.43167368825706376,0.22616280685818108,0.20551088139888268
2026.01.06 16:30,103.0161,0.471376540074786,0.2790447979323835,0.1923317421424025,0.8243249981620266,0.7974749864012749,0.026850011760751746,0.0,0.0,0.471376540074786,0.27904479793238895,0.19233174214239707
2026.01.06 16:31,103.13667,0.506729070244532,0.32889639501471957,0.1778326752298124,0.8035014487199561,0.7986802788650111,0.004821169854944962,0.0,0.0,0.506729070244532,0.328896395014725,0.17783267522980695
2026.01.06 16:32,103.24745,0.5374893822550746,0.3753753163690251,0.16211406588604949,0.7771440144913129,0.7943730259902715,-0.017229011498958613,0.0,-1.0,0.5374893822550746,0.37537531636903054,0.16211406588604405
2026.01.06 16:33,103.34752,0.5634468987048677,0.4181625715012251,0.14528432720364265,0.7454361317423945,0.7845856471406961,-0.03914951539830158,0.0,0.0,0.5634468987048677,0.41816257150123054,0.1452843272036372
2026.01.06 16:34,103.43604,0.5844243614651816,0.4569646873221014,0.12745967414308024,0.7085983411629257,0.7693881859451421,-0.060789844782216385,0.0,0.0,0.5844243614651816,0.4569646873221068,0.1274596741430748
2026.01.06 16:35,103.51226,0.6002798167735222,0.4915158705804328,0.10876394619308938,0.6668880930421608,0.748888167364546,-0.08200007432238521,0.0,0.0,0.6002798167735222,0.49151587058043666,0.10876394619308549
2026.01.06 16:36,103.5755,0.6109061727356391,0.5215797411798246,0.08932643155581443,0.6205952793198577,0.7232295897556084,-0.10263431043575066,0.0,0.0,0.6109061727356391,0.521579741179827,0.0893264315558121
2026.01.06 16:37,103.62517,0.6162320507944372,0.5469508868116775,0.06928116398275974,0.5700405655947662,0.69259178492344,-0.12255121932867374,0.0,0.0,0.6162320507944372,0.5469508868116782,0.06928116398275896
2026.01.06 16:38,103.66079,0.6162236412873057,0.567456437148371,0.04876720413893465,0.5155756875817588,0.6571885654551037,-0.14161287787334498,0.0,0.0,0.6162236412872915,0.5674564371483702,0.048767204138921216
2026.01.06 16:39,103.68196,0.6108833359322716,0.5829571922436472,0.02792614368862445,0.45757799839142876,0.6172664520423687,-0.15968845365093998,0.0,0.0,0.6108833359322574,0.5829571922436448,0.02792614368861257
2026.01.06 16:40,103.6884,0.6002514347460561,0.5933485660771498,0.006902868668906326,0.3964510721422414,0.5731033760623433,-0.1766523039201019,0.0,0.0,0.6002514347460419,0.5933485660771459,0.006902868668896001
2026.01.06 16:41,103.6799,0.584403062765432,0.5985611972449673,-0.01415813447953529,0.3326167395877633,0.5250060487674273,-0.19238930917966401,-1.0,0.0,0.5844030627654178,0.5985611972449618,-0.01415813447954406
2026.01.06 16:42,103.65638,0.5634501438317443,0.5985615578146202,-0.03511141398287587,0.2665169692223941,0.4733082328584207,-0.20679126363602662,0.0,0.0,0.5634501438317301,0.5985615578146132,-0.03511141398288309
2026.01.06 16:43,103.61787,0.5375409322018356,0.5933522878964707,-0.05581135569463502,0.1986111887447919,0.418368824035695,-0.2197576352909031,0.0,0.0,0.5375409322018214,0.5933522878964621,-0.055811355694640685
2026.01.06 16:44,103.56448,0.5068568383926504,0.5829719569652627,-0.07611511857261233,0.1293690966103611,0.36056887855062825,-0.23119978194026714,0.0,0.0,0.5068568383926362,0.5829719569652525,-0.07611511857261632
2026.01.06 16:45,103.49643,0.47161195762028285,0.5674948219524454,-0.09588286433216253,0.05926905111527958,0.30030891306355856,-0.24103986194827898,0.0,0.0,0.47161195762026864,0.5674948219524336,-0.09588286433216497
2026.01.06 16:46,103.41406,0.43205312558929165,0.5470304969296514,-0.11497737134035979,-0.011202452628523929,0.23800663992514207,-0.249209092553666,0.0,0.0,0.43205312558927744,0.547030496929638,-0.11497737134036057
2026.01.06 16:47,103.31779,0.3884563982078646,0.5217230254763802,-0.13326662726851557,-0.0815576108428786,0.17409378977153794,-0.25565140061441655,0.0,0.0,0.3884563982078504,0.5217230254763668,-0.13326662726851646
2026.01.06 16:48,103.20814,0.3411255559778823,0.49174993881478135,-0.15062438283689905,-0.15130980991079923,0.10901306983507052,-0.26032287974586976,0.0,0.0,0.3411255559778681,0.491749938814768,-0.15062438283689988
2026.01.06 16:49,103.08573,0.2903906162708694,0.45732095898420505,-0.16693034271333568,-0.21997586340170017,0.04321528318771639,-0.26319114658941656,0.0,0.0,0.29039061627085516,0.45732095898419167,-0.1669303427133365
2026.01.06 16:50,102.95126,0.23660477329505625,0.41867670459860773,-0.18207193130355148,-0.28708081710114186,-0.02284393687005526,-0.2642368802310866,0.0,0.0,0.23660477329502783,0.4186767045985928,-0.18207193130356497
2026.01.06 16:51,102.80552,0.18014253423086757,0.37608697019851034,-0.19594443596764277,-0.3521601278138604,-0.0887071750588163,-0.2634529527550441,0.0,0.0,0.18014253423083915,0.3760869701984938,-0.19594443596765465
2026.01.06 16:52,102.64939,0.1213980160554371,0.32984886840446603,-0.20845085234902894,-0.41476134933679987,-0.153918009914413,-0.26084333942238686,0.0,0.0,0.12139801605540868,0.32984886840444794,-0.20845085234903926
2026.01.06 16:53,102.48379,0.060779399068351836,0.28028470847954395,-0.21950530941119212,-0.47445247552181513,-0.21802490303589345,-0.2564275724859217,0.0,0.0,0.060779399068323414,0.2802847084795243,-0.2195053094112009
2026.01.06 16:54,102.30973,-0.0012915902983650085,0.2277398698219164,-0.22903146012028142,-0.5308204693736513,-0.28058401630344504,-0.2502364530702063,0.0,0.0,-0.0012915902983934302,0.2277398698218952,-0.22903146012028863
2026.01.06 16:55,102.12829,-0.06438183449965607,0.17258042981203334,-0.2369622643116894,-0.583472902915716,-0.34116179362589927,-0.2423111092898167,0.0,0.0,-0.06438183449968449,0.17258042981201052,-0.236962264311695
2026.01.06 16:56,101.94057,-0.12805263170011472,0.11519053760003564,-0.24324316930015036,-0.6320459204666378,-0.399338618994047,-0.23270730147259078,0.0,0.0,-0.12805263170012893,0.11519053760001283,-0.24324316930014175
2026.01.06 16:57,101.74774,-0.19186032031358025,0.05596988467876202,-0.24783020499234226,-0.6762021597885024,-0.45471132715293816,-0.22149083263556424,0.0,0.0,-0.19186032031359446,0.055969884678739215,-0.24783020499233366
2026.01.06 16:58,101.55099,-0.25536081344021966,-0.004669163066914533,-0.2506916503733051,-0.7156358781979577,-0.5068962373619421,-0.2087396408360156,0.0,0.0,-0.25536081344023387,-0.004669163066937345,-0.25069165037329655
2026.01.06 16:59,101.35155,-0.3181115608933709,-0.06630431131007311,-0.2518072495832978,-0.7500729800384534,-0.5555315858972444,-0.19454139414120897,0.0,0.0,-0.3181115608933851,-0.06630431131009434,-0.25180724958329076
2026.01.06 17:00,101.15067,-0.3796746643293858,-0.1285062222612124,-0.2511684420681734,-0.7792731234115422,-0.600279893400104,-0.1789932300114382,0.0,0.0,-0.3796746643294,-0.128506222261232,-0.251168442068168
2026.01.06 17:01,100.9496,-0.4396208603054248,-0.1908416529679748,-0.24877920733745,-0.8030331631301948,-0.6408305473461222,-0.16220261578407258,0.0,0.0,-0.4396208603054532,-0.19084165296799446,-0.24877920733745876
2026.01.06 17:02,100.7496,-0.4975317447846095,-0.2528762245071927,-0.24465552027741677,-0.8211871250371274,-0.6769018628843233,-0.14428526215280413,0.0,0.0,-0.4975317447846379,-0.25287622450721237,-0.24465552027742554
2026.01.06 17:03,100.55193,-0.5530021899488133,-0.31417740224613144,-0.2388247877026819,-0.8336065593756956,-0.7082428021825978,-0.12536375719309778,0.0,0.0,-0.5530021899488275,-0.3141774022461495,-0.23882478770267807
2026.01.06 17:04,100.35781,-0.6056452773002547,-0.3743177847795313,-0.23132749252072343,-0.8402053448397737,-0.7346353107140331,-0.10557003412574062,0.0,0.0,-0.605645277300269,-0.3743177847795478,-0.23132749252072116
2026.01.06 17:05,100.16847,-0.6550919665095023,-0.43287771086946325,-0.22221425564003905,-0.8409346532960029,-0.7558951792304271,-0.08503947406557577,0.0,0.0,-0.6550919665095307,-0.4328777108694813,-0.22221425564004943
2026.01.06 17:06,99.98508,-0.7009962162716334,-0.4894483659759136,-0.21154785029571982,-0.8357881732368355,-0.7718737780317089,-0.06391439520512665,0.0,0.0,-0.7009962162716619,-0.4894483659759332,-0.21154785029572865
2026.01.06 17:07,99.80879,-0.7430355433927218,-0.5436344470817472,-0.19940109631097458,-0.82479868432209,-0.7824587592897851,-0.04233992503230488,0.0,0.0,-0.7430355433927502,-0.5436344470817684,-0.1994010963109818
2026.01.06 17:08,99.6407,-0.7809135855144689,-0.5950568942618693,-0.18585669125259963,-0.8080385934225944,-0.787574726116347,-0.020463867306247385,0.0,0.0,-0.7809135855144973,-0.595056894261892,-0.1858566912526053
2026.01.06 17:09,99.48184,-0.8143634067150884,-0.6433556434158362,-0.17100776329925227,-0.7856217451284806,-0.7871841299187738,0.0015623847902932475,0.0,1.0,-0.8143634067151027,-0.6433556434158589,-0.17100776329924372
2026.01.06 17:10,99.33319,-0.8431481565820746,-0.6881920096687972,-0.15495614691327741,-0.7577003562268771,-0.7812873751803946,0.023587018953517447,0.0,0.0,-0.8431481565820889,-0.6881920096688184,-0.15495614691327042
2026.01.06 17:11,99.19566,-0.8670628391663655,-0.729251020155659,-0.1378118190107065,-0.7244642786421309,-0.769922755872742,0.04545847723061103,0.0,0.0,-0.8670628391663939,-0.7292510201556802,-0.1378118190107137
2026.01.06 17:12,99.07008,-0.8859361336222662,-0.7662436805638204,-0.11969245305844578,-0.6861404475305335,-0.7531662942043003,0.06702584667376676,0.0,0.0,-0.8859361336222946,-0.7662436805638433,-0.11969245305845133
2026.01.06 17:13,98.9572,-0.8996314368726388,-0.7989088094051964,-0.10072262746744243,-0.6429910211065106,-0.7311312395847425,0.08814021847823184,0.0,0.0,-0.8996314368726672,-0.7989088094052208,-0.10072262746744642
2026.01.06 17:14,98.85769,-0.9080472848679761,-0.8270149558894713,-0.08103232897850488,-0.5953106345377535,-0.7039671185753447,0.1086564840375912,0.0,0.0,-0.9080472848680046,-0.8270149558894957,-0.08103232897850887
2026.01.06 17:15,98.77213,-0.9111180799085616,-0.8503618296269078,-0.06075625028165388,-0.5434245071111121,-0.6718585962824982,0.1284340891713861,0.0,0.0,-0.9111180799085901,-0.8503618296269322,-0.060756250281657875
2026.01.06 17:16,98.70098,-0.9088166449129034,-0.8687819520180391,-0.04003469289486428,-0.48768999739489516,-0.6350248765049776,0.14733487911008247,0.0,0.0,-0.9088166449129318,-0.8687819520180634,-0.040034692894868384
2026.01.06 17:17,98.64465,-0.9011502027377958,-0.8821415761539643,-0.01900862658383151,-0.42848632803068654,-0.5937171668101194,0.1652308387794329,0.0,0.0,-0.9011502027378242,-0.8821415761539887,-0.01900862658383551
2026.01.06 17:18,98.6034,-0.8881648112588891,-0.8903417322143866,0.0021769209554974855,-0.36622044572055756,-0.5482178225922071,0.18199737687164952,1.0,0.0,-0.8881648112589176,-0.8903417322144125,0.002176920955494932
2026.01.06 17:19,98.57741,-0.8699428115388486,-0.8933189160984726,0.023376104559624022,-0.3013198248355593,-0.49883822304087755,0.19751839820531825,0.0,0.0,-0.869942811538877,-0.8933189160985001,0.023376104559623134
2026.01.06 17:20,98.56677,-0.8466012127662879,-0.8910454020540195,0.04444418928773164,-0.23422773186341317,-0.4459161248053847,0.2116883929419715,0.0,0.0,-0.8466012127663163,-0.891045402054047,0.04444418928773075
2026.01.06 17:21,98.57143,-0.8182940204200833,-0.8835296116982214,0.06523559127813816,-0.16540599166617653,-0.3898140981775431,0.22440810651136656,0.0,0.0,-0.8182940204201117,-0.883529611698249,0.06523559127813727
2026.01.06 17:22,98.59127,-0.7852080546739728,-0.8708159025650363,0.08560784789106346,-0.09532588504343664,-0.3309164555507218,0.23559057050728516,0.0,0.0,-0.785208054673987,-0.8708159025650622,0.08560784789107523
2026.01.06 17:23,98.62605,-0.7475632888652086,-0.8529843474536176,0.105421058588409,-0.024468061584443035,-0.26962677675746605,0.245158715173023,0.0,0.0,-0.7475632888652228,-0.852984347453642,0.10542105858841921
2026.01.06 17:24,98.67544,-0.7056103437003287,-0.8301501545415917,0.12453981084126298,0.04668260620842091,-0.20636490016428866,0.25304750637270956,0.0,0.0,-0.7056103437003429,-0.8301501545416146,0.12453981084127164
2026.01.06 17:25,98.73898,-0.6596313656514923,-0.8024629012903238,0.14283153563883155,0.1176356196668138,-0.14156479619806817,0.25920041586488196,0.0,0.0,-0.6596313656515065,-0.8024629012903451,0.14283153563883866
2026.01.06 17:26,98.81616,-0.6099339741243313,-0.7701055425554945,0.1601715684311632,0.18790592116374683,-0.07567065272570517,0.263576573889452,0.0,0.0,-0.6099339741243455,-0.7701055425555141,0.16017156843116864
2026.01.06 17:27,98.90634,-0.5568526106870877,-0.7332930758252943,0.17644046513820666,0.2570106275598505,-0.009134396668594037,0.26614502422844455,0.0,0.0,-0.5568526106871019,-0.7332930758253124,0.17644046513821054
2026.01.06 17:28,99.00881,-0.5007445041685941,-0.6922710416730439,0.1915265375044498,0.3244757105020284,0.057587624765530455,0.2668880857364979,0.0,0.0,-0.5007445041686083,-0.6922710416730603,0.19152653750445203
2026.01.06 17:29,99.12277,-0.4419878451678727,-0.6473140008287755,0.20532615566090284,0.3898380417851257,0.12403770816944952,0.2658003336156762,0.0,0.0,-0.4419878451678869,-0.6473140008287904,0.2053261556609035
2026.01.06 17:30,99.24735,-0.38097852150440303,-0.5987233898381444,0.2177448683337414,0.45264979621246937,0.1897601257780535,0.26288967043441586,0.0,0.0,-0.38097852150441724,-0.5987233898381576,0.2177448683337404
2026.01.06 17:31,99.3816,-0.31812815656574855,-0.5468256233816751,0.2286974668159265,0.5124800875503865,0.25430411813252013,0.2581759694178664,0.0,0.0,-0.31812815656574855,-0.5468256233816867,0.22869746681593817
2026.01.06 17:32,99.5245,-0.2538615953566534,-0.49196987965850225,0.23810828430184883,0.5689174383296347,0.31722678217194306,0.25169065615769165,0.0,0.0,-0.2538615953566534,-0.49196987965851235,0.23810828430185893
2026.01.06 17:33,99.67499,-0.1886123910434776,-0.4345256626966299,0.2459132716531523,0.6215755526565943,0.3780965362688733,0.24347901638772096,0.0,0.0,-0.1886123910434776,-0.43452566269663845,0.24591327165316085
2026.01.06 17:34,99.83193,-0.12282236041585293,-0.37488021767044777,0.25205785725459484,0.6700912674925661,0.4364954825136119,0.23359578497895417,0.0,0.0,-0.12282236041585293,-0.3748802176704547,0.2520578572546018
2026.01.06 17:35,99.99418,-0.05693475966296546,-0.3134358605080738,0.25650110084510835,0.7141340804071632,0.4920232020923222,0.222110878314841,0.0,0.0,-0.05693475966296546,-0.31343586050807914,0.2565011008451137
2026.01.06 17:36,100.16053,0.00860549459828519,-0.2506071821430324,0.2592126767413176,0.7534021572342198,0.5442989931207017,0.20910316411351804,0.0,0.0,0.00860549459828519,-0.2506071821430361,0.2592126767413213
2026.01.06 17:37,100.32974,0.07335486195853491,-0.18681836368446253,0.26017322564299744,0.7876246049632982,0.5929641154892211,0.1946604894740771,0.0,0.0,0.07335486195854912,-0.18681836368446308,0.2601732256430122
2026.01.06 17:38,100.50059,0.13687753026690075,-0.12249998863615437,0.2593775189030551,0.8165693979698432,0.6376851719853456,0.1788842259844976,0.0,0.0,0.13687753026691496,-0.12249998863615177,0.2593775189030667
2026.01.06 17:39,100.6718,0.19874392247128014,-0.058086383749967344,0.2568303062212475,0.8400365457374903,0.6781554467357745,0.16188109900171577,0.0,0.0,0.19874392247129435,-0.05808638374996159,0.25683030622125597
2026.01.06 17:40,100.84213,0.2585374329166257,0.005987570636963133,0.25254986227966253,0.8578666518279192,0.7140976877542036,0.14376896407371564,0.0,0.0,0.2585374329166257,0.005987570636968876,0.2525498622796568
2026.01.06 17:41,101.01032,0.31585477092460224,0.06928938911265821,0.24656538181194404,0.8699372104136245,0.7452655922860878,0.12467161812753669,0.0,0.0,0.31585477092460224,0.06928938911266395,0.24656538181193827
2026.01.06 17:42,101.17514,0.370310066846244,0.1313918844337384,0.23891818241250562,0.8761660221751271,0.7714456782638957,0.10472034391123142,0.0,0.0,0.370310066846244,0.13139188443374414,0.23891818241249987
2026.01.06 17:43,101.33539,0.4215378905244904,0.1918763567604432,0.22966153376404722,0.8765123262112695,0.7924590078533704,0.08405331835789909,0.0,0.0,0.4215378905244904,0.19187635676044895,0.22966153376404147
2026.01.06 17:44,101.48988,0.4691937878162946,0.2503350842581388,0.21885870355815584,0.8709734356060324,0.8081618934039029,0.06281154220212948,0.0,0.0,0.4691937878163088,0.2503350842581461,0.21885870355816273
2026.01.06 17:45,101.63749,0.5129592482264798,0.30637439021682705,0.2065848580096527,0.8595896299244998,0.8184474407080223,0.0411421892164775,0.0,0.0,0.5129592482265082,0.30637439021683754,0.20658485800967064
2026.01.06 17:46,101.77712,0.5525413126706411,0.35961732918483885,0.19292398348580225,0.8424390196012581,0.8232457564866695,0.019193263114588577,0.0,0.0,0.5525413126706695,0.3596173291848509,0.19292398348581863
2026.01.06 17:47,101.90775,0.5876767613072786,0.40970613263376976,0.17797062867350888,0.819641126981324,0.8225248305856006,-0.0028837036042765885,0.0,-1.0,0.5876767613073071,0.40970613263378336,0.1779706286735237
2026.01.06 17:48,102.02841,0.6181326625319201,0.4563048815293964,0.1618277810025237,0.7913536307795255,0.8162905906243856,-0.024936959844860107,0.0,0.0,0.6181326625319485,0.4563048815294116,0.16182778100253692
2026.01.06 17:49,102.13821,0.6437088510978697,0.49910170577175683,0.14460714532611285,0.7577729117933245,0.8045870548581734,-0.04681414306484888,0.0,0.0,0.6437088510978839,0.49910170577177365,0.14460714532611024
2026.01.06 17:50,102.23632,0.6642379008165022,0.5378109424264124,0.12642695839008988,0.7191301079339212,0.7874956654733231,-0.06836555753940188,0.0,0.0,0.6642379008165165,0.5378109424264308,0.12642695839008566
2026.01.06 17:51,102.322,0.6795871232363453,0.5721750598030902,0.10741206343325505,0.6756912119419667,0.7651347747670518,-0.08944356282508514,0.0,0.0,0.6795871232363595,0.5721750598031102,0.10741206343324927
2026.01.06 17:52,102.39461,0.6896605354087342,0.6019664647902284,0.08769407061850576,0.6277571059441129,0.737659241002464,-0.10990213505835111,0.0,0.0,0.6896605354087484,0.6019664647902501,0.08769407061849832
2026.01.06 17:53,102.45358,0.6943975901260302,0.6269891094913101,0.06740848063472005,0.5756578574146545,0.7052589642849021,-0.12960110687024762,0.0,0.0,0.6943975901260444,0.6269891094913318,0.06740848063471261
2026.01.06 17:54,102.49844,0.6937741704301601,0.6470796564028302,0.046694514027329936,0.5197516696066771,0.6681575053492571,-0.14840583574258004,0.0,0.0,0.6937741704301743,0.6470796564028503,0.04669451402732405
2026.01.06 17:55,102.52884,0.6878045490681046,0.6621089048914373,0.025695644176667365,0.46042565256936996,0.6266111347932797,-0.16618548222390972,0.0,0.0,0.6878045490681188,0.6621089048914557,0.025695644176663146
2026.01.06 17:56,102.5445,0.6765384975842323,0.6719824311444321,0.0045560664398002215,0.398087904508472,0.5809064887363182,-0.18281858422784625,0.0,0.0,0.6765384975842466,0.671982431144449,0.004556066439797557
2026.01.06 17:57,102.54526,0.6600626054235335,0.6766413136879447,-0.016578708264411213,0.3331679360110229,0.5313587781912592,-0.1981908421802363,-1.0,0.0,0.6600626054235477,0.67664131368796,-0.016578708264412323
2026.01.06 17:58,102.53106,0.6384992983982443,0.6760624744990974,-0.037563176100853135,0.26611295207312935,0.4783096129676333,-0.21219666089450395,0.0,0.0,0.6384992983982443,0.6760624744991112,-0.0375631761008669
2026.01.06 17:59,102.50195,0.6120064590091943,0.6702589809649521,-0.05825252195575781,0.19738560270765504,0.4221248109156377,-0.22473920820798265,0.0,0.0,0.6120064590091943,0.6702589809649643,-0.05825252195577002
2026.01.06 18:00,102.45807,0.5807751294706662,0.6592798705465432,-0.07850474107587702,0.12745856910277098,0.3631915625530644,-0.23573299345029342,0.0,0.0,0.5807751294706804,0.6592798705465555,-0.07850474107587502
2026.01.06 18:01,102.39968,0.5450297273596192,0.6432097807633083,-0.09818005340368907,0.05681418908955038,0.3019160878603616,-0.24510189877081123,0.0,0.0,0.5450297273596334,0.6432097807633205,-0.09818005340368707
2026.01.06 18:02,102.32713,0.5050254410633812,0.6221684308674583,-0.11714298980407711,-0.014060899728619347,0.23872069034256543,-0.2527815900711848,0.0,0.0,0.5050254410633954,0.6221684308674705,-0.11714298980407511
2026.01.06 18:03,102.24087,0.4610466362322825,0.5963098159565831,-0.13526317972430058,-0.08467874864055602,0.17404080254594115,-0.25871955118649714,0.0,0.0,0.4610466362322967,0.5963098159565953,-0.13526317972429858
2026.01.06 18:04,102.14144,0.41340447704857297,0.565820919065524,-0.15241644201695104,-0.15455417260461957,0.10832180751582901,-0.26287598012044855,0.0,0.0,0.4134044770485872,0.5658209190655362,-0.15241644201694904
2026.01.06 18:05,102.02949,0.3624363525935621,0.5309206807332273,-0.16848432813966518,-0.2232052004099785,0.042016405930667515,-0.265221606340646,0.0,0.0,0.3624363525935763,0.5309206807332395,-0.1684843281396632
2026.01.06 18:06,101.90574,0.30850193767757617,0.4918583843170098,-0.18335644663943362,-0.2901594724108776,-0.02441876973764151,-0.2657407026732361,0.0,0.0,0.3085019376775904,0.49185838431702206,-0.18335644663943168
2026.01.06 18:07,101.771,0.25198144806903144,0.4489119565026528,-0.19693050843362137,-0.3549560628476911,-0.09052622835965143,-0.2644298344880397,0.0,0.0,0.25198144806904565,0.44891195650266663,-0.19693050843362098
2026.01.06 18:08,101.62616,0.19327324170257043,0.4023860434685835,-0.20911280176601305,-0.41714829416956434,-0.15585064152163403,-0.2612976526479303,0.0,0.0,0.19327324170258464,0.4023860434685989,-0.20911280176601427
2026.01.06 18:09,101.47217,0.13279013709404808,0.3526099332045148,-0.2198197961104667,-0.4763085448869049,-0.2199422221946882,-0.2563663226922167,0.0,0.0,0.1327901370940623,0.3526099332045302,-0.21981979611046792
2026.01.06 18:10,101.31005,0.07095716183560796,0.2999352037018469,-0.22897804186623893,-0.5320300202253208,-0.2823597818008147,-0.24967023842450603,0.0,0.0,0.07095716183562217,0.29993520370186233,-0.22897804186624016
2026.01.06 18:11,101.14088,0.008208851740391765,0.24473336044373695,-0.23652450870334518,-0.583929160180432,-0.34267365747673817,-0.24125550270369378,0.0,0.0,0.008208851740405976,0.24473336044375238,-0.2365245087033464
2026.01.06 18:12,100.96578,-0.055014569009301795,0.18739322652800536,-0.24240779553730715,-0.631649798359561,-0.40046888565330274,-0.2311809127062583,0.0,0.0,-0.055014569009287584,0.1873932265280208,-0.24240779553730837
2026.01.06 18:13,100.78593,-0.11826865000682574,0.12831843463296105,-0.2465870846397868,-0.6748627136699668,-0.45534765125663557,-0.21951506241333119,0.0,0.0,-0.11826865000681153,0.12831843463297649,-0.246587084639788
2026.01.06 18:14,100.60253,-0.18110909922131668,0.06792449554241897,-0.24903359476373566,-0.7132704507595662,-0.5069322111572218,-0.20633823960234443,0.0,0.0,-0.18110909922128826,0.06792449554243597,-0.24903359476372422
2026.01.06 18:15,100.4168,-0.2430952164210396,0.006635922864795002,-0.2497311392858346,-0.7466099485568805,-0.5548677586371535,-0.1917421899197269,0.0,0.0,-0.24309521642101117,0.0066359228648135765,-0.24973113928582474
2026.01.06 18:16,100.22999,-0.3037917445242755,-0.05511665409001688,-0.24867509043425862,-0.7746521084440872,-0.5988246285985404,-0.1758274798455468,0.0,0.0,-0.3037917445242613,-0.0551166540899983,-0.24867509043426297
2026.01.06 18:17,100.04336,-0.3627718534994955,-0.11689944244580197,-0.2458724110536935,-0.7972034556264163,-0.6385003940041156,-0.15870306162230063,0.0,0.0,-0.36277185349946706,-0.11689944244578182,-0.24587241105368524
2026.01.06 18:18,99.85815,-0.41962177530629674,-0.17827854382361807,-0.24134323148267867,-0.8141105726637505,-0.6736224297360426,-0.14048814292770795,0.0,0.0,-0.4196217753062683,-0.17827854382359634,-0.24134323148267198
2026.01.06 18:19,99.67562,-0.4739410955218091,-0.23882279464110887,-0.2351183008807002,-0.8252563705979981,-0.7039492179084337,-0.12130715268956438,0.0,0.0,-0.47394109552178065,-0.23882279464108555,-0.2351183008806951
2026.01.06 18:20,99.49699,-0.5253476159695794,-0.2981068466088834,-0.22724076936069593,-0.830564913474106,-0.7292723570215682,-0.10129255645253776,0.0,0.0,-0.5253476159695651,-0.2981068466088601,-0.22724076936070503
2026.01.06 18:21,99.32346,-0.5734793614375775,-0.3557140457675807,-0.2177653156699968,-0.8300006658155468,-0.749418018780364,-0.08058264703518281,0.0,0.0,-0.5734793614375633,-0.3557140457675574,-0.2177653156700059
2026.01.06 18:22,99.15619,-0.6179975168733307,-0.4112394754194146,-0.20675804145391613,-0.8235695031496704,-0.7642483156542252,-0.05932118749544513,0.0,0.0,-0.6179975168733165,-0.4112394754193913,-0.20675804145392518
2026.01.06 18:23,98.99632,-0.6585868692304189,-0.4642925609759815,-0.1942943082544374,-0.8113152123540175,-0.7736616949941837,-0.0376535173598338,0.0,0.0,-0.6585868692304047,-0.4642925609759598,-0.19429430825444488
2026.01.06 18:24,98.84492,-0.6949598732796289,-0.5144997450713803,-0.18046012820824864,-0.7933228303141107,-0.7775939220581691,-0.01572890825594153,0.0,0.0,-0.6949598732796147,-0.5144997450713602,-0.18046012820825452
2026.01.06 18:25,98.703,-0.7268587240500608,-0.561507187240912,-0.16535153680914882,-0.7697180911970491,-0.7760187558859452,0.006300664688896007,0.0,1.0,-0.7268587240500466,-0.5615071872408919,-0.1653515368091547
2026.01.06 18:26,98.57152,-0.7540558438952587,-0.6049831861737746,-0.14907265772148415,-0.7406641453223841,-0.768947833773233,0.028283688450848832,0.0,0.0,-0.7540558438952445,-0.604983186173756,-0.14907265772148848
2026.01.06 18:27,98.45136,-0.7763563127894173,-0.6446203570052323,-0.13173595578418495,-0.7063621055516904,-0.7564306881289246,0.05006858257723412,0.0,0.0,-0.7763563127894031,-0.6446203570052155,-0.13173595578418762
2026.01.06 18:28,98.34333,-0.7935986025180171,-0.6801378577825888,-0.11346074473542822,-0.6670485356378748,-0.7385542576307146,0.07150572199283978,0.0,0.0,-0.7935986025180028,-0.6801378577825735,-0.11346074473542933
2026.01.06 18:29,98.24815,-0.8056563668065877,-0.7112832745422565,-0.09437309226433122,-0.6229951002188443,-0.7154424261483405,0.09244732592949623,0.0,0.0,-0.8056563668065735,-0.711283274542241,-0.09437309226433244
2026.01.06 18:30,98.16645,-0.8124394429095361,-0.7378343947058075,-0.0746050482037286,-0.574506860435946,-0.6872553130058616,0.11274845256991561,0.0,0.0,-0.8124394429095219,-0.737834394705792,-0.07460504820372982
2026.01.06 18:31,98.09878,-0.8138934262618562,-0.7596006068600881,-0.05429281940176811,-0.5219182348134126,-0.6541878973673718,0.13226966255395922,0.0,0.0,-0.8138934262618562,-0.7596006068600742,-0.05429281940178199
2026.01.06 18:32,98.04558,-0.8100013228910541,-0.7764244350446031,-0.033576887846450965,-0.4655930948536735,-0.6164689368646322,0.15087584201095872,0.0,0.0,-0.8100013228910541,-0.7764244350445908,-0.03357688784646329
2026.01.06 18:33,98.0072,-0.8007828222684452,-0.7881825404878049,-0.012600281780640321,-0.405920626472863,-0.5743592747862785,0.16843864831341548,0.0,0.0,-0.8007828222684452,-0.7881825404877942,-0.01260028178065098
2026.01.06 18:34,97.98389,-0.7862941072818472,-0.7947864719580033,0.008492364676156106,-0.34331260171546774,-0.5281499401721164,0.18483733845664863,1.0,0.0,-0.7862941072818472,-0.7947864719579942,0.008492364676147002
2026.01.06 18:35,97.9758,-0.7666272894743429,-0.7961832992445682,0.029556009770225322,-0.278200280778762,-0.4781600082934455,0.1999597275146835,0.0,0.0,-0.7666272894743429,-0.7961832992445608,0.029556009770217884
2026.01.06 18:36,97.98295,-0.7419119502863936,-0.7923561478553434,0.0504441975689498,-0.21103537889418078,-0.4247350824135926,0.2136997035194118,0.0,0.0,-0.7419119502863936,-0.7923561478553375,0.050444197568943916
2026.01.06 18:37,98.00529,-0.7123111352498483,-0.7833242070477691,0.07101307179792071,-0.142281077090189,-0.36824428134891185,0.22596320425872285,0.0,0.0,-0.7123111352498483,-0.7833242070477647,0.07101307179791638
2026.01.06 18:38,98.04265,-0.678021822782469,-0.7691425910450892,0.09112076826262017,-0.07241195632360586,-0.3090778163438507,0.2366658600202448,0.0,0.0,-0.6780218227824548,-0.7691425910450849,0.09112076826263005
2026.01.06 18:39,98.09476,-0.6392733093361471,-0.7499019095369349,0.1106286002007878,-0.001910219734853058,-0.24764429702205115,0.2457340772871981,0.0,0.0,-0.6392733093361329,-0.7499019095369306,0.11062860020079768
2026.01.06 18:40,98.16125,-0.5963255759028669,-0.7257277039414917,0.12940212803862472,0.06873771827332575,-0.1843678939629758,0.25310561223630157,0.0,0.0,-0.5963255759028527,-0.7257277039414858,0.12940212803863305
2026.01.06 18:41,98.24164,-0.5494684562511196,-0.6967796076481656,0.14731115139704598,0.13904286674693367,-0.11968574182099391,0.25872860856792756,0.0,0.0,-0.5494684562511054,-0.6967796076481582,0.14731115139705275
2026.01.06 18:42,98.33537,-0.49901825189432714,-0.6632502109399303,0.16423195904560317,0.2085196635125186,-0.054044660754291415,0.26256432426681003,0.0,0.0,-0.4990182518943129,-0.6632502109399212,0.16423195904560828
2026.01.06 18:43,98.44178,-0.445316373815416,-0.6253637961103269,0.18004742229491089,0.27668774392654427,0.012101820181875722,0.26458592374466855,0.0,0.0,-0.445316373815416,-0.6253637961103178,0.18004742229490178
2026.01.06 18:44,98.56013,-0.3887263967015713,-0.5833748080244634,0.19464841132289212,0.343076359195976,0.07829672798469578,0.26477963121128023,0.0,0.0,-0.3887263967015713,-0.5833748080244542,0.1946484113228829
2026.01.06 18:45,98.6896,-0.3296314984305866,-0.5375658689293737,0.20793437049878716,0.4072276500058081,0.14408291238891824,0.26314473761688983,0.0,0.0,-0.3296314984305866,-0.5375658689293645,0.20793437049877794
2026.01.06 18:46,98.82928,-0.2684330282931455,-0.4882460792675179,0.21981305097437237,0.4686975894620389,0.20900584780354237,0.2596917416584965,0.0,0.0,-0.2684330282931313,-0.4882460792675071,0.2198130509743758
2026.01.06 18:47,98.9782,-0.20554678498552903,-0.4357488528456357,0.23020206786010666,0.5270609163975024,0.2726168615223344,0.254444054875168,0.0,0.0,-0.20554678498551482,-0.43574885284562487,0.23020206786011005
2026.01.06 18:48,99.13533,-0.1413999358415765,-0.38042958912401675,0.23902965328244025,0.5819144138049523,0.334476371978858,0.24743804182609436,0.0,0.0,-0.1413999358415623,-0.38042958912400593,0.23902965328244363
2026.01.06 18:49,99.29957,-0.07642927128900112,-0.3226633330558094,0.2462340617668083,0.6328774920224873,0.3941565959875839,0.23872089603490343,0.0,0.0,-0.07642927128898691,-0.32266333305579864,0.24623406176681173
2026.01.06 18:50,99.4698,-0.011075738989518413,-0.2628419200267426,0.2517661810372242,0.6795993385412658,0.4512451444983203,0.22835419404294544,0.0,0.0,-0.011075738989504202,-0.2628419200267318,0.2517661810372276
2026.01.06 18:51,99.64482,0.05421509958117099,-0.20137154764057616,0.2555866472217472,0.7217548065320329,0.5053470769050629,0.21640772962697008,0.0,0.0,0.05421509958119941,-0.20137154764056378,0.25558664722176316
2026.01.06 18:52,99.82343,0.11899914575955961,-0.13866982324335664,0.25766896900291625,0.7590523848238035,0.556088138488811,0.20296424633499255,0.0,0.0,0.11899914575958803,-0.1386698232433411,0.2576689690029291
2026.01.06 18:53,100.00439,0.18283531703026767,-0.0751629661620412,0.2579982831923089,0.7912332897332277,0.6031171687376944,0.18811612099553332,0.0,0.0,0.1828353170303103,-0.07516296616202094,0.25799828319233126
2026.01.06 18:54,100.18644,0.24528832509672327,-0.011282985770117882,0.25657131086684115,0.818072869532628,0.6461083088966811,0.1719645606359469,0.0,0.0,0.2452883250967517,-0.011282985770094456,0.25657131086684615
2026.01.06 18:55,100.36834,0.3059339772844396,0.05253557040516936,0.25339840687927023,0.8393863572560321,0.6847639185685513,0.1546224386874807,0.0,0.0,0.3059339772844538,0.05253557040519278,0.253398406879261
2026.01.06 18:56,100.54881,0.36435841729152685,0.11585837065817557,0.2485000466333513,0.8550232708631142,0.718815789027464,0.13620748183565023,0.0,0.0,0.36435841729154106,0.11585837065819898,0.24850004663334208
2026.01.06 18:57,100.72661,0.4201637943079959,0.17825434067479473,0.24190945363320115,0.8648738710307668,0.7480274054281246,0.11684646560264222,0.0,0.0,0.4201637943080101,0.17825434067481816,0.24190945363319194
2026.01.06 18:58,100.90052,0.472970926793181,0.2392988071283705,0.23367211966481047,0.8688695935626924,0.7721958430550382,0.09667375050765425,0.0,0.0,0.4729709267931952,0.23929880712839394,0.23367211966480125
2026.01.06 18:59,101.06932,0.522419581283927,0.2985760649365311,0.22384351634739585,0.8669792389997752,0.7911525222439857,0.07582671675578956,0.0,0.0,0.5224195812839412,0.29857606493655453,0.22384351634738664
2026.01.06 19:00,101.23186,0.5681740589472213,0.35568261597720335,0.21249144297001793,0.859215024401081,0.8047650226754048,0.054450001725676156,0.0,0.0,0.5681740589472355,0.3556826159772252,0.21249144297001027
2026.01.06 19:01,101.387,0.6099225065871678,0.41022965606915984,0.199692850518008,0.8456268551845341,0.8129373891772308,0.03268946600730327,0.0,0.0,0.6099225065871821,0.4102296560691801,0.19969285051800195
2026.01.06 19:02,101.53368,0.6473816891359832,0.46184591963646154,0.1855357694995216,0.8263069446093425,0.8156113002636531,0.01069564434568937,0.0,0.0,0.6473816891359974,0.46184591963647864,0.18553576949951872
2026.01.06 19:03,101.67088,0.680297211769556,0.5101802403778875,0.1701169713916686,0.8013858662321809,0.8127662134573588,-0.01138034722517789,0.0,-1.0,0.6802972117695703,0.510180240377903,0.17011697139166726
2026.01.06 19:04,101.79765,0.7084457584281125,0.5549037716160733,0.15354198681203923,0.7710326427407352,0.8044194993140341,-0.03338685657329887,0.0,0.0,0.7084457584281267,0.5549037716160888,0.1535419868120379
2026.01.06 19:05,101.91311,0.7316364914691036,0.5957124465246929,0.13592404494441068,0.7354533500290188,0.7906262694570311,-0.05517291942801228,0.0,0.0,0.7316364914691178,0.5957124465247084,0.13592404494440935
2026.01.06 19:06,102.01647,0.7497133735785013,0.632329066443638,0.11738430713486336,0.6948915226889909,0.7714793201034231,-0.07658779741443222,0.0,0.0,0.7497133735785013,0.6323290664436519,0.11738430713484937
2026.01.06 19:07,102.10701,0.7625549949054715,0.6645050740116702,0.09804992089380127,0.649624100170314,0.7471082761168013,-0.09748417594648728,0.0,0.0,0.7625549949054715,0.6645050740116827,0.09804992089378883
2026.01.06 19:08,102.1841,0.7700756384533207,0.6920224136971584,0.07805322475616228,0.5999600288415792,0.7176786266617569,-0.11771859782017768,0.0,0.0,0.7700756384533207,0.6920224136971692,0.0780532247561515
2026.01.06 19:09,102.24721,0.7722265057520161,0.7146949077865801,0.057531597965436054,0.546239304561567,0.6833907622417189,-0.1371514576801519,0.0,0.0,0.7722265057520303,0.714694907786591,0.057531597965439385
2026.01.06 19:10,102.2959,0.7689954586982708,0.7323696802433692,0.03662577845490156,0.48882949066705805,0.6444785079267867,-0.15564901725972868,0.0,0.0,0.768995458698285,0.7323696802433801,0.03662577845490489
2026.01.06 19:11,102.32982,0.760406399511453,0.7449279813961992,0.015478418115253745,0.42812198149812275,0.601207202641054,-0.17308522114293123,0.0,0.0,0.7604063995114672,0.7449279813962101,0.015478418115257075
2026.01.06 19:12,102.34875,0.7465215651114079,0.7522862428786272,-0.0057646777672193394,0.36453384078153306,0.5538725302691498,-0.18933868948761678,-1.0,0.0,0.7465215651114221,0.7522862428786381,-0.005764677767216009
2026.01.06 19:13,102.35254,0.727438101520363,0.7543965032222106,-0.0269584017018476,0.29849928381914026,0.502797880979148,-0.20429859716000776,0.0,0.0,0.7274381015203772,0.7543965032222215,-0.02695840170184427
2026.01.06 19:14,102.34117,0.7032897684900945,0.751246867335654,-0.04795709884555954,0.2304711970109139,0.4483325441855012,-0.21786134717458733,0.0,0.0,0.7032897684901087,0.7512468673356649,-0.04795709884555621
2026.01.06 19:15,102.31471,0.6742446669024105,0.7428614554827551,-0.06861678858034459,0.160915417292415,0.390849118806884,-0.229933701514469,0.0,0.0,0.6742446669024247,0.7428614554827675,-0.06861678858034281
2026.01.06 19:16,102.27334,0.6405046623319492,0.7293003074190304,-0.08879564508708115,0.09030864218885881,0.330741023483279,-0.24043238129442018,0.0,0.0,0.6405046623319777,0.729300307419046,-0.08879564508706828
2026.01.06 19:17,102.21733,0.60230295319748,0.7106588979461592,-0.10835594474867927,0.019133262444881893,0.2684194712755996,-0.24928620883071773,0.0,0.0,0.6023029531975084,0.7106588979461779,-0.1083559447486695
2026.01.06 19:18,102.14707,0.5599042015599593,0.6870675308137084,-0.12716332925374907,-0.05212270899089333,0.20431103522230104,-0.25643374421319437,0.0,0.0,0.5599042015599736,0.6870675308137272,-0.12716332925375362
2026.01.06 19:19,102.06304,0.5136018838774419,0.6586904669447274,-0.14508858306728556,-0.12297065630359327,0.13885469691712218,-0.26182535322071543,0.0,0.0,0.5136018838774561,0.6586904669447462,-0.1450885830672901
2026.01.06 19:20,100.0,0.3068991348797283,0.6083007708745358,-0.3014016359948075,-0.4708172034174538,0.016920316850206993,-0.4877375202676608,0.0,0.0,0.3068991348797425,0.6083007708745546,-0.30140163599481207
2026.01.06 19:21,100.0,0.1414551106236388,0.5410711648203392,-0.39961605419670043,-0.707267923591786,-0.1279173312381916,-0.5793505923535944,0.0,0.0,0.141455110623653,0.541071164820358,-0.399616054196705
2026.01.06 19:22,100.0,0.01022170004551981,0.4613804535453567,-0.45115875349983686,-0.8577746027721815,-0.27388878554498963,-0.5838858172271919,0.0,0.0,0.010221700045534021,0.4613804535453754,-0.45115875349984136
2026.01.06 19:23,100.0,-0.09271298573557374,0.372935703075838,-0.46564868881141175,-0.9426898081892716,-0.40764899007384603,-0.5350408181154256,0.0,0.0,-0.09271298573557374,0.3729357030758551,-0.46564868881142885
2026.01.06 19:24,100.0,-0.17230326108274596,0.2788748221885984,-0.45117808327134434,-0.9782225613040225,-0.5217637043198814,-0.4564588569841411,0.0,0.0,-0.17230326108274596,0.2788748221886139,-0.4511780832713599
2026.01.06 19:25,100.0,-0.23269674449056765,0.18185244365276315,-0.4145491881433308,-0.9772217410762778,-0.6128553116711607,-0.3643664294051171,0.0,0.0,-0.23269674449056765,0.18185244365277559,-0.41454918814334324
2026.01.06 19:26,100.0,-0.27736176146831326,0.08411191980100835,-0.3614736812693216,-0.9498175022127953,-0.6802477497794877,-0.2695697524333076,0.0,0.0,-0.27736176146831326,0.08411191980101762,-0.3614736812693309
2026.01.06 19:27,100.0,-0.3091949028443963,-0.01245464735503117,-0.29674025548936517,-0.903945761192432,-0.7249873520620767,-0.17895840913035532,0.0,0.0,-0.3091949028443963,-0.012454647355023477,-0.29674025548937283
2026.01.06 19:28,100.0,-0.3306118095881061,-0.10625616885120316,-0.22435564073690295,-0.8457764632219806,-0.7491451742940575,-0.09663128892792316,0.0,0.0,-0.3306118095881061,-0.10625616885119706,-0.22435564073690906
2026.01.06 19:29,100.0,-0.34362378142904504,-0.17853649288551132,-0.16508728854353372,-0.7800627452198796,-0.7553286884792219,-0.02473405674065776,0.0,0.0,-0.34362378142904504,-0.17853649288550677,-0.16508728854353827
2026.01.06 19:30,100.0,-0.34990240573257836,-0.23313177248064657,-0.1167706332519318,-0.7104251280484419,-0.7463479763930659,0.035922848344624,0.0,1.0,-0.34990240573257836,-0.2331317724806436,-0.11677063325193476
2026.01.06 19:31,100.0,-0.35083406402472406,-0.27324907959956257,-0.07758498442516149,-0.6395824011436844,-0.7249948613431897,0.08541246019950532,0.0,0.0,-0.35083406402472406,-0.2732490795995612,-0.07758498442516287
2026.01.06 19:32,100.0,-0.34756588674335376,-0.301566068600427,-0.04599981814292675,-0.5695388175736582,-0.6939036525892834,0.12436483501562523,0.0,0.0,-0.34756588674335376,-0.3015660686004256,-0.04599981814292814
2026.01.06 19:33,100.0,-0.3410444841810971,-0.32031509338913267,-0.020729390791964453,-0.5017355251490869,-0.6554700271012441,0.1537345019521572,0.0,0.0,-0.3410444841810971,-0.3203150933891313,-0.02072939079196584
2026.01.06 19:34,100.0,-0.33204857637100815,-0.33135418582029275,-0.0006943905507154069,-0.4371727594340342,-0.6118105735678021,0.1746378141337679,0.0,0.0,-0.33204857637100815,-0.33135418582029136,-0.0006943905507167947
2026.01.06 19:35,100.0,-0.32121647109106277,-0.33622693133393156,0.015010460242868784,-0.3765081674170858,-0.5647500923376589,0.18824192492057312,1.0,0.0,-0.32121647109106277,-0.33622693133393017,0.015010460242867396
2026.01.06 19:36,100.0,-0.3090691923550395,-0.3362129635017808,0.027143771146741325,-0.3201356746986619,-0.5158272088098595,0.19569153411119766,0.0,0.0,-0.3090691923550395,-0.3362129635017794,0.027143771146739937
2026.01.06 19:37,100.0,-0.2960299375919959,-0.3323705332799908,0.03634059568799486,-0.26824851984349607,-0.4663114710165869,0.1980629511730908,0.0,0.0,-0.2960299375919959,-0.3323705332799894,0.03634059568799347
2026.01.06 19:38,100.0,-0.28244043670821384,-0.32557238386656506,0.043131947158351225,-0.22088942840592551,-0.4172270624944546,0.1963376340885291,0.0,0.0,-0.28244043670821384,-0.32557238386656373,0.04313194715834989
2026.01.06 19:39,100.0,-0.2685746974208172,-0.31653597183192494,0.04796127441110776,-0.17799036228160503,-0.3693797224518847,0.1913893601702797,0.0,0.0,-0.2685746974208172,-0.3165359718319236,0.047961274411106425
2026.01.06 19:40,100.0,-0.25465054615666816,-0.30584891429102984,0.05119836813436168,-0.13940383774729526,-0.32338454551096685,0.1839807077636716,0.0,0.0,-0.25465054615666816,-0.3058489142910285,0.05119836813436035
2026.01.06 19:41,100.0,-0.24083931030976657,-0.293990405798409,0.05315109548864244,-0.10492744145267352,-0.2796931246993082,0.17476568324663466,0.0,0.0,-0.24083931030976657,-0.2939904057984077,0.05315109548864111
2026.01.06 19:42,100.0,-0.2272739339589407,-0.28134923355150276,0.054075299592562076,-0.07432287415565497,-0.23861907459057755,0.16429620043492257,0.0,0.0,-0.2272739339589407,-0.28134923355150143,0.054075299592560744
2026.01.06 19:43,100.0,-0.21405577375291784,-0.26823892214949274,0.0541831483965749,-0.04733060589784088,-0.20036138085203023,0.15303077495418935,0.0,0.0,-0.21405577375291784,-0.2682389221494914,0.054183148396573566
2026.01.06 19:44,100.0,-0.2012602832923278,-0.2549104568385222,0.05365017354619439,-0.02368102428056318,-0.16502530953773684,0.14134428525717366,0.0,0.0,-0.2012602832923278,-0.2549104568385208,0.053650173546193
2026.01.06 19:45,100.0,-0.18894176189679968,-0.24156296456538445,0.05262120266858478,-0.003102791811713246,-0.1326408059925321,0.12953801418081887,0.0,0.0,-0.18894176189679968,-0.24156296456538306,0.05262120266858339
2026.01.06 19:46,100.0,-0.17713731622340845,-0.22835267330220807,0.05121535707879962,0.014671007440398398,-0.10317844330594601,0.11784945074634441,0.0,0.0,-0.17713731622340845,-0.22835267330220668,0.051215357078798235
2026.01.06 19:47,100.0,-0.16587016002661414,-0.21540042033758589,0.04953026031097174,0.029898462707095064,-0.0765630621033378,0.10646152481043286,0.0,0.0,-0.16587016002661414,-0.2154004203375845,0.04953026031097035
2026.01.06 19:48,100.0,-0.1551523577638676,-0.20279793815348038,0.04764558038961278,0.04282579446409329,-0.05268529078985158,0.09551108525394487,0.0,0.0,-0.1551523577638676,-0.202797938153479,0.04764558038961139
2026.01.06 19:49,100.0,-0.1449871012017354,-0.19061311093626562,0.04562600973453021,0.05368537108076055,-0.03141115841572916,0.08509652949648971,0.0,0.0,-0.1449871012017354,-0.19061311093626424,0.04562600973452882
2026.01.06 19:50,100.0,-0.13537059419491015,-0.1788943647012816,0.043523770506371434,0.06269454012445408,-0.012590018707692514,0.07528455883214659,0.0,0.0,-0.13537059419491015,-0.1788943647012802,0.043523770506370046
2026.01.06 19:51,100.0,-0.12629360899930475,-0.16767432859465536,0.04138071959535061,0.07005507933934041,0.003939000901714071,0.06611607843762633,0.0,0.0,-0.12629360899930475,-0.16767432859465398,0.041380719595349225
2026.01.06 19:52,100.0,-0.11774276750418267,-0.15697288345590701,0.03923011595172435,0.07595311215735023,0.018341823152841306,0.05761128900450893,0.0,0.0,-0.11774276750418267,-0.15697288345590563,0.03923011595172296
2026.01.06 19:53,100.0,-0.10970159234413757,-0.14679969557277475,0.037098103228637186,0.08055936487404836,0.030785331497082718,0.049774033376965635,0.0,0.0,-0.10970159234413757,-0.1467996955727734,0.037098103228635826
2026.01.06 19:54,100.0,-0.10215136573903294,-0.1371563182219118,0.035004952482878854,0.08402966871432227,0.04143419894053063,0.04259546977379164,0.0,0.0,-0.10215136573903294,-0.1371563182219104,0.035004952482877466
2026.01.06 19:55,100.0,-0.09507182790611068,-0.12803793063110094,0.03296610272499026,0.08650563105190656,0.050448485362805814,0.03605714568910075,0.0,0.0,-0.09507182790611068,-0.12803793063109956,0.03296610272498887
2026.01.06 19:56,100.0,-0.08844174182155484,-0.11943477305276103,0.030993031231206183,0.08811541696393022,0.0579818716830307,0.030133545280899517,0.0,0.0,-0.08844174182155484,-0.11943477305275962,0.030993031231204782
2026.01.06 19:57,100.0,-0.08223934683427103,-0.11133332739391696,0.029093980559645932,0.08897459586287937,0.06418041651900043,0.02479417934387894,0.0,0.0,-0.08223934683427103,-0.11133332739391556,0.02909398055964453
2026.01.06 19:58,100.0,-0.07644272002843877,-0.10371728504132845,0.027274565012889676,0.0891870187801942,0.0691817369712392,0.020005281808955,0.0,0.0,-0.07644272002843877,-0.10371728504132705,0.027274565012888274
2026.01.06 19:59,100.0,-0.07103006119164945,-0.09656833692985503,0.02553827573820558,0.08884570049079343,0.07311452967515004,0.01573117081564339,0.0,0.0,-0.07103006119164945,-0.09656833692985363,0.025538275738204178
2026.01.06 20:00,100.0,-0.06597991468200348,-0.08986681533904378,0.0238869006570403,0.08803368749140361,0.07609836123840076,0.011935326253002851,0.0,0.0,-0.06597991468200348,-0.08986681533904238,0.023886900657038898
2026.01.06 20:01,100.0,-0.06127133932906759,-0.08359221220847544,0.022320872879407858,0.08682489821626405,0.07824366863397342,0.008581229582290628,0.0,0.0,-0.06127133932906759,-0.08359221220847404,0.022320872879406456
2026.01.06 20:02,100.0,-0.056884035684134915,-0.07772359480180849,0.020839559117673573,0.085284926078117,0.07965192012280214,0.0056330059553148515,0.0,0.0,-0.056884035684134915,-0.07772359480180707,0.020839559117672157
2026.01.06 20:03,100.0,-0.052798438404664694,-0.07223993620910091,0.019441497804436214,0.08347179918584402,0.08041589593541051,0.003055903250433506,0.0,0.0,-0.052798438404664694,-0.07223993620909949,0.0194414978044348
2026.01.06 20:04,100.0,-0.048995780269407874,-0.06712037536057837,0.018124595091170495,0.08143669310123869,0.08062005536857615,0.0008166377326625368,0.0,0.0,-0.048995780269407874,-0.06712037536057697,0.018124595091169093
2026.01.06 20:05,100.0,-0.045458133237289644,-0.06234441885121557,0.016886285613925925,0.07922459490725942,0.08034096327631282,-0.0011163683690534054,0.0,-1.0,-0.045458133237289644,-0.06234441885121416,0.016886285613924516
2026.01.06 20:06,100.0,-0.042168431052729716,-0.057892094875488756,0.01572366382275904,0.07687491829231874,0.07964775427951401,-0.0027728359871952712,0.0,0.0,-0.042168431052729716,-0.05789209487548735,0.01572366382275763
2026.01.06 20:07,100.0,-0.039110477135452015,-0.053744067887379114,0.014633590751927099,0.0744220704084455,0.07860261750530032,-0.004180547096854809,0.0,0.0,-0.039110477135452015,-0.053744067887377706,0.01463359075192569
2026.01.06 20:08,100.0,-0.03626894085114429,-0.04988172118287854,0.013612780331734249,0.07189597201710285,0.07726128840766083,-0.005365316390557984,0.0,0.0,-0.03626894085114429,-0.049881721182877134,0.01361278033173284
2026.01.06 20:09,100.0,-0.033629344721248344,-0.046287213409461306,0.012657868688212962,0.06932253295936164,0.075673537318001,-0.006351004358639362,0.0,0.0,-0.033629344721248344,-0.0462872134094599,0.012657868688211553
2026.01.06 20:10,100.0,-0.03117804467964902,-0.042943514003970354,0.011765469324321334,0.0667240853289286,0.07388364692018652,-0.007159561591257926,0.0,0.0,-0.03117804467964902,-0.042943514003968945,0.011765469324319926
2026.01.06 20:11,100.0,-0.028902205106547285,-0.039834421717571726,0.010932216611024441,0.06411977692980031,0.07193087292210928,-0.007811095992308975,0.0,0.0,-0.028902205106547285,-0.03983442171757032,0.010932216611023032
2026.01.06 20:12,100.0,-0.026789770055174245,-0.03694456967873946,0.010154799623565212,0.0615259276969482,0.06984988387707708,-0.008323956180128878,0.0,0.0,-0.026789770055174245,-0.03694456967873805,0.010154799623563804
2026.01.06 20:13,100.0,-0.024829431823405912,-0.0342594198514059,0.009429988027999991,0.05895635177695624,0.06767117745705291,-0.008714825680096669,0.0,0.0,-0.024829431823405912,-0.034259419851404495,0.009429988027998583
2026.01.06 20:14,100.0,-0.023010597803377664,-0.031765249247637906,0.008754651444260242,0.05642264792476226,0.06542147155059479,-0.008998823625832528,0.0,0.0,-0.023010597803377664,-0.0317652492476365,0.008754651444258833
2026.01.06 20:15,100.0,-0.021323356359729928,-0.029449129837304595,0.008125773477574667,0.053934460790515004,0.06312406939857884,-0.009189608608063837,0.0,0.0,-0.021323356359729928,-0.02944912983730319,0.008125773477573262
2026.01.06 20:16,100.0,-0.0197584423356858,-0.027298903748441683,0.007540461412755883,0.05149971555938748,0.06079919863074058,-0.009299483071353094,0.0,0.0,-0.0197584423356858,-0.027298903748440278,0.007540461412754478
2026.01.06 20:17,100.0,-0.018307202660594157,-0.02530315506060278,0.006995952400008623,0.04912482827698739,0.05846432455998994,-0.009339496283002555,0.0,0.0,-0.018307202660594157,-0.025303155060601372,0.006995952400007215
2026.01.06 20:18,100.0,-0.01696156242898894,-0.023451179250351735,0.006489616821362794,0.04681489405190575,0.056134438458373105,-0.009319544406467352,0.0,0.0,-0.01696156242898894,-0.023451179250350326,0.006489616821361385
2026.01.06 20:19,100.0,-0.01571399173552379,-0.02173295114544893,0.00601895940992514,0.044573855179677935,0.05382232180263408,-0.009248466622956142,0.0,0.0,-0.01571399173552379,-0.021732951145447526,0.006018959409923735
2026.01.06 20:20,100.0,-0.014557473480124372,-0.020139092075846386,0.005581618595722013,0.04240465108529179,0.05153878765916563,-0.009134136573873838,0.0,0.0,-0.014557473480124372,-0.02013909207584498,0.005581618595720608
2026.01.06 20:21,100.0,-0.013485472300203583,-0.018660836769738533,0.005175364469534951,0.04030935183500617,0.04929290049433374,-0.008983548659327573,0.0,0.0,-0.013485472300203583,-0.01866083676973713,0.005175364469533546
2026.01.06 20:22,100.0,-0.012491904739846404,-0.01729000042712081,0.004798095687274406,0.038289276827626395,0.047092175760992276,-0.008802898933365881,0.0,0.0,-0.012491904739846404,-0.017290000427119406,0.004798095687273001
2026.01.06 20:23,100.0,-0.011571110728283429,-0.016018946307665895,0.004447835579382466,0.03634510014003922,0.04494276063680167,-0.00859766049676245,0.0,0.0,-0.011571110728283429,-0.01601894630766449,0.004447835579381061
2026.01.06 20:24,100.0,-0.010717826408949804,-0.014840554090912549,0.004122727681962745,0.03447694387399736,0.04284959728424081,-0.008372653410243451,0.0,0.0,-0.010717826408949804,-0.014840554090911142,0.004122727681961338
2026.01.06 20:25,100.0,-0.009927158336424213,-0.013748189202105706,0.003821030865681493,0.03268446073104769,0.04081656997360219,-0.008132109242554496,0.0,0.0,-0.009927158336424213,-0.0137481892021043,0.003821030865680086
2026.01.06 20:26,100.0,-0.009194559039300998,-0.012735673244184245,0.0035411142048832472,0.03096690692957793,0.03884663736479734,-0.00787973043521941,0.0,0.0,-0.009194559039300998,-0.012735673244182837,0.0035411142048818386
2026.01.06 20:27,100.0,-0.008515803931416599,-0.011797255633342874,0.0032814517019262752,0.029323206475339703,0.03694195118690582,-0.007618744711566115,0.0,0.0,-0.008515803931416599,-0.011797255633341466,0.0032814517019248667
2026.01.06 20:28,100.0,-0.007886969542838074,-0.010927586500822239,0.0030406169579841654,0.027752007699120895,0.035103962489348835,-0.0073519547902279395,0.0,0.0,-0.007886969542838074,-0.01092758650082083,0.003040616957982757
2026.01.06 20:29,100.0,-0.007304413032770185,-0.010121690895560663,0.002817277862790478,0.026251732887971002,0.03333351656907327,-0.007081783681102266,0.0,0.0,-0.007304413032770185,-0.010121690895559254,0.0028172778627890693
2026.01.06 20:30,100.0,-0.00676475294045531,-0.009374944300033078,0.002610191359577768,0.02482062175479882,0.03163093760621838,-0.006810315851419557,0.0,0.0,-0.00676475294045531,-0.00937494430003167,0.0026101913595763596
2026.01.06 20:31,100.0,-0.0062648511252234584,-0.008683049453963861,0.002418198328740403,0.023456769417677492,0.029996103968510206,-0.006539334550832714,0.0,0.0,-0.0062648511252234584,-0.008683049453962453,0.0024181983287389942
2026.01.06 20:32,100.0,-0.005801795844064372,-0.008042014466828411,0.0022402186227640387,0.022158159492093432,0.02842851507322685,-0.0062703555811334175,0.0,0.0,-0.005801795844064372,-0.008042014466827,0.0022402186227626283
2026.01.06 20:33,100.0,-0.005372885913303094,-0.007448132189534332,0.0020752462762312386,0.020922692839093315,0.026927350626400143,-0.006004657787306827,0.0,0.0,-0.005372885913303094,-0.007448132189532923,0.002075246276229829
2026.01.06 20:34,100.0,-0.0049756159001503875,-0.00689796080772613,0.0019223449075757423,0.019748212455425573,0.02549152299220523,-0.005743310536779657,0.0,0.0,-0.0049756159001503875,-0.006897960807724719,0.001922344907574332
2026.01.06 20:35,100.0,-0.004607662289842551,-0.006388305613341858,0.0017806433234993065,0.018632524942731266,0.02411972338231044,-0.005487198439579174,0.0,0.0,-0.004607662289842551,-0.006388305613340448,0.001780643323497897
2026.01.06 20:36,100.0,-0.0042668705747672675,-0.005916201907047488,0.0016493313322802202,0.01757341894656861,0.022810462495162075,-0.005237043548593466,0.0,0.0,-0.0042668705747672675,-0.005916201907046077,0.00164933133227881
2026.01.06 20:37,100.0,-0.003951243213109024,-0.0054788989815220375,0.001527655768413014,0.016568680915028722,0.021562106179135405,-0.004993425264106684,0.0,0.0,-0.003951243213109024,-0.005478898981520628,0.0015276557684116045
2026.01.06 20:38,100.0,-0.003658928405968709,-0.005073845134099651,0.0014149167281309423,0.015616108489936664,0.02037290664129566,-0.004756798151358994,0.0,0.0,-0.003658928405968709,-0.005073845134098242,0.0014149167281295328
2026.01.06 20:39,100.0,-0.0033882096436030906,-0.004698673656671626,0.0013104640130685357,0.014713521810165275,0.019241029675069583,-0.004527507864904308,0.0,0.0,-0.0033882096436030906,-0.004698673656670217,0.0013104640130671263
2026.01.06 20:40,100.0,-0.0031374959734478125,-0.004351189750918777,0.0012136937774709644,0.013858772976433897,0.01816457833534245,-0.0043058053589085515,0.0,0.0,-0.0031374959734478125,-0.0043511897509173674,0.001213693777469555
2026.01.06 20:41,100.0,-0.002905312944420757,-0.004029358317625042,0.001124045373204285,0.013049753900347127,0.017141613448343383,-0.004091859547996256,0.0,0.0,-0.002905312944420757,-0.0040293583176236325,0.0011240453732028755
2026.01.06 20:42,100.0,-0.0026902941844184625,-0.003731292569971194,0.0010409983855527317,0.012284402735744493,0.016170171305823607,-0.0038857685700791136,0.0,0.0,-0.0026902941844184625,-0.0037312925699697847,0.0010409983855513222
2026.01.06 20:43,100.0,-0.002491173569794114,-0.0034552434221538303,0.0009640698523597164,0.011560709069314612,0.01524827885852181,-0.0036875697892071978,0.0,0.0,-0.002491173569794114,-0.003455243422152421,0.0009640698523583069
2026.01.06 20:44,100.0,-0.0023067779478367356,-0.0031995896063754066,0.0008928116585386709,0.010876718027361676,0.014373966692289783,-0.003497248664928107,0.0,0.0,-0.0023067779478367356,-0.003199589606373997,0.0008928116585372615
2026.01.06 20:45,100.0,-0.0021360203756870533,-0.002962828473144272,0.0008268080974572186,0.010230533438061684,0.013545280041444164,-0.0033147466033824798,0.0,0.0,-0.0021360203756870533,-0.002962828473142862,0.0008268080974558087
2026.01.06 20:46,100.0,-0.0019778938405039526,-0.002743567431743708,0.0007656735912397556,0.009620320174207109,0.012760288067996752,-0.0031399678937896434,0.0,0.0,-0.0019778938405039526,-0.0027435674317422987,0.0007656735912383462
2026.01.06 20:47,100.0,-0.0018314654287223675,-0.002540515989827448,0.0007090505611050805,0.009044305785394613,0.012017091611476325,-0.002972785826081712,0.0,0.0,-0.0018314654287223675,-0.0025405159898260385,0.000709050561103671
2026.01.06 20:48,100.0,-0.001695870913181352,-0.0023524783531139216,0.0006566074399325696,0.008500781517923883,0.011313829592765837,-0.002813048074841954,0.0,0.0,-0.001695870913181352,-0.0023524783531125117,0.0006566074399311597
2026.01.06 20:49,100.0,-0.001570309729629571,-0.002178346548245228,0.0006080368186156572,0.007988102808511144,0.010648684235914899,-0.002660581427403755,0.0,0.0,-0.001570309729629571,-0.0021783465482438182,0.0006080368186142473
2026.01.06 20:50,100.0,-0.0014540403153944226,-0.0020170940339089686,0.000563053718514546,0.0075046893281154325,0.010019885254355005,-0.0025151959262395725,0.0,0.0,-0.0014540403153944226,-0.002017094033907559,0.0005630537185131366
2026.01.06 20:51,100.0,-0.001346375784976317,-0.0018677697673042857,0.0005213939823279687,0.00704902464340762,0.009425713132165529,-0.002376688488757909,0.0,0.0,-0.001346375784976317,-0.0018677697673028762,0.0005213939823265593
2026.01.06 20:52,100.0,-0.0012466799188786126,-0.001729492694980341,0.00048281277610172845,0.006619655555425652,0.008864501616817554,-0.002244846061391902,0.0,0.0,-0.0012466799188786126,-0.0017294926949789316,0.000482812776100319
2026.01.06 20:53,100.0,-0.0011543634435042804,-0.0016014466389434015,0.0004470831954391211,0.006215191167711964,0.008334639526996437,-0.002119448359284473,0.0,0.0,-0.0011543634435042804,-0.001601446638941992,0.0004470831954377116
2026.01.06 20:54,100.0,-0.0010688805816698732,-0.0014828755507192704,0.00041399496904939714,0.005834301729848335,0.007834571967566817,-0.0020002702377184822,0.0,0.0,-0.0010688805816698732,-0.0014828755507178609,0.0004139949690479877
2026.01.06 20:55,100.0,-0.0009897258542395093,-0.001373079107800999,0.00038335325356148964,0.005475717297144911,0.007362801033482436,-0.0018870837363375251,0.0,0.0,-0.0009897258542395093,-0.0013730791077995895,0.0003833532535600802
2026.01.06 20:56,100.0,-0.0009164311150442472,-0.00127140862850343,0.00035497751345918275,0.005138226241612642,0.006917886075108478,-0.001779659833495836,0.0,0.0,-0.0009164311150442472,-0.0012714086285020205,0.0003549775134577733
2026.01.06 20:57,100.0,-0.0008485628023890968,-0.001177263282859846,0.00032870048047074925,0.004820673645241413,0.006498443589135066,-0.0016777699438936524,0.0,0.0,-0.0008485628023890968,-0.0011772632828584368,0.00032870048046934
2026.01.06 20:58,100.0,-0.0007857193916009919,-0.0010900865786344484,0.0003043671870334565,0.004521959602428183,0.00610314679179369,-0.0015811871893655072,0.0,0.0,-0.0007857193916009919,-0.001090086578633039,0.000304367187032047
2026.01.06 20:59,100.0,-0.0007275290339521234,-0.0010093631029186375,0.00028183406896651404,0.004241037455258834,0.005730724924486719,-0.0014896874692278857,0.0,0.0,-0.0007275290339521234,-0.001009363102917228,0.0002818340689651046
2026.01.06 21:00,100.0,-0.0006736473687283251,-0.000934615501113305,0.0002609681323849799,0.00397691198165262,0.0053799623359199,-0.0014030503542672799,0.0,0.0,-0.0006736473687283251,-0.0009346155011118955,0.00026096813238357045
2026.01.06 21:01,100.0,-0.0006237554957664315,-0.0008654016763230627,0.00024164618055663115,0.0037286375541327743,0.005049697379562476,-0.0013210598254297014,0.0,0.0,-0.0006237554957664315,-0.0008654016763216532,0.0002416461805552217
2026.01.06 21:02,100.0,-0.0005775580967792848,-0.0008013121933536187,0.00022375409657433387,0.0034953162842157326,0.004738821160493127,-0.0012435048762773947,0.0,0.0,-0.0005775580967792848,-0.0008013121933522092,0.0002237540965729244
2026.01.06 21:03,100.0,-0.0005347816947534056,-0.0007419678725851223,0.00020718617783171663,0.003276096165279796,0.004446276161450461,-0.0011701799961706654,0.0,0.0,-0.0005347816947534056,-0.0007419678725837128,0.00020718617783030717
2026.01.06 21:04,100.0,-0.0004951730413722544,-0.0006870175600443162,0.00019184451867206183,0.003070169224869801,0.00417105477413433,-0.001100885549264529,0.0,0.0,-0.0004951730413722544,-0.0006870175600429067,0.00019184451867065237
2026.01.06 21:05,100.0,-0.0004584976230148641,-0.0006361360609299403,0.0001776384379150762,0.0028767696959590694,0.003912197758499278,-0.0010354280625402088,0.0,0.0,-0.0004584976230148641,-0.0006361360609285308,0.00017763843791366674
2026.01.06 21:06,100.0,-0.00042453827673227806,-0.0005890222247458493,0.00016448394801357128,0.0026951722146435486,0.0036687926497281326,-0.0009736204350845839,0.0,0.0,-0.00042453827673227806,-0.0005890222247444399,0.00016448394801216182
2026.01.06 21:07,100.0,-0.0003930939082721352,-0.000545397171042643,0.00015230326277050784,0.0025246900508477665,0.00343997212995206,-0.0009152820791042933,0.0,0.0,-0.0003930939082721352,-0.0005453971710412336,0.00015230326276909837
2026.01.06 21:08,100.0,-0.0003639783043922762,-0.0005050026455359933,0.00014102434114371713,0.0023646733776558904,0.0032249123794928264,-0.000860239001836936,0.0,0.0,-0.0003639783043922762,-0.0005050026455345839,0.00014102434114230766
2026.01.06 21:09,100.0,-0.0003370190329263778,-0.0004675994971135547,0.0001305804641871769,0.0022145075830195537,0.0030228314201981724,-0.0008083238371786186,0.0,0.0,-0.0003370190329263778,-0.0004675994971121453,0.0001305804641857675
2026.01.06 21:10,100.0,-0.00031205642385145893,-0.00043296626690078,0.00012090984304932104,0.0020736116276935945,0.002832987461697257,-0.0007593758340036626,0.0,0.0,-0.00031205642385145893,-0.00043296626689937057,0.00012090984304791164
2026.01.06 21:11,100.0,-0.0002889426255876515,-0.0004008978812128207,0.0001119552556251692,0.0019414364519008132,0.002654677259737969,-0.0007132408078371556,0.0,0.0,-0.0002889426255876515,-0.0004008978812114113,0.0001119552556237598
2026.01.06 21:12,100.0,-0.0002675407309311595,-0.0003712044407881267,0.00010366370985696719,0.001817463432772115,0.0024872344943447982,-0.0006697710615726831,0.0,0.0,-0.0002675407309311595,-0.00037120444078671727,0.00010366370985555778
2026.01.06 21:13,100.0,-0.00024772396753292014,-0.0003437100992504229,0.00009598613171750273,0.0017012028936704837,0.002330028174209935,-0.0006288252805394514,0.0,0.0,-0.00024772396753292014,-0.00034371009924901347,0.00009598613171609333
2026.01.06 21:14,100.0,-0.00022937494814811998,-0.0003182520242652291,0.0000888770761171091,0.0015921926667914477,0.002182461072726238,-0.0005902684059347903,0.0,0.0,-0.00022937494814811998,-0.0003182520242638197,0.00008887707611569969
2026.01.06 21:15,100.0,-0.0002123849762796226,-0.0002946794353260451,0.00008229445904642252,0.0014899967088979338,0.002043968199960577,-0.0005539714910626431,0.0,0.0,-0.0002123849762796226,-0.00029467943532463577,0.00008229445904501316
2026.01.06 21:16,100.0,-0.00019665340315100366,-0.0002728527125348083,0.00007619930938380465,0.0013942037707295185,0.0019140153141143654,-0.0005198115433848469,0.0,0.0,-0.00019665340315100366,-0.0002728527125333989,0.00007619930938239524
2026.01.06 21:17,100.0,-0.0001820870321438406,-0.00025264257117387103,0.00007055553903003044,0.00130442611963133,0.0017920974752177585,-0.0004876713555864284,0.0,0.0,-0.0001820870321438406,-0.0002526425711724616,0.00007055553902862103
2026.01.06 21:18,100.0,-0.0001685995673170737,-0.00023392929721728167,0.00006532972990020797,0.0012202983149052216,0.0016777376431552512,-0.0004574393282500296,0.0,0.0,-0.0001685995673170737,-0.0002339292972158723,0.00006532972989879858
2026.01.06 21:19,100.0,-0.00015611110264046602,-0.00021660203930494912,0.0000604909366644831,0.0011414760351726727,0.0015704853215587355,-0.0004290092863860628,0.0,0.0,-0.00015611110264046602,-0.00021660203930353974,0.00006049093666307372
2026.01.06 21:20,102.24764,0.17915436972982945,0.019721543777963618,0.15943282595186584,0.31879961959973,0.06501631217719299,0.253783307422537,0.0,1.0,0.17915436972982945,0.019721543777965027,0.15943282595186442
2026.01.06 21:21,102.07738,0.30401614964439716,0.053530842708555654,0.2504853069358415,0.5043382339896141,0.1528806965396772,0.3514575374499369,0.0,0.0,0.30401614964438295,0.05353084270855549,0.2504853069358275
2026.01.06 21:22,101.92059,0.3858702945957475,0.09643284477114236,0.2894374498246052,0.5933555138414448,0.24097566000003073,0.35237985384141407,0.0,0.0,0.3858702945957333,0.09643284477114061,0.2894374498245927
2026.01.06 21:23,101.78033,0.43441482075881765,0.14472664429413856,0.2896881764646791,0.6140998028843967,0.3156004885769039,0.29849931430749277,0.0,0.0,0.43441482075880344,0.14472664429413523,0.2896881764646682
2026.01.06 21:24,101.659,0.45781893874116975,0.1956190135960774,0.2621999251450924,0.5887612053647473,0.3702326319344726,0.2185285734302747,0.0,0.0,0.45781893874115553,0.19561901359607248,0.26219992514508306
2026.01.06 21:25,101.55841,0.4629139150664656,0.24707574342603478,0.21583817164043084,0.5345550835547215,0.40309712225852234,0.13145796129619913,0.0,0.0,0.4629139150664514,0.2470757434260283,0.2158381716404231
2026.01.06 21:26,101.4796,0.4553434957764324,0.2976896970714321,0.1576537987050003,0.46459513594990653,0.4153967249967992,0.04919841095310734,0.0,0.0,0.4553434957764182,0.29768969707142406,0.15765379870499413
2026.01.06 21:27,101.42292,0.4397016744434836,0.34656417196152106,0.09313750248196256,0.3886326049108817,0.41004390097961574,-0.021411296068734043,0.0,-1.0,0.4397016744434694,0.34656417196151146,0.09313750248195796
2026.01.06 21:28,101.38796,0.4196470090180071,0.3932089630860375,0.026438045931969634,0.31366044930720705,0.39076721064513403,-0.07710676133792699,0.0,0.0,0.4196470090180071,0.3932089630860279,0.026438045931979237
2026.01.06 21:29,101.37358,0.39800523970725976,0.4175257264168631,-0.019520486709603324,0.2444208506874901,0.36149793865360524,-0.11707708796611516,-1.0,0.0,0.39800523970725976,0.4175257264168535,-0.01952048670959372
2026.01.06 21:30,101.37795,0.3768623692819517,0.4256197508210358,-0.0487573815390841,0.18383263044016473,0.32596487701091714,-0.1421322465707524,0.0,0.0,0.3768623692819375,0.4256197508210262,-0.04875738153908871
2026.01.06 21:31,101.39863,0.3576524010651809,0.4224844293176395,-0.0648320282524586,0.13335652620460792,0.2874432068496553,-0.15408668064504738,0.0,0.0,0.3576524010651667,0.4224844293176299,-0.0648320282524632
2026.01.06 21:32,101.43259,0.34123510515671285,0.41213112758407233,-0.07089602242735948,0.09329832020620188,0.24861422952096462,-0.15531590931476275,0.0,0.0,0.34123510515669864,0.4121311275840627,-0.07089602242736404
2026.01.06 21:33,101.47635,0.3279746584459957,0.397703985329053,-0.06972932688305727,0.06307699532074196,0.2115067826809201,-0.14842978736017814,0.0,0.0,0.3279746584459815,0.3977039853290434,-0.06972932688306188
2026.01.06 21:34,101.52604,0.3178116912687159,0.3815815160181919,-0.06376982474947601,0.04144938216360572,0.17749530257745724,-0.13604592041385152,0.0,0.0,0.3178116912687017,0.3815815160181823,-0.06376982474948062
2026.01.06 21:35,101.57758,0.31033891993301665,0.3654698964800346,-0.05513097654701793,0.02671484378704747,0.1473392108193753,-0.12062436703232782,0.0,0.0,0.31033891993300244,0.365469896480025,-0.05513097654702254
2026.01.06 21:36,101.62674,0.3048691541294488,0.3504885053340307,-0.04561935120458188,0.01688285653951027,0.1212479399634023,-0.10436508342389203,0.0,0.0,0.3048691541294346,0.3504885053340211,-0.04561935120458649
2026.01.06 21:37,101.66928,0.300502936999834,0.3372502751097892,-0.03674733810995523,0.00982090844294703,0.09896253365931125,-0.08914162521636422,0.0,0.0,0.3005029369998198,0.33725027510977806,-0.03674733810995828
2026.01.06 21:38,101.70112,0.2961975197387403,0.3259383062243982,-0.029740786485657866,0.0033882318747515683,0.07984767330239932,-0.07645944142764775,0.0,0.0,0.2961975197387261,0.32593830622438547,-0.029740786485659365
2026.01.06 21:39,101.71839,0.29082652308414936,0.3163787677579757,-0.02555224467382633,-0.004461680972241311,0.0629858024474712,-0.06744748341971252,0.0,0.0,0.29082652308414936,0.31637876775796453,-0.025552244673815172
2026.01.06 21:40,101.71761,0.2832419926786116,0.3081109446039124,-0.02486895192530081,-0.015585353511454514,0.04727157125568606,-0.06285692476714058,0.0,0.0,0.2832419926786116,0.30811094460390287,-0.02486895192529126
2026.01.06 21:41,101.69576,0.2723288478574233,0.30045469379288026,-0.028125845935456972,-0.031577242086868296,0.0315018085871752,-0.06307905067404349,0.0,0.0,0.2723288478574233,0.30045469379287226,-0.02812584593544898
2026.01.06 21:42,101.65039,0.2570559412555582,0.2925748363272761,-0.035518895071717904,-0.05371108437917371,0.014459229993905413,-0.06817031437307913,0.0,0.0,0.2570559412555582,0.29257483632726966,-0.035518895071711465
2026.01.06 21:43,101.57968,0.2365198925930656,0.28354241425220383,-0.04702252165913823,-0.08289993318233257,-0.005012602641342186,-0.0778873305409904,0.0,0.0,0.2365198925930656,0.283542414252199,-0.0470225216591334
2026.01.06 21:44,101.48251,0.20998355939488533,0.2723918186368559,-0.062408259241970576,-0.11966946643885024,-0.0279439754008438,-0.09172549103800644,0.0,0.0,0.20998355939488533,0.27239181863685263,-0.0624082592419673
2026.01.06 21:45,101.35849,0.17690667658270343,0.25817376557610644,-0.08126708899340301,-0.16414747678062724,-0.05518467567680049,-0.10896280110382675,0.0,0.0,0.17690667658270343,0.2581737655761047,-0.08126708899340129
2026.01.06 21:46,101.20797,0.1369684159568152,0.24000326323799323,-0.10303484728117804,-0.21606820469931165,-0.08736138148130274,-0.12870682321800891,0.0,0.0,0.1369684159568294,0.2400032632379947,-0.1030348472811653
2026.01.06 21:47,101.03206,0.09008415574045614,0.217101778349295,-0.12701762260883886,-0.2747858510502681,-0.12484627539509582,-0.14993957565517227,0.0,0.0,0.09008415574047035,0.2171017783492996,-0.12701762260882926
2026.01.06 21:48,100.83258,0.03641193869640347,0.188833491195101,-0.15242155249869754,-0.339304327473954,-0.16773788581086746,-0.17156644166308654,0.0,0.0,0.03641193869641768,0.1888334911951072,-0.15242155249868952
2026.01.06 21:49,100.61201,-0.023649222106726597,0.15473446733006344,-0.17838368943679003,-0.40831767890396975,-0.2158538444294879,-0.19246383447448184,0.0,0.0,-0.023649222106712386,0.1547344673300712,-0.1783836894367836
2026.01.06 21:50,100.37345,-0.089466607669209,0.11453497227154874,-0.20400157994075774,-0.4802555031369735,-0.26873417617098505,-0.21152132696598847,0.0,0.0,-0.08946660766919479,0.1145349722715581,-0.20400157994075288
2026.01.06 21:51,100.12051,-0.16019092276609115,0.06817420960247658,-0.22836513236856773,-0.5533405218903056,-0.3256554453148492,-0.2276850765754564,0.0,0.0,-0.16019092276607694,0.06817420960248752,-0.22836513236856446
2026.01.06 21:52,99.85722,-0.23477936424922063,0.01580762550888922,-0.25058698975810983,-0.625650081345654,-0.3856543725210102,-0.23999570882464383,0.0,0.0,-0.23477936424920642,0.01580762550890174,-0.25058698975810817
2026.01.06 21:53,99.58792,-0.3120246746505444,-0.04219328938504741,-0.269831385265497,-0.6951813314275341,-0.44755976430231503,-0.2476215671252191,0.0,0.0,-0.3120246746505302,-0.04219328938503332,-0.2698313852654969
2026.01.06 21:54,99.31714,-0.39058935174958265,-0.1052484036441903,-0.28534094810539234,-0.7599183026004255,-0.5100314719619372,-0.24988683063848827,0.0,0.0,-0.39058935174956844,-0.10524840364417463,-0.2853409481053938
2026.01.06 21:55,99.04948,-0.4690435078613717,-0.17258306184621108,-0.29646044601516064,-0.8178980933673756,-0.571604796243025,-0.24629329712435066,0.0,0.0,-0.4690435078613575,-0.1725830618461954,-0.2964604460151621
2026.01.06 21:56,98.78947,-0.5459067525887207,-0.24324871832723072,-0.30265803426148996,-0.8672770177160203,-0.6307392405376241,-0.2365377771783962,0.0,0.0,-0.5459067525887065,-0.24324871832721506,-0.3026580342614914
2026.01.06 21:57,98.54145,-0.619691155123391,-0.31614906208498567,-0.30354209303840535,-0.9063915758400469,-0.6858697075981087,-0.2205218682419382,0.0,0.0,-0.6196911551233768,-0.31614906208497,-0.3035420930384068
2026.01.06 21:58,98.30945,-0.6889445627488442,-0.3900707666007765,-0.2988737961480677,-0.9338136138164401,-0.735458488841775,-0.19835512497466512,0.0,0.0,-0.68894456274883,-0.39007076660076084,-0.29887379614806914
2026.01.06 21:59,98.09709,-0.7522921093186596,-0.4637180445618266,-0.28857406475683306,-0.9483965362115185,-0.7780460983157238,-0.17035043789579474,0.0,0.0,-0.7522921093186596,-0.4637180445618125,-0.28857406475684716
2026.01.06 22:00,97.90745,-0.8084782257557634,-0.5357499671162346,-0.2727282586395289,-0.9493177080755686,-0.8123004202676929,-0.1370172878078757,0.0,0.0,-0.8084782257557634,-0.5357499671162221,-0.2727282586395413
2026.01.06 22:01,97.74304,-0.8564005879129866,-0.6048189919677641,-0.25158159594522245,-0.9361023139208413,-0.8370607989983226,-0.09904151492251867,0.0,0.0,-0.8564005879129866,-0.6048189919677532,-0.2515815959452333
2026.01.06 22:02,97.60566,-0.8951461356097923,-0.6696102654076805,-0.22553587020211174,-0.9086487208516303,-0.8513783833689842,-0.057270337482646094,0.0,0.0,-0.8951461356097923,-0.6696102654076712,-0.22553587020212107
2026.01.06 22:03,97.49643,-0.9240147426587413,-0.7288797532864759,-0.19513498937226537,-0.8672296022583765,-0.8545486271468626,-0.012680975111513892,0.0,0.0,-0.9240147426587413,-0.7288797532864683,-0.19513498937227303
2026.01.06 22:04,97.41568,-0.9425441100884626,-0.7814909313117082,-0.1610531787767544,-0.8124955755979215,-0.8461380168370745,0.03364244123915294,0.0,1.0,-0.9425441100884626,-0.7814909313117021,-0.1610531787767605
2026.01.06 22:05,97.36302,-0.9505209750537631,-0.8264480671411574,-0.12407290791260572,-0.7454546020596098,-0.8260013338815816,0.0805467318219718,0.0,0.0,-0.9505209750537631,-0.8264480671411528,-0.12407290791261028
2026.01.06 22:06,97.33733,-0.9479878524475964,-0.862925477954958,-0.08506237449263843,-0.6674461572641093,-0.7942902985580872,0.12684414129397792,0.0,0.0,-0.9479878524475964,-0.862925477954955,-0.08506237449264142
2026.01.06 22:07,97.33676,-0.9352454019447975,-0.8902922378656195,-0.04495316407917804,-0.5801108475000945,-0.7514544083464887,0.17134356084639424,0.0,0.0,-0.9352454019447975,-0.8902922378656181,-0.044953164079179486
2026.01.06 22:08,97.35886,-0.9128409703321125,-0.9081310002004476,-0.0047099701316649645,-0.48533916014496015,-0.698231358706183,0.21289219856122288,0.0,0.0,-0.9128409703321125,-0.9081310002004462,-0.004709970131666297
2026.01.06 22:09,97.40056,-0.8815583988939011,-0.9162510194380185,0.03469262054411737,-0.3852283547009847,-0.6356307579051435,0.25040240320415874,1.0,0.0,-0.8815583988939011,-0.916251019438017,0.034692620544115926
2026.01.06 22:10,97.45836,-0.8423921859563279,-0.9146945303317231,0.07230234437539518,-0.2820165168888593,-0.5649079097018866,0.28289139281302733,0.0,0.0,-0.8423921859563279,-0.9146945303317217,0.07230234437539373
2026.01.06 22:11,97.52838,-0.7965208546125808,-0.9037361657764774,0.1072153111638966,-0.1780225782961793,-0.48753084342074515,0.30950826512456586,0.0,0.0,-0.7965208546125808,-0.903736165776476,0.10721531116389516
2026.01.06 22:12,97.60647,-0.7452752149032449,-0.8838762182480889,0.13860100334484404,-0.07558389144055866,-0.4051414530247079,0.32955756158414923,0.0,0.0,-0.7452752149032449,-0.8838762182480875,0.1386010033448426
2026.01.06 22:13,97.68836,-0.6900997967275089,-0.8558268500968719,0.165727053369363,0.023011500913355576,-0.31951086223709524,0.3425223631504508,0.0,0.0,-0.6900997967275089,-0.8558268500968703,0.16572705336936144
2026.01.06 22:14,97.76978,-0.6325117648607517,-0.8204924934087595,0.18798072854800785,0.11558974227558849,-0.23249074133455852,0.348080483610147,0.0,0.0,-0.6325117648607517,-0.820492493408758,0.1879807285480063
2026.01.06 22:15,97.84657,-0.5740591271889173,-0.7789448572689063,0.204885730079989,0.20015037051113893,-0.14596251896541904,0.34611288947655794,0.0,0.0,-0.5740591271889173,-0.7789448572689047,0.20488573007998745
2026.01.06 22:16,97.91482,-0.516276472292887,-0.7323927539742495,0.21611628168136254,0.27492368079191465,-0.0617852790139523,0.33670895980586696,0.0,0.0,-0.516276472292887,-0.732392753974248,0.216116281681361
2026.01.06 22:17,97.97097,-0.4606424666359743,-0.6821484757857897,0.22150600914981544,0.3384189996803286,0.018255576724903883,0.32016342295542477,0.0,0.0,-0.4606424666359743,-0.6821484757857882,0.2215060091498139
2026.01.06 22:18,98.01193,-0.40853761927927223,-0.6295906113841643,0.22105299210489204,0.3894675713046638,0.09249797564085588,0.29696959566380793,0.0,0.0,-0.40853761927928645,-0.6295906113841644,0.22105299210487794
2026.01.06 22:19,98.03518,-0.3612043329539034,-0.5761252943838949,0.2149209614299915,0.4272571011043311,0.15944980073355092,0.2678073003707802,0.0,0.0,-0.36120433295391763,-0.5761252943838966,0.21492096142997896
2026.01.06 22:20,98.03881,-0.3197139880214337,-0.5231467536515453,0.2034327656301116,0.45135048959301116,0.217829938505443,0.23352055108756817,0.0,0.0,-0.3197139880214479,-0.5231467536515484,0.2034327656301005
2026.01.06 22:21,98.02161,-0.28493592303992443,-0.4719979434445097,0.18706202040458525,0.4616996251532868,0.26660387583501177,0.195095749318275,0.0,0.0,-0.28493592303993864,-0.4719979434445144,0.18706202040457576
2026.01.06 22:22,97.98308,-0.2575146365382892,-0.4239329256457075,0.1664182891074183,0.4586435517705212,0.30501181102211367,0.15363174074840752,0.0,0.0,-0.2575146365383034,-0.42393292564571383,0.1664182891074104
2026.01.06 22:23,97.92348,-0.2378504988342911,-0.38008167386498964,0.14223117503069854,0.4429010779490028,0.3325896644074915,0.1103114135415113,0.0,0.0,-0.2378504988343053,-0.3800816738649975,0.14223117503069221
2026.01.06 22:24,97.84379,-0.22609061318203771,-0.34141850564200305,0.11532789245996533,0.41554662930451514,0.34918105738689625,0.06636557191761888,0.0,0.0,-0.22609061318205192,-0.3414185056420125,0.11532789245996056
2026.01.06 22:25,97.74571,-0.22212454193676479,-0.30873495782465615,0.08661041588789137,0.37798053047650626,0.3549409520048183,0.02303957847168797,0.0,0.0,-0.222124541936779,-0.3087349578246672,0.0866104158878882
2026.01.06 22:26,97.63158,-0.22559027481368332,-0.2826180476221794,0.05702777280849608,0.3318847346532863,0.3503297085345119,-0.018444973881225624,0.0,-1.0,-0.22559027481369753,-0.282618047622192,0.05702777280849447
2026.01.06 22:27,97.50434,-0.2358849626823485,-0.2634344191114101,0.027549456429061592,0.27917526011766824,0.3360988188511432,-0.05692355873347493,0.0,0.0,-0.2358849626823627,-0.2634344191114227,0.027549456429059982
2026.01.06 22:28,97.36745,-0.2521824536030124,-0.25132087696131106,-0.0008615766417013337,0.221948002104412,0.31326865550179694,-0.09132065339738493,-1.0,0.0,-0.2521824536030266,-0.25132087696132366,-0.0008615766417029436
2026.01.06 22:29,97.22477,-0.2734591492975085,-0.24618145043643047,-0.027277698861078004,0.16241588621358005,0.28309810164415355,-0.1206822154305735,0.0,0.0,-0.2734591492975227,-0.2461814504364431,-0.027277698861079586
2026.01.06 22:30,97.08045,-0.2985252880975082,-0.2476913798872731,-0.05083390821023512,0.10284337591028248,0.24704715649737935,-0.14420378058709687,0.0,0.0,-0.29852528809752243,-0.24769137988728573,-0.0508339082102367
2026.01.06 22:31,96.93884,-0.32605852746391406,-0.2553073677678981,-0.07075115969601597,0.04548408137198123,0.20673454147229972,-0.1612504601003185,0.0,0.0,-0.32605852746392827,-0.25530736776791074,-0.07075115969601753
2026.01.06 22:32,96.80431,-0.35464612494513403,-0.26828465955799174,-0.08636146538714229,-0.007490124626059469,0.16388960825262788,-0.17137973287868735,0.0,0.0,-0.35464612494513403,-0.2682846595580028,-0.08636146538713124
2026.01.06 22:33,96.68118,-0.38282460018032793,-0.2856995470022462,-0.09712505317808173,-0.054047899932569976,0.12030210661558832,-0.1743500065481583,0.0,0.0,-0.38282460018032793,-0.2856995470022557,-0.09712505317807224
2026.01.06 22:34,96.57357,-0.4091233531403162,-0.3064771926915297,-0.10264616044878655,-0.09235804116138979,0.0777700770601927,-0.1701281182215825,0.0,0.0,-0.4091233531403162,-0.3064771926915376,-0.10264616044877861
2026.01.06 22:35,96.48527,-0.4321092894691958,-0.3294237498754755,-0.10268553959372029,-0.12084463643731169,0.03804713436069183,-0.1588917707980035,0.0,0.0,-0.4321092894691958,-0.32942374987548184,-0.10268553959371396
2026.01.06 22:36,96.41964,-0.4504293331517175,-0.35326201326096096,-0.09716731989075655,-0.13823277702071834,0.0027911520844097933,-0.14102392910512815,0.0,0.0,-0.4504293331517175,-0.35326201326096573,-0.09716731989075178
2026.01.06 22:37,96.37953,-0.46284920403515173,-0.3766694299756431,-0.08617977405950861,-0.14358304259467047,-0.02648368685140626,-0.11709935574326422,0.0,0.0,-0.46284920403515173,-0.3766694299756463,-0.08617977405950544
2026.01.06 22:38,96.36715,-0.46829281564998837,-0.3983176151259187,-0.06997520052406969,-0.13632375000491948,-0.04845169948210891,-0.08787205052281057,0.0,0.0,-0.46829281564997416,-0.3983176151259187,-0.06997520052405548
2026.01.06 22:39,96.38406,-0.4658721373920969,-0.4169117094919841,-0.04896042790011279,-0.1162632123218259,-0.062014002050052315,-0.05424921027177359,0.0,0.0,-0.46587213739208266,-0.4169117094919809,-0.048960427900101744
2026.01.06 22:40,96.43108,-0.4549156272197621,-0.43122916502041164,-0.023686462199350444,-0.08359860549138887,-0.06633092273831963,-0.01726768275306924,0.0,0.0,-0.4549156272197479,-0.4312291650204053,-0.02368646219934256
2026.01.06 22:41,96.50829,-0.4349880408770872,-0.44015604456840646,0.005168003691319256,-0.038909034520756336,-0.06084654509480698,0.02193751057405064,1.0,1.0,-0.4349880408770872,-0.44015604456840013,0.005168003691312928
2026.01.06 22:42,96.61501,-0.40590485453026304,-0.4427205172739548,0.036815662743691746,0.016859733497113893,-0.04530528937642281,0.0621650228735367,0.0,0.0,-0.4059048545302488,-0.4427205172739469,0.036815662743698074
2026.01.06 22:43,96.74982,-0.36773911189921193,-0.43812226824716544,0.0703831563479535,0.0824218750831136,-0.019759856484515528,0.10218173156762914,0.0,0.0,-0.3677391118991977,-0.43812226824715594,0.07038315634795822
2026.01.06 22:44,96.91062,-0.32081906725210274,-0.4257566880008218,0.10493762074871904,0.15619113650545557,0.015430342113478695,0.1407607943919769,0.0,0.0,-0.32081906725208853,-0.4257566880008107,0.10493762074872215
2026.01.06 22:45,97.09464,-0.2657226326453639,-0.4052337212778936,0.1395110886325297,0.23632145022226325,0.059608563735235605,0.17671288648702765,0.0,0.0,-0.2657226326453497,-0.40523372127788093,0.13951108863253125
2026.01.06 22:46,97.29857,-0.2032598119974125,-0.37639045549592254,0.17313064349851004,0.320764145038666,0.1118396799959217,0.2089244650427443,0.0,0.0,-0.2032598119973983,-0.3763904554959083,0.17313064349851004
2026.01.06 22:47,97.51861,-0.13445230508520467,-0.3392970654331688,0.20484476034796412,0.40732369614228503,0.1709364832251944,0.23638721291709064,0.0,0.0,-0.13445230508519046,-0.3392970654331546,0.20484476034796412
2026.01.06 22:48,97.75061,-0.060503947190056806,-0.2942561554107199,0.23375220822066312,0.4937235012077821,0.23549388682171196,0.2582296143860701,0.0,0.0,-0.060503947190056806,-0.29425615541070727,0.23375220822065046
2026.01.06 22:49,97.99017,0.01723250355045991,-0.24179525199180638,0.2590277555422663,0.5776708741606456,0.3039292842894987,0.27374158987114683,0.0,0.0,0.01723250355045991,-0.2417952519917953,0.2590277555422552
2026.01.06 22:50,98.23275,0.09729185950327235,-0.1826530408384331,0.27994490034170544,0.6569207760431368,0.37452758264022634,0.28239319340291047,0.0,0.0,0.09729185950327235,-0.18265304083842201,0.2799449003416944
2026.01.06 22:51,98.47382,0.17813834226399194,-0.11775935230573809,0.29589769456973003,0.7293421618455369,0.4454904984812884,0.2838516633642485,0.0,0.0,0.17813834226399194,-0.11775935230572859,0.29589769456972054
2026.01.06 22:52,98.70897,0.2582079416661145,-0.04820967968736849,0.306417621353483,0.7929781668540699,0.5149880321558448,0.2779901346982251,0.0,0.0,0.2582079416661145,-0.04820967968736056,0.30641762135347506
2026.01.06 22:53,98.93406,0.3359538905804129,0.02476509340513325,0.3111887971752797,0.8461054866929913,0.5812115230632741,0.2648939636297173,0.0,0.0,0.3359538905804129,0.024765093405139597,0.3111887971752733
2026.01.06 22:54,99.14529,0.4098876808627807,0.09983290601714931,0.3100547748456314,0.8872796652163544,0.6424251514938901,0.24485451372246425,0.0,0.0,0.4098876808627807,0.09983290601715408,0.3100547748456266
2026.01.06 22:55,99.33935,0.4786225002479654,0.17559760737774685,0.3030248928702185,0.9153801023540495,0.6970161416659221,0.21836396068812747,0.0,0.0,0.47862250024795117,0.17559760737774846,0.30302489287020273
2026.01.06 22:56,99.51348,0.5409108915013263,0.25063796255402804,0.2902729289472983,0.9296402975142115,0.74354097283558,0.18609932467863155,0.0,0.0,0.5409108915013405,0.2506379625540297,0.2902729289473108
2026.01.06 22:57,99.66556,0.5956798488479649,0.32354727322491933,0.27213257562304555,0.9296706928396787,0.7807669168363998,0.14890377600327898,0.0,0.0,0.5956798488479933,0.32354727322492416,0.27213257562306914
2026.01.06 22:58,99.79418,0.6420619111697192,0.3929727629603926,0.24908914820932665,0.9154723799240543,0.8077080094539307,0.10776437047012355,0.0,0.0,0.6420619111697476,0.39297276296040057,0.24908914820934708
2026.01.06 22:59,99.89863,0.6794163826620405,0.45765326553358904,0.22176311712845148,0.8874322700088726,0.8236528615649191,0.06377940844395347,0.0,0.0,0.6794163826620689,0.4576532655336002,0.22176311712846875
2026.01.06 23:00,99.97897,0.7073489585302468,0.5164544451187285,0.1908945134115183,0.8463164397026901,0.8281855771924733,0.018130862510216783,0.0,0.0,0.7073489585302752,0.5164544451187427,0.19089451341153252
2026.01.06 23:01,100.03597,0.7257195070477422,0.568400174605576,0.15731933244216623,0.793243634452935,0.8211971886445657,-0.027953554191630703,0.0,-1.0,0.725719507047728,0.5684001746055887,0.15731933244213936
2026.01.06 23:02,100.07116,0.7346492586549118,0.612699659947187,0.12194959870772482,0.729661035688153,0.8028899580532831,-0.07322892236513012,0.0,0.0,0.7346492586548976,0.6126996599471981,0.1219495987076995
2026.01.06 23:03,100.08667,0.7345106964251329,0.6487688838985595,0.08574181252657342,0.6572923522296605,0.7737704368885587,-0.1164780846588982,0.0,0.0,0.7345106964251187,0.648768883898569,0.08574181252654967
2026.01.06 23:04,100.08527,0.7259199630949524,0.6762463797704469,0.049673583324505555,0.5780963856627181,0.7346356266433907,-0.1565392409806725,0.0,0.0,0.7259199630949382,0.6762463797704564,0.049673583324481796
2026.01.06 23:05,100.07023,0.7097169673166803,0.6950026104165973,0.014714356900083048,0.4942085326967742,0.6865502078540674,-0.19234167515729317,0.0,0.0,0.7097169673166661,0.6950026104166037,0.014714356900062397
2026.01.06 23:06,100.04523,0.6869400678628637,0.705142634751586,-0.01820256688872235,0.4078792521308259,0.6308160167094191,-0.22293676457859324,-1.0,0.0,0.6869400678628494,0.7051426347515878,-0.018202566888738336
2026.01.06 23:07,100.01424,0.6587944051242403,0.7070018007465327,-0.04820739562229248,0.32140809347559696,0.5689344320626547,-0.24752633858705775,0.0,0.0,0.658794405124226,0.7070018007465299,-0.048207395622303806
2026.01.06 23:08,99.98143,0.6266180094729208,0.7011353148366305,-0.07451730536370971,0.2370810148631648,0.5025637486227568,-0.26548273375959197,0.0,0.0,0.6266180094729066,0.7011353148366228,-0.07451730536371626
2026.01.06 23:09,99.951,0.5918401723162106,0.6883010052572931,-0.09646083294108254,0.15710076477449775,0.433471151853105,-0.2763703870786072,0.0,0.0,0.5918401723161963,0.6883010052572808,-0.09646083294108443
2026.01.06 23:10,99.9271,0.5559414090473638,0.66943677214614,-0.11349536309877617,0.08352756776449155,0.3634824350353823,-0.27995486727089075,0.0,0.0,0.5559414090473496,0.6694367721461276,-0.11349536309877806
2026.01.06 23:11,99.91368,0.5204095414259484,0.6456323591206996,-0.1252228176947512,0.018219187959743977,0.2944297856202547,-0.2762105976605107,0.0,0.0,0.5204095414259342,0.6456323591206873,-0.12522281769475307
2026.01.06 23:12,99.91436,0.48669483555246984,0.6180972634681815,-0.13140242791571166,-0.03722440480285627,0.2280989475356325,-0.2653233523384888,0.0,0.0,0.48669483555245563,0.6180972634681692,-0.13140242791571355
2026.01.06 23:13,99.93234,0.4561681020555426,0.5881248344638026,-0.13195673240826,-0.08150540307967447,0.16617807741257112,-0.2476834804922456,0.0,0.0,0.4561681020555426,0.5881248344637918,-0.13195673240824923
2026.01.06 23:14,99.97032,0.4300823923123005,0.5570543261299826,-0.12697193381768213,-0.11366170208481208,0.11021012151309449,-0.22387182359790658,0.0,0.0,0.4300823923123005,0.5570543261299734,-0.1269719338176729
2026.01.06 23:15,100.03036,0.40953316225920844,0.5262313366184653,-0.11669817435925689,-0.13309992474097498,0.0615481122622806,-0.1946480370032556,0.0,0.0,0.40953316225920844,0.5262313366184578,-0.11669817435924934
2026.01.06 23:16,100.11388,0.3954288576619547,0.4969684980115447,-0.10153964034959001,-0.139606797851485,0.02131713023952748,-0.16092392809101247,0.0,0.0,0.39542885766192626,0.4969684980115356,-0.10153964034960933
2026.01.06 23:17,100.22157,0.3884628200696483,0.47050681030006997,-0.08204399023042169,-0.13335742681981344,-0.009617781172340703,-0.12373964564747274,0.0,0.0,0.38846282006963406,0.47050681030006086,-0.0820439902304268
2026.01.06 23:18,100.35337,0.38909213169883117,0.4479792502314723,-0.058887118532641114,-0.11491081926966729,-0.030676388791806022,-0.08423443047786126,0.0,0.0,0.38909213169881696,0.4479792502314631,-0.058887118532646165
2026.01.06 23:19,100.50849,0.3975253287678555,0.4303774635337491,-0.032852134765893604,-0.08519062686438872,-0.041579236406322564,-0.043611390458066154,0.0,0.0,0.3975253287678413,0.43037746353374,-0.03285213476589871
2026.01.06 23:20,100.68541,0.4137156076251358,0.4185225820003255,-0.0048069743751896765,-0.04545868817444898,-0.04235512675994785,-0.0031035614145011325,0.0,0.0,0.4137156076251216,0.4185225820003164,-0.0048069743751947835
2026.01.06 23:21,100.88193,0.4373624003751502,0.41304120031395664,0.024321200061193538,0.002722991630221827,-0.03333950308191391,0.03606249471213574,1.0,1.0,0.43736240037513596,0.41304120031394753,0.02432120006118843
2026.01.06 23:22,101.09521,0.4679186921266023,0.41434682143296325,0.053571870693639057,0.05753594729017664,-0.015164413007495802,0.07270036029767243,0.0,0.0,0.4679186921265739,0.414346821432951,0.0535718706936229
2026.01.06 23:23,101.32186,0.5046067418791296,0.4226273047181665,0.08197943716096306,0.11695881196285995,0.01126023198657535,0.10569857997628461,0.0,0.0,0.5046067418791012,0.4226273047181511,0.08197943716095007
2026.01.06 23:24,101.55805,0.5464418037436047,0.4378393759942105,0.10860242774939421,0.17882899331029023,0.04477398425131833,0.13405500905897189,0.0,0.0,0.5464418037435763,0.4378393759941919,0.10860242774938439
2026.01.06 23:25,101.79958,0.5922586550192648,0.45970935347835606,0.13254930154090871,0.24090244449348575,0.08399967629975182,0.15690276819373394,0.0,0.0,0.5922586550192364,0.4597093534783375,0.13254930154089883
2026.01.06 23:26,102.04202,0.6407456051068152,0.4877407740380413,0.15300483106877394,0.30092011985031775,0.127383765009865,0.17353635484045274,0.0,0.0,0.6407456051067868,0.48774077403802113,0.15300483106876567
2026.01.06 23:27,102.28083,0.6904823824676214,0.5212285796790179,0.16925380278860347,0.3566740606309651,0.173241824134085,0.18343223649688006,0.0,0.0,0.6904823824676072,0.5212285796789978,0.16925380278860935
2026.01.06 23:28,102.51149,0.7399814258988329,0.5592792571380154,0.18070216876081746,0.40607239378741156,0.21980793806475035,0.1862644557226612,0.0,0.0,0.7399814258988187,0.5592792571379953,0.18070216876082335
2026.01.06 23:29,102.72962,0.7877305747307162,0.6008364757053021,0.1868940990254141,0.4471998830442203,0.26528632706064437,0.18191355598357595,0.0,0.0,0.787730574730702,0.600836475705282,0.18689409902541998
2026.01.06 23:30,102.9311,0.8322363685479246,0.6447113610578326,0.18752500749009204,0.4783731933297446,0.30790370031446446,0.17046949301528014,0.0,0.0,0.8322363685479104,0.6447113610578126,0.18752500749009782
2026.01.06 23:31,103.11221,0.8720689264554693,0.6896169426499289,0.1824519838055404,0.4981932274443466,0.3459616057404409,0.1522316217039057,0.0,0.0,0.8720689264554551,0.6896169426499105,0.18245198380554462
2026.01.06 23:32,103.26969,0.9059011706684288,0.7342052125154066,0.1716959581530222,0.5055820750883697,0.37788569961002666,0.12769637547834306,0.0,0.0,0.9059011706684146,0.7342052125153897,0.17169595815302485
2026.01.06 23:33,103.40087,0.9325487560698207,0.7771059849960973,0.1554427710737234,0.4998175981775006,0.4022720793235215,0.09754551885397911,0.0,0.0,0.9325487560698065,0.777105984996082,0.1554427710737245
2026.01.06 23:34,103.50372,0.951003716072961,0.8169665473353969,0.1340371687375641,0.4805535286845952,0.4179283691957363,0.06262515948885894,0.0,0.0,0.9510037160729468,0.8169665473353831,0.13403716873756366
2026.01.06 23:35,103.57693,0.9604651950945424,0.8524909462229221,0.10797424887162033,0.44783267034956964,0.423909229426503,0.02392344092306664,0.0,0.0,0.9604651950945282,0.8524909462229099,0.10797424887161833
2026.01.06 23:36,103.61992,0.9603619641844432,0.88247756641368,0.07788439777076317,0.4020845512285547,0.4195442937869134,-0.017459742558358693,0.0,-1.0,0.960361964184429,0.8824775664136679,0.07788439777076106
2026.01.06 23:37,103.63287,0.9503698378111807,0.9058540566261631,0.04451578118501753,0.34411476043993616,0.40445838711751797,-0.06034362667758181,0.0,0.0,0.9503698378111665,0.905854056626151,0.044515781185015424
2026.01.06 23:38,103.61669,0.9304201110194583,0.9217084495471345,0.008711661472323828,0.2750799682240199,0.3785827033388184,-0.10350273511479846,0.0,0.0,0.9304201110194583,0.9217084495471239,0.008711661472334375
2026.01.06 23:39,103.57303,0.9007040560000803,0.9293159703751518,-0.02861191437507149,0.19645910150356372,0.34215798297176747,-0.14569888146820376,-1.0,0.0,0.9007040560000803,0.9293159703751428,-0.028611914375062497
2026.01.06 23:40,103.50421,0.8616678982954369,0.9281603005795926,-0.06649240228415576,0.11001113972072574,0.2957286143215591,-0.18571747460083338,0.0,0.0,0.8616678982954369,0.9281603005795852,-0.06649240228414832
2026.01.06 23:41,103.41313,0.8139987958397228,0.9179489255986253,-0.1039501297589025,0.01772188319920076,0.24012726809708745,-0.2224053848978867,0.0,0.0,0.8139987958397228,0.9179489255986195,-0.10395012975889673
2026.01.06 23:42,103.30322,0.7586071196041644,0.8986220771024412,-0.14001495749827686,-0.07824976735376765,0.17645186100691643,-0.2547016283606841,0.0,0.0,0.7586071196041644,0.898622077102437,-0.14001495749827264
2026.01.06 23:43,103.17833,0.6966012522446334,0.8703551366770715,-0.1737538844324381,-0.1756327656464407,0.106034935676245,-0.2816677013226857,0.0,0.0,0.6966012522446334,0.8703551366770689,-0.17375388443243545
2026.01.06 23:44,103.04261,0.6292560142593118,0.8335541165842681,-0.20429810232495638,-0.2721094164926683,0.030406065242462352,-0.30251548173513065,0.0,0.0,0.6292560142593118,0.833554116584267,-0.20429810232495527
2026.01.06 23:45,102.90038,0.5579756595499106,0.7888445271804312,-0.2308688676305206,-0.3653833226295973,-0.04875181233194958,-0.3166315102976477,0.0,0.0,0.5579756595499106,0.7888445271804316,-0.23086886763052106
2026.01.06 23:46,102.75603,0.48425543110749913,0.7370540375466887,-0.2527986064391896,-0.45324251892060374,-0.12964995364968043,-0.3235925652709233,0.0,0.0,0.48425543110749913,0.7370540375466909,-0.2527986064391917
2026.01.06 23:47,102.61389,0.4096400335402848,0.6791895844934472,-0.26954955095316246,-0.5336213239001779,-0.21044422769977994,-0.323177096200398,0.0,0.0,0.4096400335402848,0.6791895844934493,-0.2695495509531646
2026.01.06 23:48,102.47807,0.33567777010681255,0.616408886060862,-0.2807311159540494,-0.6046633332091034,-0.2892880488016446,-0.31537528440745877,0.0,0.0,0.33567777010681255,0.6164088860608641,-0.28073111595405154
2026.01.06 23:49,102.35239,0.2638789851363441,0.5499878957098516,-0.2861089105735075,-0.6647701667997978,-0.36438447240127525,-0.3003856943985226,0.0,0.0,0.2638789851363441,0.5499878957098537,-0.2861089105735096
2026.01.06 23:50,102.24024,0.1956727691607938,0.4812850038566373,-0.2856122346958435,-0.7126483239886312,-0.43403724271874644,-0.27861108126988476,0.0,0.0,0.1956727691607938,0.4812850038566394,-0.2856122346958456
2026.01.06 23:51,102.14448,0.13236598719520032,0.41170265581119686,-0.27933666861599654,-0.7473471830399774,-0.4966992307829926,-0.2506479522569848,0.0,0.0,0.13236598719520032,0.4117026558111989,-0.2793366686159986
2026.01.06 23:52,102.06739,0.07510858266722664,0.34264791474704054,-0.2675393320798139,-0.7682821489724034,-0.5510158144208748,-0.21726633455152866,0.0,0.0,0.07510858266722664,0.34264791474704265,-0.267539332079816
2026.01.06 23:53,102.01056,0.024859407237428854,0.27549273618905357,-0.2506333289516247,-0.7752548032814843,-0.5958636121929968,-0.17939119108848756,0.0,0.0,0.024859407237414644,0.27549273618905407,-0.2506333289516394
2026.01.06 23:54,101.97487,-0.017639968466696132,0.21153544418720838,-0.2291754126539045,-0.7684571563396929,-0.630382321022336,-0.13807483531735687,0.0,0.0,-0.017639968466696132,0.21153544418720888,-0.229175412653905
2026.01.06 23:55,101.96049,-0.051883297369158754,0.15196447435646862,-0.20384777172562737,-0.7484614651879014,-0.6539981498554491,-0.09446331533245222,0.0,0.0,-0.051883297369158754,0.1519644743564691,-0.20384777172562785
2026.01.06 23:56,101.96682,-0.077615896396793,0.0978249265856822,-0.1754408229824752,-0.7162084303484022,-0.6664402059540397,-0.04976822439436246,0.0,0.0,-0.077615896396793,0.09782492658568269,-0.1754408229824757
2026.01.06 23:57,101.99255,-0.09483971732845475,0.04998965020398584,-0.14482936753244058,-0.6729772874767264,-0.6677476222585771,-0.005229665218149271,0.0,0.0,-0.09483971732845475,0.04998965020398632,-0.14482936753244108
2026.01.06 23:58,102.0357,-0.10381120418570333,0.009135184723758343,-0.11294638890946168,-0.6203467742948874,-0.6582674526658392,0.03792067837095181,0.0,1.0,-0.10381120418570333,0.009135184723758825,-0.11294638890946215
2026.01.06 23:59,102.09365,-0.1050343211914111,-0.024276714204264423,-0.08075760698714668,-0.5601521383514978,-0.638644389802971,0.0784922514514732,0.0,0.0,-0.10503432119139688,-0.024276714204262362,-0.08075760698713452
2026.01.07 00:00,102.16325,-0.09924349467232219,-0.05001110107843359,-0.0492323935938886,-0.4944292269958481,-0.6098013572415465,0.11537213024569837,0.0,0.0,-0.09924349467232219,-0.05001110107843153,-0.04923239359389066
2026.01.07 00:01,102.24089,-0.08738203805854994,-0.06806561449240876,-0.019316423566141175,-0.42535689377913855,-0.5729124645490649,0.14755557076992631,0.0,0.0,-0.08738203805854994,-0.06806561449240671,-0.01931642356614323
2026.01.07 00:02,102.32261,-0.0705740929844012,-0.07866933673927877,0.008095243754877565,-0.35519432993795874,-0.5293688376268437,0.17417450768888498,1.0,0.0,-0.0705740929844012,-0.07866933673927513,0.00809524375487393
2026.01.07 00:03,102.40425,-0.050088619288302993,-0.08227474238612398,0.032186123097820984,-0.2862112039428979,-0.4807373108900546,0.19452610694715672,0.0,0.0,-0.050088619288302993,-0.08227474238612034,0.03218612309781735
2026.01.07 00:04,102.48151,-0.027304745374976847,-0.07954379216454821,0.052239046789571364,-0.22062783213193882,-0.4287154151384315,0.20808758300649266,0.0,0.0,-0.027304745374976847,-0.07954379216454457,0.05223904678956773
2026.01.07 00:05,102.55013,-0.003669006606699554,-0.07132747107676005,0.06765846447006049,-0.16054738359039789,-0.37508180882882475,0.21453442523842686,0.0,0.0,-0.003669006606699554,-0.07132747107675641,0.06765846447005686
2026.01.07 00:06,102.60601,0.019348498201566144,-0.05863989157342439,0.07798838977499054,-0.10789341050926282,-0.32164412916491236,0.21375071865564954,0.0,0.0,0.019348498201566144,-0.058639891573420755,0.0779883897749869
2026.01.07 00:07,102.64529,0.04029510740232922,-0.042628079174754106,0.08292318657708334,-0.06435899592895566,-0.27018710251772105,0.20582810658876538,0.0,0.0,0.04029510740234343,-0.042628079174748895,0.08292318657709233
2026.01.07 00:08,102.66453,0.05778187976871152,-0.024537390179184927,0.08231926994789644,-0.031351767026521316,-0.2224200354194811,0.1910682683929598,0.0,0.0,0.05778187976872573,-0.024537390179179712,0.08231926994790545
2026.01.07 00:09,102.66074,0.07052152330625461,-0.0056746104037875035,0.07619613371004211,-0.009959378151521037,-0.1799279039658891,0.16996852581436805,0.0,0.0,0.07052152330626882,-0.005674610403780712,0.07619613371004953
2026.01.07 00:10,102.63155,0.07737051441623066,0.012631228760077006,0.06473928565615365,-0.000910908128759047,-0.1441245047984631,0.14321359666970404,0.0,0.0,0.07737051441624487,0.012631228760085378,0.0647392856561595
2026.01.07 00:11,102.5752,0.07735966113298787,0.029068312550898014,0.04829134858208985,-0.004562540504522872,-0.11621211193967504,0.11164957143515217,0.0,0.0,0.07735966113300208,0.029068312550907964,0.048291348582094114
2026.01.07 00:12,102.49067,0.06972643236538545,0.04238109606797451,0.02734533629741094,-0.020881195003042308,-0.09714592855234849,0.07626473354930619,0.0,0.0,0.06972643236539966,0.04238109606798604,0.02734533629741362
2026.01.07 00:13,102.37764,0.05393474108176122,0.051407705674278735,0.002527035407482482,-0.04945174019766796,-0.08760709088141239,0.03815535068374443,0.0,0.0,0.05393474108177543,0.05140770567429184,0.0025270354074835855
2026.01.07 00:14,102.23658,0.029695042884256395,0.055114822284384954,-0.02541977940012856,-0.08948238133893938,-0.08798214897291778,-0.0015002323660215922,-1.0,-1.0,0.029695042884270606,0.055114822284399644,-0.025419779400129038
2026.01.07 00:15,102.06869,-0.003027513172298768,0.05262859879839996,-0.05565611197069873,-0.13983022363822784,-0.0983517639059798,-0.041478459732248035,0.0,0.0,-0.003027513172284557,0.05262859879841623,-0.055656111970700785
2026.01.07 00:16,101.87587,-0.04401199426307301,0.04326114305779971,-0.08727313732087272,-0.19903614143053971,-0.11848863941089179,-0.08054750201964793,0.0,0.0,-0.044011994263058796,0.04326114305781598,-0.08727313732087477
2026.01.07 00:17,101.6607,-0.09278533991239613,0.026531451982121083,-0.11931679189451722,-0.26536388849925174,-0.1478636892285638,-0.11750019927068794,0.0,0.0,-0.09278533991238191,0.026531451982137355,-0.11931679189451927
2026.01.07 00:18,101.42635,-0.14863527921129105,0.002180696146838232,-0.1508159753581293,-0.33685105951545324,-0.1856611632859417,-0.15118989622951154,0.0,0.0,-0.14863527921127684,0.0021806961468545044,-0.15081597535813135
2026.01.07 00:19,101.17649,-0.21063035667667407,-0.029819400641262296,-0.18081095603541178,-0.41136684116921174,-0.2308022988625957,-0.18056454230661603,0.0,0.0,-0.21063035667665986,-0.02981940064124602,-0.18081095603541383
2026.01.07 00:20,100.9152,-0.2776452993441296,-0.06926439624983091,-0.20838090309429871,-0.4866727509222244,-0.28197638927452146,-0.20469636164770294,0.0,0.0,-0.2776452993441154,-0.06926439624981463,-0.2083809030943008
2026.01.07 00:21,100.64687,-0.3483910772249601,-0.11572189731542487,-0.23266917990953523,-0.5604849718713893,-0.33767810579389507,-0.22280686607749428,0.0,0.0,-0.3483910772249459,-0.11572189731540858,-0.2326691799095373
2026.01.07 00:22,100.37602,-0.42145468009769615,-0.16854294411314236,-0.2529117359845538,-0.6305470916033897,-0.39625190295579404,-0.2342951886475957,0.0,0.0,-0.42145468009769615,-0.16854294411312765,-0.2529117359845685
2026.01.07 00:23,100.10726,-0.4953348854242279,-0.22687960281408506,-0.26845528261014284,-0.6946878343184011,-0.4559390892283155,-0.2387487450900856,0.0,0.0,-0.49533488542421367,-0.22687960281407035,-0.2684552826101433
2026.01.07 00:24,99.84511,-0.5684856458889129,-0.2897082842270422,-0.2787773616618707,-0.7508861619218408,-0.5149285037670206,-0.23595765815482017,0.0,0.0,-0.5684856458888987,-0.2897082842270275,-0.2787773616618712
2026.01.07 00:25,99.59386,-0.6393617613995275,-0.3558582583533149,-0.2835035030462126,-0.7973335152987175,-0.57140950607336,-0.2259240092253575,0.0,0.0,-0.6393617613995133,-0.3558582583533002,-0.2835035030462131
2026.01.07 00:26,99.3575,-0.7064602363847712,-0.4240443579613566,-0.2824158784234146,-0.8324818800492437,-0.6236239808685369,-0.20885789918070685,0.0,0.0,-0.7064602363847712,-0.42404435796134343,-0.28241587842342775
2026.01.07 00:27,99.13957,-0.7683641670839165,-0.4929031232805372,-0.2754610438033793,-0.855091442554027,-0.669917473205635,-0.18517396934839203,0.0,0.0,-0.7683641670839165,-0.49290312328052566,-0.27546104380339087
2026.01.07 00:28,98.9431,-0.8237809313971098,-0.5610309649161411,-0.2627499664809687,-0.8642633212915598,-0.70878664282282,-0.1554766784687398,0.0,0.0,-0.8237809313971098,-0.5610309649161311,-0.2627499664809787
2026.01.07 00:29,98.77048,-0.8715810637633297,-0.6270238276293856,-0.2445572361339441,-0.8594703735057578,-0.7389233889594076,-0.12054698454635027,0.0,0.0,-0.8715810637633297,-0.6270238276293773,-0.24455723613395242
2026.01.07 00:30,98.62344,-0.9108284487936942,-0.6895168689148005,-0.22131157987889372,-0.8405696856207214,-0.7592526482916704,-0.08131703732905105,0.0,0.0,-0.9108284487936942,-0.6895168689147937,-0.2213115798789005
2026.01.07 00:31,98.50299,-0.9408065601560196,-0.7472226333657253,-0.19358392679029435,-0.8078071659335251,-0.7689635518200414,-0.03884361411348369,0.0,0.0,-0.9408065601560196,-0.7472226333657185,-0.19358392679030112
2026.01.07 00:32,98.40939,-0.9610389088284137,-0.7989675248550793,-0.16207138397333443,-0.7618118327347787,-0.767533208002989,0.00572137526821026,0.0,1.0,-0.9610389088284137,-0.798967524855074,-0.16207138397333964
2026.01.07 00:33,98.34213,-0.9713039237845322,-0.8437251112879258,-0.1275788124966064,-0.7035813016017016,-0.7547428267227315,0.051161525121029894,0.0,0.0,-0.9713039237845322,-0.8437251112879223,-0.12757881249660996
2026.01.07 00:34,98.30002,-0.9716365261144375,-0.8806445295895825,-0.09099199652485501,-0.6344456866596317,-0.7306833987101116,0.09623771205047982,0.0,0.0,-0.9716365261144375,-0.8806445295895805,-0.09099199652485701
2026.01.07 00:35,98.28113,-0.9623312256479579,-0.9090746395077144,-0.053256586140243534,-0.556038549829708,-0.6957544289340309,0.13971587910432293,0.0,0.0,-0.9623312256479579,-0.9090746395077124,-0.05325658614024553
2026.01.07 00:36,98.28294,-0.9439296229958956,-0.9285819123868232,-0.015347710609072363,-0.4702436825346439,-0.6506522796541536,0.18040859711950974,0.0,0.0,-0.9439296229958956,-0.9285819123868211,-0.015347710609074472
2026.01.07 00:37,98.30236,-0.9172062064109809,-0.9389624984994756,0.02175629208849461,-0.37914497343645337,-0.5963508184106135,0.21720584497416018,1.0,0.0,-0.9172062064109809,-0.9389624984994734,0.0217562920884925
2026.01.07 00:38,98.33585,-0.8831449973326642,-0.9402473800071793,0.05710238267451517,-0.28496572038584134,-0.5340737988056592,0.24910807841981786,0.0,0.0,-0.88314499733265,-0.9402473800071758,0.05710238267452583
2026.01.07 00:39,98.37952,-0.8429108876863012,-0.9327009843285801,0.08979009664227888,-0.19000529680351974,-0.46526009840523136,0.2752548016017116,0.0,0.0,-0.8429108876863154,-0.9327009843285781,0.08979009664226267
2026.01.07 00:40,98.42924,-0.7978163472205182,-0.9168131828913021,0.1189968356707839,-0.0965745801750586,-0.39152299475919683,0.29494841458413823,0.0,0.0,-0.7978163472205324,-0.9168131828913018,0.11899683567076935
2026.01.07 00:41,98.48078,-0.7492824896223027,-0.8932846918684009,0.14400220224609817,-0.006928404780666142,-0.3146040767634907,0.3076756719828246,0.0,0.0,-0.7492824896223169,-0.8932846918684021,0.14400220224608518
2026.01.07 00:42,98.52991,-0.6987993534456791,-0.863006406275195,0.16420705282951586,0.07679609913792262,-0.23632404158320808,0.3131201407211307,0.0,0.0,-0.6987993534456933,-0.8630064062751978,0.16420705282950443
2026.01.07 00:43,98.57258,-0.6478796387381038,-0.8270334187889357,0.17915378005083182,0.15264621831749992,-0.1585299896030665,0.31117620792056644,0.0,0.0,-0.647879638738118,-0.8270334187889401,0.17915378005082205
2026.01.07 00:44,98.60496,-0.5980190116738981,-0.786554283902929,0.18853527222903088,0.21890167371887514,-0.08304365693867817,0.3019453306575533,0.0,0.0,-0.5980190116739124,-0.786554283902935,0.18853527222902267
2026.01.07 00:45,98.62363,-0.5506500416187663,-0.7428565526388036,0.19220651102003727,0.27412901853219296,-0.011609121844503939,0.28573814037669687,0.0,0.0,-0.5506500416187805,-0.7428565526388111,0.1922065110200306
2026.01.07 00:46,98.62564,-0.5071020446625312,-0.6972894235556425,0.19018737889311133,0.317219971027896,0.054156696729976056,0.26306327429792,0.0,0.0,-0.5071020446625454,-0.6972894235556516,0.19018737889310622
2026.01.07 00:47,98.60861,-0.4685628214670601,-0.6512247373483532,0.1826619158812931,0.34742262217848463,0.11280988181967777,0.23461274035880686,0.0,0.0,-0.4685628214670743,-0.6512247373483654,0.1826619158812911
2026.01.07 00:48,98.5708,-0.4360447084624326,-0.6060173841012567,0.16997267563882412,0.3643620298966397,0.16312031143507016,0.20124171846156952,0.0,0.0,-0.4360447084624468,-0.6060173841012689,0.16997267563882212
2026.01.07 00:49,98.51118,-0.4103543953281843,-0.5629660561132196,0.1526116607850353,0.36805234790192287,0.20410671872844072,0.16394562917348215,0.0,0.0,-0.4103543953281985,-0.5629660561132318,0.1526116607850333
2026.01.07 00:50,98.42943,-0.3920716212733879,-0.5232759596300068,0.13120433835661893,0.35889235160020405,0.2350638453027934,0.12382850629741066,0.0,0.0,-0.3920716212734021,-0.523275959630019,0.13120433835661693
2026.01.07 00:51,98.326,-0.3815302840934436,-0.4880238408130918,0.10649355671964822,0.33765764392617825,0.2555826050274704,0.08207503889870787,0.0,0.0,-0.3815302840934578,-0.48802384081310396,0.10649355671964617
2026.01.07 00:52,98.20203,-0.37881282295138874,-0.45812752794790124,0.0793147049965125,0.3054706074456277,0.2655602055111018,0.039910401934525885,0.0,0.0,-0.37881282295140295,-0.4581275279479134,0.07931470499651044
2026.01.07 00:53,98.05941,-0.3837438967238427,-0.43431918184233953,0.05057528511849685,0.26377531121619313,0.2652032266521201,-0.001427915435926963,0.0,-1.0,-0.3837438967238569,-0.4343191818423517,0.050575285118494795
2026.01.07 00:54,97.90065,-0.3958987391754931,-0.4171245926819758,0.021225853506482706,0.21428947321611247,0.25502047596491856,-0.04073100274880609,0.0,0.0,-0.3958987391754931,-0.41712459268198643,0.02122585350649331
2026.01.07 00:55,97.72884,-0.41461573837064236,-0.4068483364273215,-0.007767401943320873,0.15895450599708738,0.2358072819713523,-0.07685277597426493,-1.0,0.0,-0.4146157383706566,-0.4068483364273321,-0.007767401943324481
2026.01.07 00:56,97.54758,-0.43901457547943323,-0.40356519798425183,-0.0354493774951814,0.0998813973545225,0.20862210504798637,-0.10874070769346386,0.0,0.0,-0.43901457547944744,-0.4035651979842625,-0.03544937749518495
2026.01.07 00:57,97.36085,-0.46802329884980054,-0.4071183746939594,-0.060904924155841145,0.039286821876828526,0.17475504841375483,-0.1354682265369263,0.0,0.0,-0.46802329884981475,-0.40711837469397,-0.06090492415584475
2026.01.07 00:58,97.17292,-0.5004088992243254,-0.4171244306824195,-0.08328446854190591,-0.020569876479626714,0.13569006343507853,-0.15625993991470524,0.0,0.0,-0.5004088992243396,-0.41712443068243016,-0.08328446854190946
2026.01.07 00:59,96.98821,-0.5348142681875458,-0.4329847247839926,-0.10182954340355327,-0.07745412671107488,0.09306122540584785,-0.17051535211692273,0.0,0.0,-0.5348142681875458,-0.4329847247840017,-0.10182954340354416
2026.01.07 01:00,96.81117,-0.5697981410996249,-0.4539033755624572,-0.11589476553716771,-0.12922155784598033,0.048604668755482215,-0.17782622660146255,0.0,0.0,-0.5697981410996249,-0.4539033755624647,-0.11589476553716022
2026.01.07 01:01,96.64616,-0.6038769231122245,-0.4789104978025501,-0.12496642530967444,-0.17387976195112742,0.004107782614160289,-0.1779875445652877,0.0,0.0,-0.6038769231122245,-0.47891049780255596,-0.12496642530966856
2026.01.07 01:02,96.49733,-0.6355675138843395,-0.5068908997092719,-0.1286766141750676,-0.2096453016503972,-0.03864283423875121,-0.171002467411646,0.0,0.0,-0.6355675138843537,-0.5068908997092778,-0.12867661417507592
2026.01.07 01:03,96.36848,-0.6634320221658072,-0.536616820041529,-0.12681520212427821,-0.2349981262575227,-0.0779138926425055,-0.1570842336150172,0.0,0.0,-0.6634320221658214,-0.5366168200415365,-0.12681520212428488
2026.01.07 01:04,96.26296,-0.6861202605952599,-0.5667839891775976,-0.11933627141766223,-0.24872644252602072,-0.11207640261920856,-0.13665003990681215,0.0,0.0,-0.6861202605952741,-0.5667839891776052,-0.1193362714176689
2026.01.07 01:05,96.18359,-0.7024084216372017,-0.5960499720840163,-0.10635844955318541,-0.24996030644517475,-0.1396531833844018,-0.11030712306077295,0.0,0.0,-0.702408421637216,-0.5960499720840239,-0.10635844955319207
2026.01.07 01:06,96.13256,-0.7112359162240693,-0.6230735962367129,-0.08816231998735646,-0.2381987235732339,-0.15936229142216823,-0.07883643215106567,0.0,0.0,-0.7112359162240836,-0.6230735962367204,-0.08816231998736312
2026.01.07 01:07,96.11138,-0.7117363645046595,-0.6465544257123056,-0.0651819387923539,-0.21332387064921932,-0.17015460726757847,-0.04316926338164084,0.0,0.0,-0.7117363645046737,-0.646554425712313,-0.06518193879236067
2026.01.07 01:08,96.12082,-0.703264449459482,-0.6652711125202985,-0.0379933369391835,-0.17560689700499665,-0.1712450652150621,-0.004361831789934545,0.0,0.0,-0.7032644494594962,-0.6652711125203076,-0.037993336939188604
2026.01.07 01:09,96.1609,-0.6854152345442088,-0.6781174562363633,-0.007297778307845504,-0.12570019118552977,-0.16213609040915564,0.03643589922362586,0.0,1.0,-0.685415234544223,-0.678117456236374,-0.007297778307849057
2026.01.07 01:10,96.23089,-0.6580365592169386,-0.6841351935813316,0.02609863436439297,-0.06461867347823613,-0.14263260702297173,0.0780139335447356,1.0,0.0,-0.6580365592169528,-0.6841351935813438,0.02609863436439097
2026.01.07 01:11,96.32933,-0.6212342744537693,-0.6825426114223794,0.061308336968610044,0.006289137792748534,-0.11284825805982768,0.11913739585257621,0.0,0.0,-0.6212342744537835,-0.6825426114223916,0.061308336968608046
2026.01.07 01:12,96.45406,-0.5753710111840036,-0.6727580546466234,0.09738704346261984,0.08537798304175226,-0.0732030098395117,0.15858099288126395,0.0,0.0,-0.5753710111840178,-0.6727580546466356,0.09738704346261784
2026.01.07 01:13,96.6023,-0.5210559073551622,-0.6544175709532792,0.13336166359811708,0.17075439413709148,-0.024411529044191062,0.19516592318128254,0.0,0.0,-0.5210559073551906,-0.654417570953293,0.13336166359810242
2026.01.07 01:14,96.7707,-0.4591297615365164,-0.6273866087198697,0.16825684718335332,0.26032775900324623,0.032536328565296396,0.22779143043794983,0.0,0.0,-0.4591297615365306,-0.6273866087198835,0.16825684718335288
2026.01.07 01:15,96.95547,-0.3906403907494109,-0.5917648836671299,0.20112449291771894,0.35187298046049875,0.09640365894433688,0.25546932151616186,0.0,0.0,-0.39064039074942514,-0.5917648836671437,0.2011244929177186
2026.01.07 01:16,97.15247,-0.3168137852524069,-0.5478845970835462,0.2310708118311393,0.44309360343807214,0.16574164784308393,0.2773519555949882,0.0,0.0,-0.3168137852524211,-0.5478845970835601,0.23107081183113898
2026.01.07 01:17,97.35732,-0.23902070362080963,-0.49630195865702703,0.2572812550362174,0.5316860839411675,0.23893053506270065,0.2927555488784668,0.0,0.0,-0.23902070362082384,-0.49630195865704096,0.2572812550362171
2026.01.07 01:18,97.56554,-0.15873768292799184,-0.4377822306996696,0.27904454777167775,0.6154069721922895,0.3142258224886184,0.30118114970367105,0.0,0.0,-0.15873768292800605,-0.4377822306996835,0.2790445477716774
2026.01.07 01:19,97.77265,-0.07750730850567322,-0.37327898062064013,0.2957716721149669,0.6921341741578715,0.38980749282246907,0.3023266813354024,0.0,0.0,-0.07750730850568743,-0.373278980620654,0.2957716721149666
2026.01.07 01:20,97.97435,0.0031080253979069994,-0.30390761397045385,0.30701563936836085,0.759933249940346,0.4638326442460445,0.29610060569430147,0.0,0.0,0.0031080253978927885,-0.3039076139704677,0.3070156393683605
2026.01.07 01:21,98.16658,0.0815673550899163,-0.23091446216224054,0.31248181725215685,0.8171078432790466,0.5344876840526449,0.2826201592264017,0.0,0.0,0.0815673550899021,-0.23091446216225442,0.3124818172521565
2026.01.07 01:22,98.34567,0.1563951791495839,-0.15564211921726875,0.3120372983668527,0.8622498860982404,0.600040124461764,0.26220976163647636,0.0,0.0,0.15639517914956969,-0.15564211921728108,0.3120372983668508
2026.01.07 01:23,98.50844,0.22622318741115066,-0.07949179155641686,0.3057149789675675,0.894280598738618,0.6588882193171348,0.23539237942148317,0.0,0.0,0.22622318741115066,-0.07949179155642759,0.30571497896757827
2026.01.07 01:24,98.65228,0.2898281148250845,-0.0038841798259173638,0.2937122946510019,0.9124805528376214,0.7096066860212322,0.2028738668163892,0.0,0.0,0.2898281148250845,-0.0038841798259265183,0.29371229465101106
2026.01.07 01:25,98.77521,0.34616453243057776,0.06978007769441426,0.2763844547361635,0.9165079227488064,0.7509869333667472,0.16552098938205928,0.0,0.0,0.34616453243057776,0.0697800776944067,0.27638445473617107
2026.01.07 01:26,98.87597,0.39439569115361905,0.14015967711379523,0.2542360140398238,0.9064117577268433,0.7820718982387664,0.12433985948807691,0.0,0.0,0.39439569115361905,0.14015967711378924,0.2542360140398298
2026.01.07 01:27,98.95402,0.43391530905738307,0.20601000955661466,0.2279052995007684,0.8826282039562301,0.8021831593822591,0.08044504457397095,0.0,0.0,0.43391530905738307,0.20601000955661025,0.22790529950077282
2026.01.07 01:28,99.00957,0.46436440788161804,0.2662179780440915,0.19814642983752656,0.8459688293660861,0.8109402933790246,0.03502853598706146,0.0,0.0,0.46436440788161804,0.26621797804408864,0.1981464298375294
2026.01.07 01:29,99.04355,0.48563929262559213,0.319832563291612,0.1658067293339801,0.7975949565104514,0.80827122600531,-0.010676269494858559,0.0,-1.0,0.48563929262559213,0.3198325632916108,0.16580672933398133
2026.01.07 01:30,99.05761,0.49789489414722254,0.3660911787424238,0.13180371540479874,0.7389869869262071,0.7944143781894895,-0.05542739126328233,0.0,0.0,0.49789489414722254,0.36609117874242414,0.1318037154047984
2026.01.07 01:31,99.05403,0.5015372612180471,0.40444029897225303,0.09709696224579406,0.6718981889141844,0.7699111403344285,-0.09801295142024413,0.0,0.0,0.5015372612180471,0.404440298972255,0.09709696224579212
2026.01.07 01:32,99.03568,0.49721162560439325,0.4345501254381689,0.06266150016622435,0.5983059967500424,0.7355901116175514,-0.13728411486750902,0.0,0.0,0.49721162560437904,0.43455012543816923,0.0626615001662098
2026.01.07 01:33,99.00594,0.4857839438489151,0.4563229953297056,0.029460948519209496,0.5203572922015383,0.6925435477343488,-0.17218625553281053,0.0,0.0,0.4857839438489151,0.456322995329706,0.029460948519209107
2026.01.07 01:34,98.96855,0.46831195450945984,0.4698949311162481,-0.0015829766067882445,0.44030123714945546,0.6420950856173702,-0.2017938484679147,-1.0,0.0,0.46831195450945984,0.4698949311162484,-0.0015829766067885775
2026.01.07 01:35,98.92755,0.4460155303316924,0.47563046880270066,-0.029614938471008267,0.3604282975774282,0.5857617280093818,-0.22533343043195353,0.0,0.0,0.4460155303317066,0.4756304688027026,-0.029614938470996
2026.01.07 01:36,98.88712,0.42023883867865663,0.47411086098284216,-0.05387202230418553,0.2830014016143423,0.525209662730374,-0.24220826111603166,0.0,0.0,0.42023883867867085,0.4741108609828457,-0.05387202230417487
2026.01.07 01:37,98.8515,0.39241289691427994,0.46611624865313794,-0.073703351738858,0.21019525527651695,0.46220678123960257,-0.2520115259630856,0.0,0.0,0.39241289691429415,0.46611624865314305,-0.0737033517388489
2026.01.07 01:38,98.82481,0.3640108867352012,0.45260198133198337,-0.08859109459678216,0.14402929053295566,0.3985712830982732,-0.25454199256531757,0.0,0.0,0.3640108867352154,0.4526019813319901,-0.08859109459677467
2026.01.07 01:39,98.81095,0.33650468631870467,0.4346697360177036,-0.09816504969899892,0.08630989301963155,0.3361190050825449,-0.24980911206291334,0.0,0.0,0.3365046863187189,0.43466973601771186,-0.09816504969899298
2026.01.07 01:40,98.81351,0.3113236496810714,0.41353489029137297,-0.10221124061030157,0.03858263248464766,0.27661173056296545,-0.2380290980783178,0.0,0.0,0.3113236496810856,0.41353489029138285,-0.10221124061029724
2026.01.07 01:41,98.83561,0.28981003237602465,0.39049026882155424,-0.10068023644552959,0.002083410290609322,0.22170606650849425,-0.21962265621788493,0.0,0.0,0.28981003237602465,0.3904902688215657,-0.10068023644554103
2026.01.07 01:42,98.87983,0.2731794771384273,0.3668675502981667,-0.09368807315973943,-0.02229646316956746,0.17290556057288192,-0.19520202374244938,0.0,0.0,0.2731794771384273,0.36686755029817814,-0.09368807315975086
2026.01.07 01:43,98.94816,0.2624875096202288,0.3439981675326966,-0.08151065791246775,-0.03403115765534892,0.13151821692723575,-0.16554937458258467,0.0,0.0,0.2624875096202288,0.343998167532708,-0.08151065791247919
2026.01.07 01:44,99.04186,0.2585939452157078,0.3231735469642538,-0.06457960174854604,-0.03298309861710891,0.09861795381836683,-0.13160105243547573,0.0,0.0,0.2585939452157078,0.3231735469642637,-0.06457960174855593
2026.01.07 01:45,99.16152,0.26214201931226455,0.30560723370132137,-0.04346521438905682,-0.01939759679224551,0.07501484369624437,-0.09441244048848987,0.0,0.0,0.26214201931226455,0.3056072337013297,-0.04346521438906514
2026.01.07 01:46,99.30693,0.2735341341251001,0.2923984822803014,-0.018864348155201327,0.006095446083804745,0.061230964173756446,-0.0551355180899517,0.0,0.0,0.2735341341251001,0.2923984822803081,-0.018864348155208044
2026.01.07 01:47,99.47719,0.29292437639584534,0.2844999811314841,0.008424395264361229,0.04250932799808993,0.057486636938623145,-0.014977308940533215,1.0,0.0,0.29292437639584534,0.2844999811314892,0.008424395264356122
2026.01.07 01:48,99.67063,0.32020910323022633,0.28268936078831985,0.03751974244190648,0.08852142787419837,0.06369359512573819,0.024827832748460177,0.0,1.0,0.32020910323022633,0.2826893607883234,0.037519742441902926
2026.01.07 01:49,99.88493,0.3550320760693495,0.28754585260923965,0.06748622346010985,0.142517242978073,0.07945832469620515,0.06305891828186785,0.0,0.0,0.3550320760693495,0.2875458526092416,0.06748622346010791
2026.01.07 01:50,100.11713,0.3967921593356749,0.29943275560475635,0.09735940373091856,0.20263381537633052,0.10409342283223022,0.0985403925441003,0.0,0.0,0.3967921593356749,0.2994327556047583,0.09735940373091662
2026.01.07 01:51,100.36373,0.44466012019294965,0.3184861603885922,0.12617395980435747,0.26681429402236745,0.1366375970702577,0.13017669695210976,0.0,0.0,0.44466012019294965,0.3184861603885941,0.12617395980435553
2026.01.07 01:52,100.62081,0.4976039627997011,0.3446102107418669,0.15299375205783422,0.332871462345679,0.17588437012534197,0.15698709222033702,0.0,0.0,0.4976039627997153,0.34461021074187037,0.15299375205784493
2026.01.07 01:53,100.88409,0.5544158740978844,0.3774793139509976,0.1769365601468868,0.39854704876525204,0.220416905853324,0.17813014291192805,0.0,0.0,0.5544158740978986,0.3774793139510027,0.1769365601468959
2026.01.07 01:54,101.14909,0.6137481023332327,0.41654665650888295,0.19720144582434979,0.46158036163909344,0.26864959701047786,0.19293076462861558,0.0,0.0,0.613748102333247,0.4165466565088896,0.19720144582435734
2026.01.07 01:55,101.41122,0.6741498412374938,0.4610595128547045,0.2130903283827893,0.5197712324731469,0.3188739241030117,0.20089730837013525,0.0,0.0,0.674149841237508,0.46105951285471275,0.21309032838279524
2026.01.07 01:56,101.66594,0.7341100658349831,0.5100801450146086,0.22402992082037443,0.5710467534183437,0.36930848996607807,0.2017382634522656,0.0,0.0,0.7341100658349973,0.5100801450146185,0.22402992082037876
2026.01.07 01:57,101.90885,0.7920989590001284,0.5625123512112644,0.22958660778886397,0.6135184037498504,0.41815047272283257,0.19536793102701788,0.0,0.0,0.7920989590001426,0.5625123512112759,0.22958660778886675
2026.01.07 01:58,102.13586,0.8466141435711165,0.617132580933683,0.22948156263743358,0.6455417193865571,0.4636287220555775,0.18191299733097965,0.0,0.0,0.8466141435711165,0.6171325809336944,0.22948156263742214
2026.01.07 01:59,102.34326,0.8962221754307649,0.6726248049442485,0.2235973704865164,0.6657613468087931,0.5040552470062206,0.16170609980257244,0.0,0.0,0.8962221754307649,0.67262480494426,0.22359737048650485
2026.01.07 02:00,98.8694,0.6477584718970917,0.6951912884669309,-0.04743281656983922,0.1559850249658581,0.43444120259814817,-0.2784561776322901,-1.0,-1.0,0.6477584718970917,0.6951912884669424,-0.047432816569850766
2026.01.07 02:01,98.77047,0.43781946232628854,0.6885485661921072,-0.2507291038658187,-0.22788806795772132,0.30197534848697427,-0.5298634164446956,0.0,0.0,0.43781946232630276,0.6885485661921188,-0.25072910386581604
2026.01.07 02:02,98.68323,0.26138862049930367,0.6559899824589316,-0.3946013619596279,-0.5097315911332316,0.1396339605629331,-0.6493655516961647,0.0,0.0,0.2613886204993179,0.6559899824589431,-0.39460136195962525
2026.01.07 02:03,98.60844,0.11421438692545394,0.6004862363025117,-0.4862718493770578,-0.7090861574774721,-0.030110063045147933,-0.6789760944323241,0.0,0.0,0.11421438692546815,0.6004862363025233,-0.48627184937705514
2026.01.07 02:04,98.54674,-0.007316586808187253,0.5247677442974361,-0.5320843311056234,-0.8419425629232364,-0.19247656302076566,-0.6494659999024708,0.0,0.0,-0.007316586808173042,0.5247677442974477,-0.5320843311056207
2026.01.07 02:05,98.4987,-0.10628203247632939,0.43139084448506804,-0.5376728769613974,-0.9213790669060984,-0.3382570637978322,-0.5831220031082662,0.0,0.0,-0.10628203247632939,0.43139084448507803,-0.5376728769614074
2026.01.07 02:06,98.46478,-0.18531374025079117,0.3227894334571881,-0.5081031737079793,-0.9580920282904088,-0.4622240566963476,-0.49586797159406126,0.0,0.0,-0.18531374025079117,0.32278943345719646,-0.5081031737079876
2026.01.07 02:07,98.44536,-0.24667050571227378,0.20131336131458916,-0.44798386702686294,-0.9608275414203149,-0.561944753641141,-0.39888278777917385,0.0,0.0,-0.24667050571225957,0.20131336131459912,-0.44798386702685866
2026.01.07 02:08,98.44069,-0.29230352132211124,0.06925495056426959,-0.3615584718863808,-0.9367434122196272,-0.6369044853568383,-0.2998389268627889,0.0,0.0,-0.292303521322097,0.06925495056428115,-0.3615584718863782
2026.01.07 02:09,98.45096,-0.32390553046005266,-0.03870771636430201,-0.2851978140957506,-0.8916954974598497,-0.6878626877774405,-0.20383280968240913,0.0,0.0,-0.32390553046003845,-0.03870771636428887,-0.28519781409574957
2026.01.07 02:10,98.47621,-0.3429594631982127,-0.12546093031146882,-0.21749853288674387,-0.8304860461450403,-0.7163873594509605,-0.11409868669407974,0.0,0.0,-0.3429594631982127,-0.12546093031145725,-0.21749853288675544
2026.01.07 02:11,98.51641,-0.3507725505207162,-0.19347883820258216,-0.15729371231813405,-0.757054519115016,-0.7245207913837717,-0.0325337277312443,0.0,0.0,-0.3507725505207304,-0.19347883820257372,-0.1572937123181567
2026.01.07 02:12,98.57141,-0.34850904286146545,-0.24489255262335097,-0.10361649023811448,-0.6746414484564554,-0.7145449227983085,0.03990347434185315,0.0,1.0,-0.34850904286147966,-0.24489255262334572,-0.10361649023813393
2026.01.07 02:13,98.64097,-0.33721508053173466,-0.28154794081485623,-0.05566713971687842,-0.5859175864010524,-0.6888194555188573,0.10290186911780486,0.0,0.0,-0.33721508053173466,-0.28154794081485257,-0.055667139716882086
2026.01.07 02:14,98.72472,-0.31784271596534097,-0.3050546834247464,-0.012788032540594574,-0.49309518215666515,-0.6496746008464189,0.15657941868975378,0.0,0.0,-0.31784271596534097,-0.30505468342474273,-0.012788032540598238
2026.01.07 02:15,98.82223,-0.29126422274704566,-0.3168269592576636,0.02556273651061791,-0.3980081047604074,-0.5993413016292166,0.20133319686880924,1.0,0.0,-0.2912642227470599,-0.31682695925766147,0.02556273651060159
2026.01.07 02:16,98.93294,-0.2582897995959996,-0.3181179919114109,0.059828192315411255,-0.3021878807349907,-0.5399106174503715,0.2377227367153808,0.0,0.0,-0.2582897995959996,-0.3181179919114104,0.059828192315410755
2026.01.07 02:17,99.05623,-0.2196765643682994,-0.31004833002765403,0.09037176565935462,-0.2069149100555734,-0.4733114759714119,0.2663965659158385,0.0,0.0,-0.2196765643682994,-0.3100483300276551,0.09037176565935567
2026.01.07 02:18,99.19136,-0.1761409918751582,-0.29363004796266573,0.11748905608750754,-0.11326940209956149,-0.4013030611970418,0.2880336590974803,0.0,0.0,-0.1761409918751582,-0.2936300479626684,0.1174890560875102
2026.01.07 02:19,99.33753,-0.12836433545602688,-0.26978614488020064,0.14142180942417376,-0.02216368210589792,-0.32547518537881304,0.3033115032729151,0.0,0.0,-0.12836433545602688,-0.2697861448802033,0.14142180942417643
2026.01.07 02:20,99.49385,-0.07699966919653889,-0.23936693584418095,0.16236726664764206,0.06562660025750233,-0.24725482825154999,0.3128814285090523,0.0,0.0,-0.07699966919653889,-0.239366935844182,0.16236726664764312
2026.01.07 02:21,99.65937,-0.022675333304377432,-0.20316319033783783,0.1804878570334604,0.1494413915142303,-0.16791558429839393,0.31735697581262423,0.0,0.0,-0.022675333304377432,-0.20316319033783733,0.1804878570334599
2026.01.07 02:22,99.83307,0.034001286933687425,-0.16191692728612428,0.1959182142198117,0.22871710398410983,-0.08858904664189318,0.317306150626003,0.0,0.0,0.034001286933687425,-0.16191692728612375,0.19591821421981118
2026.01.07 02:23,100.01386,0.09244056162806658,-0.11632989644241233,0.2087704580704789,0.3029707798879855,-0.010277081335917454,0.3132478612239029,0.0,0.0,0.09244056162808079,-0.11632989644241024,0.20877045807049102
2026.01.07 02:24,100.20063,0.1520718958002618,-0.06707032771493372,0.21914222351519552,0.37179404634727575,0.06613714420072118,0.30565690214655455,0.0,0.0,0.15207189580027602,-0.06707032771492846,0.2191422235152045
2026.01.07 02:25,100.3922,0.21234052632493672,-0.01477806927927413,0.22711859560421085,0.4348398482918725,0.13987768501895145,0.294962163272921,0.0,0.0,0.21234052632495093,-0.014778069279267293,0.2271185956042182
2026.01.07 02:26,100.58736,0.2727080228747667,0.03993132930328877,0.23277669357147793,0.4918172619870518,0.21026560041257153,0.28155166157448025,0.0,0.0,0.2727080228747667,0.039931329303295605,0.2327766935714711
2026.01.07 02:27,100.7849,0.3326548874323123,0.0964642047818966,0.2361906826504157,0.5424906134703065,0.27671060302411854,0.26578001044618793,0.0,0.0,0.3326548874323123,0.09646420478190344,0.23619068265040888
2026.01.07 02:28,100.98355,0.3916775888670543,0.15424664081779452,0.23743094804925977,0.5866688299653902,0.3387022484123729,0.24796658155301726,0.0,0.0,0.3916775888670543,0.15424664081780134,0.23743094804925294
2026.01.07 02:29,101.18207,0.4492932371265681,0.21272363040925085,0.23656960671731725,0.6242095184115328,0.3958037024122049,0.2284058159993279,0.0,0.0,0.4492932371265681,0.21272363040925768,0.23656960671731042
2026.01.07 02:30,101.37919,0.5050382238013782,0.2713584700876681,0.23367975371371008,0.6550118728788874,0.4476453365055414,0.207366536373346,0.0,0.0,0.5050382238013782,0.271358470087675,0.2336797537137032
2026.01.07 02:31,101.57367,0.5584717236314845,0.32963296305409,0.22883876057739444,0.6790189788908094,0.493920064982595,0.18509891390821442,0.0,0.0,0.5584717236314845,0.32963296305409684,0.2288387605773876
2026.01.07 02:32,101.76427,0.6091757850524289,0.3870479878790192,0.2221277971734097,0.6962137923808029,0.5343788104622367,0.16183498191856627,0.0,0.0,0.6091757850524289,0.38704798787902445,0.22212779717340442
2026.01.07 02:33,101.94979,0.6567583313502894,0.4431242584956889,0.21363407285460045,0.7066207113436747,0.5688271906385243,0.13779352070515039,0.0,0.0,0.6567583313502894,0.4431242584956926,0.2136340728545968
2026.01.07 02:34,102.12905,0.7008536216822421,0.4974034913131673,0.20345013036907478,0.7103024492128185,0.5971222423533831,0.11318020685943542,0.0,0.0,0.7008536216822421,0.49740349131316935,0.20345013036907272
2026.01.07 02:35,102.30093,0.7411255030342545,0.5494498779975548,0.19167562503669966,0.7073621889152264,0.6191702316657518,0.0881919572494746,0.0,0.0,0.7411255030342545,0.549449877997557,0.19167562503669755
2026.01.07 02:36,102.46435,0.7772680254264799,0.5988513377746846,0.1784166876517953,0.6979408038635313,0.6349243461053078,0.06301645775822351,0.0,0.0,0.7772680254264799,0.5988513377746867,0.1784166876517932
2026.01.07 02:37,102.61827,0.8090055797175069,0.645221114535846,0.1637844651816609,0.6822135313525024,0.6443821831547467,0.03783134819775569,0.0,0.0,0.8090055797175069,0.6452211145358481,0.1637844651816588
2026.01.07 02:38,102.76174,0.8360966484102903,0.6881992713451485,0.14789737706514183,0.6603934054291472,0.6475844276096269,0.012808977819520284,0.0,0.0,0.8360966484102903,0.6881992713451505,0.14789737706513983
2026.01.07 02:39,102.89387,0.858333962646384,0.727454353439038,0.13087960920734598,0.6327279166063136,0.6446131254089643,-0.01188520880265076,0.0,-1.0,0.858333962646384,0.7274543534390401,0.13087960920734387
2026.01.07 02:40,103.01384,0.8755450326302707,0.7626847211055697,0.112860311524701,0.5994966961146275,0.635589839550097,-0.03609314343546943,0.0,0.0,0.8755450326302707,0.7626847211055718,0.11286031152469889
2026.01.07 02:41,103.12093,0.8875945600235582,0.7936201405468063,0.09397441947675189,0.5610127790998547,0.6206744274600485,-0.05966164836019383,0.0,0.0,0.8875945600235582,0.7936201405468084,0.09397441947674978
2026.01.07 02:42,103.2145,0.8943843087217402,0.8200230269214119,0.0743612818003283,0.5176192045371977,0.6000633828754784,-0.08244417833828077,0.0,0.0,0.8943843087217545,0.8200230269214157,0.07436128180033874
2026.01.07 02:43,103.29398,0.8958517835283288,0.8416894893487549,0.054162294179573967,0.4696838704141726,0.5739874803832172,-0.10430360996904464,0.0,0.0,0.895851783528343,0.8416894893487602,0.05416229417958285
2026.01.07 02:44,103.35893,0.8919735739491301,0.8584503861170744,0.03352318783205577,0.4176032155213534,0.5427106274108445,-0.12510741188949115,0.0,0.0,0.8919735739491443,0.8584503861170814,0.033523187832062984
2026.01.07 02:45,103.40899,0.8827635399603082,0.8701721099541664,0.012591430006141824,0.36179632426750175,0.5065277667821759,-0.14473144251467418,0.0,0.0,0.8827635399603224,0.8701721099541749,0.012591430006147486
2026.01.07 02:46,103.4439,0.8682725613085438,0.8767573301309483,-0.008484768822404454,0.30270244842866134,0.46576270311147305,-0.1630602546828117,-1.0,0.0,0.8682725613085438,0.8767573301309568,-0.008484768822413002
2026.01.07 02:47,103.46351,0.8485887169368453,0.8781453377450099,-0.02955662080816457,0.24077954646250532,0.4207660717816795,-0.1799865253191742,0.0,0.0,0.8485887169368311,0.8781453377450169,-0.029556620808185774
2026.01.07 02:48,103.46776,0.8238354061961957,0.8743121648061001,-0.050476758609904415,0.1764993154004344,0.3719127205054305,-0.1954134051049961,0.0,0.0,0.8238354061961815,0.8743121648061055,-0.050476758609924066
2026.01.07 02:49,103.45673,0.7941734629527133,0.8652708792863715,-0.07109741633365818,0.1103498322273424,0.3196001428498129,-0.20925031062247051,0.0,0.0,0.7941734629526991,0.8652708792863754,-0.07109741633367628
2026.01.07 02:50,103.43056,0.7597960035687663,0.8510710396802835,-0.09127503611151722,0.0428249941805916,0.26424511311596866,-0.22142011893537705,0.0,0.0,0.7597960035687521,0.8510710396802857,-0.09127503611153365
2026.01.07 02:51,103.38952,0.720929606574856,0.8317982949972964,-0.11086868842244035,-0.02557365741093065,0.2062813590105888,-0.23185501642151946,0.0,0.0,0.7209296065748418,0.8317982949972955,-0.11086868842245368
2026.01.07 02:52,103.33398,0.6778324624163758,0.8075739259848572,-0.12974146356848137,-0.09434072259026038,0.14615694269041898,-0.24049766528067937,0.0,0.0,0.6778324624163616,0.8075739259848531,-0.12974146356849148
2026.01.07 02:53,103.26438,0.6307901704128227,0.7785535478141564,-0.14776337740133372,-0.16297450143072467,0.08433065386619025,-0.24730515529691494,0.0,0.0,0.6307901704128085,0.7785535478141491,-0.1477633774013406
2026.01.07 02:54,103.1813,0.5801177174708556,0.7449262342042172,-0.1648085167333616,-0.23097278149725753,0.02126996679350069,-0.2522427482907582,0.0,0.0,0.5801177174708414,0.7449262342042068,-0.16480851673336538
2026.01.07 02:55,103.08537,0.5261535139696463,0.7069130067221175,-0.18075949275247127,-0.2978432126994477,-0.04255266910508899,-0.2552905435943587,0.0,0.0,0.5261535139696463,0.706913006722107,-0.18075949275246073
2026.01.07 02:56,102.97735,0.4692608358536745,0.664765464379543,-0.19550462852586847,-0.36309942236405846,-0.10666201975688289,-0.25643740260717557,0.0,0.0,0.4692608358536745,0.6647654643795341,-0.1955046285258596
2026.01.07 02:57,102.85803,0.40982069390123854,0.6187638296801033,-0.2089431357788648,-0.42627279928413486,-0.1705841756623333,-0.25568862362180156,0.0,0.0,0.40982069390123854,0.618763829680096,-0.20894313577885748
2026.01.07 02:58,102.72833,0.3482340220706561,0.5692150029154304,-0.22098098084477424,-0.4869064723914249,-0.23384863500815162,-0.2530578373832733,0.0,0.0,0.34823402207067033,0.5692150029154261,-0.22098098084475581
2026.01.07 02:59,102.5892,0.2849151877638576,0.516450467825996,-0.23153528006213842,-0.544565388764525,-0.2959919857594263,-0.24857340300509867,0.0,0.0,0.2849151877638718,0.516450467825995,-0.2315352800621232
2026.01.07 03:00,102.44166,0.22028994507033417,0.46082383876993804,-0.24053389369960387,-0.5988374187763981,-0.3565610723628207,-0.24227634641357737,0.0,0.0,0.22028994507034838,0.46082383876994015,-0.24053389369959177
2026.01.07 03:01,102.28682,0.1547952968623605,0.4027085981528252,-0.24791330129046474,-0.6493309979276347,-0.4151150574757835,-0.23421594045185123,0.0,0.0,0.1547952968623747,0.4027085981528305,-0.2479133012904558
2026.01.07 03:02,102.12579,0.08887207907135064,0.3424954768926617,-0.25362339782131105,-0.6956859700829199,-0.4712292399972108,-0.2244567300857091,0.0,0.0,0.08887207907136485,0.34249547689267007,-0.2536233978213052
2026.01.07 03:03,101.95976,0.022965488732836548,0.28058967369954846,-0.2576241849667119,-0.7375691691366768,-0.524497225825104,-0.21307194331157275,0.0,0.0,0.02296548873285076,0.28058967369956,-0.25762418496670925
2026.01.07 03:04,101.78993,-0.04248013604784262,0.21740815703093858,-0.2598882930787812,-0.7746807275145642,-0.574533926162996,-0.20014680135156815,0.0,0.0,-0.04248013604782841,0.21740815703095173,-0.25988829307878014
2026.01.07 03:05,101.61754,-0.10702300291535494,0.1533766193899353,-0.26039962230529023,-0.8067534488994141,-0.6209778307102797,-0.18577561818913446,0.0,0.0,-0.10702300291534073,0.15337661938995004,-0.2603996223052908
2026.01.07 03:06,101.44383,-0.17022834871849568,0.08892672576552038,-0.2591550744840161,-0.8335572463286383,-0.6634937138339514,-0.17006353249468686,0.0,0.0,-0.17022834871848147,0.08892672576553669,-0.25915507448401814
2026.01.07 03:07,101.27007,-0.2316694789207503,0.024493003433141897,-0.25616248235389216,-0.854897013000425,-0.7017743736672462,-0.15312263933317882,0.0,0.0,-0.23166947892073608,0.024493003433158203,-0.25616248235389427
2026.01.07 03:08,101.0975,-0.2909332763279906,-0.03949015924373013,-0.2514431170842605,-0.870618688666525,-0.735543236667102,-0.13507545199942306,0.0,0.0,-0.2909332763279764,-0.039490159243713824,-0.2514431170842626
2026.01.07 03:09,100.92738,-0.34762037371167764,-0.10259130577506477,-0.2450290679366129,-0.8806052187297269,-0.764555633079627,-0.11604958565009982,0.0,0.0,-0.34762037371166343,-0.10259130577504846,-0.24502906793661497
2026.01.07 03:10,100.76093,-0.40134991868508507,-0.16438521861366984,-0.23696470007141524,-0.8847811398263019,-0.7886007344289621,-0.09618040539733985,0.0,0.0,-0.40134991868507086,-0.16438521861365352,-0.23696470007141734
2026.01.07 03:11,100.59936,-0.45176070271058677,-0.22445552770055177,-0.227305175010035,-0.8831102329053238,-0.8075026341242344,-0.07560759878108936,0.0,0.0,-0.45176070271057256,-0.22445552770053545,-0.2273051750100371
2026.01.07 03:12,100.44383,-0.49851501267117726,-0.2823978056343311,-0.21611720703684617,-0.875598293436866,-0.8211217659867608,-0.05447652745010523,0.0,0.0,-0.49851501267116305,-0.28239780563431477,-0.21611720703684828
2026.01.07 03:13,100.29546,-0.5413005830087343,-0.33782229974109684,-0.20347828326763745,-0.862292247123662,-0.8293558622141411,-0.03293638490952089,0.0,0.0,-0.5413005830087201,-0.3378222997410805,-0.20347828326763956
2026.01.07 03:14,100.15534,-0.5798310374554205,-0.39035652580110414,-0.1894745116543164,-0.8432767122392022,-0.8321400322191533,-0.011136680020048861,0.0,0.0,-0.5798310374554063,-0.3903565258010878,-0.1894745116543185
2026.01.07 03:15,100.02448,-0.6138499286890777,-0.43964781246450213,-0.1742021162245756,-0.8186773431778676,-0.8294474944108963,0.010770151233028713,0.0,1.0,-0.6138499286890635,-0.4396478124644858,-0.1742021162245777
2026.01.07 03:16,99.90382,-0.6431327645138794,-0.48536595530818316,-0.1577668092056962,-0.7886602430067313,-0.8212900441300633,0.032629801123332025,0.0,0.0,-0.6431327645138651,-0.48536595530816684,-0.1577668092056983
2026.01.07 03:17,99.79425,-0.6674866357211755,-0.5272052174629814,-0.14028141825819407,-0.7534272078734716,-0.8077174768787451,0.05429026900527345,0.0,0.0,-0.6674866357211755,-0.5272052174629667,-0.14028141825820883
2026.01.07 03:18,99.69657,-0.6867527554907724,-0.5648865932162142,-0.12186616227455827,-0.7132166775017481,-0.7888173170033457,0.07560063950159757,0.0,0.0,-0.6867527554907724,-0.564886593216201,-0.12186616227457137
2026.01.07 03:19,99.6115,-0.7008072623701764,-0.5981596314034465,-0.10264763096672991,-0.6683015061156539,-0.7647141548258074,0.09641264871015354,0.0,0.0,-0.7008072623701764,-0.598159631403435,-0.10264763096674145
2026.01.07 03:20,99.53967,-0.7095622491005287,-0.6268042476689957,-0.082758001431533,-0.618987388756608,-0.7355688016119675,0.1165814128553595,0.0,0.0,-0.7095622491005287,-0.6268042476689857,-0.082758001431543
2026.01.07 03:21,99.48162,-0.7129661589422653,-0.6506321528102277,-0.062334006132037656,-0.5656103442868101,-0.7015771101469361,0.13596676586012602,0.0,0.0,-0.7129661589422653,-0.6506321528102192,-0.062334006132046094
2026.01.07 03:22,99.43778,-0.711005277377339,-0.6694882299622948,-0.04151704741504414,-0.5085364202050897,-0.6629689721585669,0.15443255195347716,0.0,0.0,-0.711005277377339,-0.6694882299622881,-0.04151704741505091
2026.01.07 03:23,99.40851,-0.7037012786882428,-0.683251590099275,-0.020449688588967785,-0.44815443408769795,-0.6200060645443931,0.17185163045669516,0.0,0.0,-0.7037012786882428,-0.6832515900992698,-0.020449688588973003
2026.01.07 03:24,99.39404,-0.6911136867957879,-0.6918364521111318,0.0007227653153438762,-0.38487823238759233,-0.572980498113033,0.18810226572544064,1.0,0.0,-0.6911136867957879,-0.6918364521111281,0.0007227653153402125
2026.01.07 03:25,99.39452,-0.6733373833268246,-0.6951925208681257,0.021855137541301084,-0.3191399030031903,-0.5222123790910644,0.20307247608787415,0.0,0.0,-0.6733373833268246,-0.6951925208681237,0.021855137541299086
2026.01.07 03:26,99.40998,-0.6505034431921359,-0.6933054994760102,0.042802056283874235,-0.25138963505854406,-0.4680478302845604,0.21665819522601631,0.0,0.0,-0.6505034431921359,-0.6933054994760082,0.042802056283872236
2026.01.07 03:27,99.44034,-0.6227785790616309,-0.68619725765055,0.06341867858891903,-0.18209310901835352,-0.41085688603131904,0.22876377701296552,0.0,0.0,-0.6227785790616309,-0.686197257650548,0.06341867858891703
2026.01.07 03:28,99.48545,-0.5903611091125214,-0.6739254628441438,0.08356435373162241,-0.1117230003753491,-0.3510301089001251,0.239307108524776,0.0,0.0,-0.5903611091125214,-0.6739254628441418,0.08356435373162041
2026.01.07 03:29,99.54502,-0.5534830217266204,-0.6565833264692651,0.10310030474264464,-0.04076222043134692,-0.28897653120636946,0.24821431077502254,0.0,0.0,-0.5534830217266204,-0.6565833264692631,0.10310030474264265
2026.01.07 03:30,99.61867,-0.5124072208205632,-0.6342990000112982,0.12189177919073502,0.0303017780519923,-0.2251208693546971,0.2554226474066894,0.0,0.0,-0.5124072208205632,-0.6342990000112962,0.12189177919073302
2026.01.07 03:31,99.70593,-0.46742501531500125,-0.6072345264488163,0.139809511133815,0.10098164641904361,-0.15990036619994896,0.2608820126189926,0.0,0.0,-0.46742501531500125,-0.6072345264488143,0.139809511133813
2026.01.07 03:32,99.80624,-0.41885382849081054,-0.5755848097602126,0.1567309812694021,0.17079390394567895,-0.0937615121708234,0.26455541611650235,0.0,0.0,-0.41885382849081054,-0.5755848097602106,0.1567309812694001
2026.01.07 03:33,99.91893,-0.36703670116712317,-0.5395762558014722,0.172539554634349,0.23925913370656815,-0.027157382995345092,0.26641651670191324,0.0,0.0,-0.36703670116712317,-0.5395762558014702,0.172539554634347
2026.01.07 03:34,100.04325,-0.3123392173532267,-0.4994653484710724,0.1871261311178457,0.30590675921551735,0.0394554454468274,0.26645131376868997,0.0,0.0,-0.31233921735321246,-0.4994653484710688,0.18712613111785636
2026.01.07 03:35,100.17839,-0.2551452432271901,-0.4555366595860784,0.2003914163588883,0.370281419576898,0.10562064027284152,0.26466077930405646,0.0,0.0,-0.2551452432271759,-0.45553665958607326,0.20039141635889735
2026.01.07 03:36,100.32343,-0.19585736898909545,-0.4081009695780189,0.21224360058892344,0.43194033105221763,0.17088457842871674,0.2610557526235009,0.0,0.0,-0.19585736898909545,-0.4081009695780138,0.21224360058891834
2026.01.07 03:37,100.47741,-0.1348914576174991,-0.3574932305230164,0.2226017729055173,0.4904614289829823,0.23479994853956984,0.2556614804434124,0.0,0.0,-0.1348914576174991,-0.3574932305230113,0.2226017729055122
2026.01.07 03:38,100.63929,-0.07267541357857965,-0.30407016295101186,0.2313947493724322,0.5454431507859852,0.29692858898885294,0.24851456179713222,0.0,0.0,-0.07267541357857965,-0.30407016295100675,0.2313947493724271
2026.01.07 03:39,100.80798,-0.009645687752325216,-0.2482077703878743,0.2385620826355491,0.5965082964703328,0.3568445304851489,0.23966376598518385,0.0,0.0,-0.009645687752325216,-0.2482077703878692,0.238562082635544
2026.01.07 03:40,100.98235,0.053756355989065696,-0.19029872913186688,0.24405508512093257,0.6433077377239869,0.41413717193291655,0.2291705657910703,0.0,0.0,0.05375635598907991,-0.1902987291318602,0.2440550851209401
2026.01.07 03:41,101.16121,0.11708574802590022,-0.1307498872966768,0.24783563532257702,0.6855196271342265,0.46841366297317855,0.217105964161048,0.0,0.0,0.11708574802591443,-0.1307498872966685,0.24783563532258293
2026.01.07 03:42,101.34337,0.1798997646014584,-0.06997916887794552,0.24987893347940393,0.722856788869322,0.5193022881524073,0.20355450071691472,0.0,0.0,0.1798997646014726,-0.06997916887793565,0.24987893347940826
2026.01.07 03:43,101.52758,0.24175770049853895,-0.008412844672193782,0.2501705451707327,0.7550625419550698,0.5664543389129398,0.18860820304213,0.0,0.0,0.24175770049855316,-0.008412844672183914,0.25017054517073706
2026.01.07 03:44,101.7126,0.3022262519791781,0.05351732146184713,0.24870893051733095,0.7819169755970279,0.6095468662497574,0.17237010934727048,0.0,0.0,0.3022262519791923,0.053517321461857,0.24870893051733528
2026.01.07 03:45,101.89717,0.3608812566779136,0.11537716875818146,0.24550408791973213,0.8032360951337978,0.6482847120265656,0.15495138310723222,0.0,0.0,0.3608812566779278,0.11537716875819291,0.24550408791973488
2026.01.07 03:46,102.08005,0.4173121434740352,0.1767331244350186,0.24057901903901663,0.8188759028117261,0.6824029501835976,0.13647295262812842,0.0,0.0,0.4173121434740352,0.17673312443503006,0.24057901903900517
2026.01.07 03:47,102.25999,0.47112287081033344,0.23715515603378673,0.2339677147765467,0.8287298292091663,0.7116683259887113,0.11706150322045494,0.0,0.0,0.47112287081033344,0.2371551560337982,0.23396771477653525
2026.01.07 03:48,102.43578,0.5219364848679788,0.29621984188048717,0.22571664298749167,0.8327329014352358,0.7358812410780162,0.0968516603572196,0.0,0.0,0.5219364848679788,0.29621984188049866,0.22571664298748018
2026.01.07 03:49,102.60621,0.5693952823790482,0.35351305592381854,0.2158822264552297,0.8308576808557859,0.7548765290335702,0.07598115182221576,0.0,0.0,0.5693952823790482,0.3535130559238284,0.21588222645521982
2026.01.07 03:50,102.77013,0.6131655051312777,0.40863302893552716,0.2045324761957505,0.8231187165766443,0.7685249665421849,0.05459375003445932,0.0,0.0,0.6131655051312777,0.4086330289355355,0.20453247619574216
2026.01.07 03:51,102.92643,0.6529391496792414,0.46119296061083637,0.19174618906840502,0.8095714070382769,0.7767342546414034,0.03283715239687346,0.0,0.0,0.6529391496792414,0.46119296061084314,0.19174618906839824
2026.01.07 03:52,103.07405,0.6884358894284475,0.5108238704919373,0.17761201893651013,0.7903112129397698,0.7794496463010768,0.010861566638692977,0.0,0.0,0.6884358894284475,0.5108238704919424,0.17761201893650502
2026.01.07 03:53,103.21198,0.7194042651359069,0.5571769830649073,0.16222728207099968,0.7654716818831702,0.7766540534174956,-0.011182371534325442,0.0,-1.0,0.7194042651359069,0.5571769830649108,0.16222728207099613
2026.01.07 03:54,103.33929,0.7456246818282466,0.5999262525260554,0.14569842930219123,0.7352259120126092,0.7683684251365184,-0.033142513123909145,0.0,0.0,0.7456246818282466,0.5999262525260574,0.14569842930218924
2026.01.07 03:55,103.45512,0.7669105959680564,0.638770525025391,0.12814007094266544,0.6997846557496956,0.7546516712591539,-0.05486701550945827,0.0,0.0,0.7669105959680564,0.638770525025393,0.12814007094266344
2026.01.07 03:56,103.55868,0.7831090689155786,0.6734356581481961,0.10967341076738257,0.6593935255535825,0.7356000421180396,-0.0762065165644571,0.0,0.0,0.7831090689155786,0.6734356581481981,0.10967341076738057
2026.01.07 03:57,103.64926,0.7941016153113196,0.7036762281974561,0.0904253871138635,0.6143310435902549,0.7113462424124827,-0.09701519882222776,0.0,0.0,0.7941016153113196,0.7036762281974581,0.0904253871138615
2026.01.07 03:58,103.72626,0.799806868295903,0.7292775155215511,0.0705293527743519,0.5649101322639467,0.6820590203827754,-0.11714888811882873,0.0,0.0,0.7998068682958888,0.7292775155215515,0.07052935277433725
2026.01.07 03:59,103.78915,0.8001790537590665,0.7500567987024165,0.05012225505665002,0.5114720099641801,0.6479416182990564,-0.1364696083348763,0.0,0.0,0.8001790537590523,0.7500567987024154,0.05012225505663692
2026.01.07 04:00,103.83752,0.7952103779394974,0.7658647129535561,0.029345664985941378,0.454387707865024,0.60923083621225,-0.15484312834722602,0.0,0.0,0.7952103779394832,0.7658647129535533,0.029345664985929942
2026.01.07 04:01,103.87104,0.7849292743436678,0.7765862001663584,0.008343074177309395,0.3940520707009938,0.5661950831099988,-0.17214301240900498,0.0,0.0,0.7849292743436536,0.776586200166354,0.008343074177299514
2026.01.07 04:02,103.88949,0.7694010105652467,0.7821413941029517,-0.012740383537705013,0.33088260746629317,0.5191325879812576,-0.18824998051496444,-1.0,0.0,0.7694010105652325,0.7821413941029457,-0.012740383537713229
2026.01.07 04:03,103.89275,0.7487269462309882,0.7824860901477008,-0.03375914391671253,0.2653160668475323,0.4683692837545126,-0.2030532169069803,0.0,0.0,0.748726946230974,0.7824860901476932,-0.03375914391671919
2026.01.07 04:04,103.8808,0.7230435403140376,0.7776119728528098,-0.054568432538772194,0.19780493854540282,0.41425641471269065,-0.21645147616728783,0.0,0.0,0.7230435403140234,0.7776119728528007,-0.0545684325387773
2026.01.07 04:05,103.85374,0.6925227688370796,0.7675468283996433,-0.07502405956256364,0.12881682845532794,0.3571684974612181,-0.22835166900589016,0.0,0.0,0.6925227688370654,0.7675468283996325,-0.07502405956256708
2026.01.07 04:06,103.81176,0.6573696542173764,0.752354388278094,-0.09498473406071761,0.05882876415412852,0.2975005507998002,-0.23867178664567168,0.0,0.0,0.6573696542173622,0.7523543882780817,-0.0949847340607195
2026.01.07 04:07,103.75516,0.6178215484131329,0.7321337971800084,-0.11431224876687551,-0.011674772908122577,0.23566548605821563,-0.2473402589663382,0.0,0.0,0.6178215484131186,0.7321337971799962,-0.11431224876687751
2026.01.07 04:08,103.68432,0.57414480969571,0.7070188811729687,-0.13287407147725872,-0.08220823983229764,0.172090740880113,-0.25429898071241064,0.0,0.0,0.5741448096956958,0.7070188811729565,-0.1328740714772607
2026.01.07 04:09,103.59975,0.5266358570288219,0.6771772677384492,-0.15054141070962734,-0.1522829768951084,0.10721599732506873,-0.2594989742201771,0.0,0.0,0.5266358570288077,0.677177267738437,-0.15054141070962934
2026.01.07 04:10,103.50204,0.4756176649732282,0.6428093111417337,-0.16719164616850546,-0.2214134962013219,0.041490098619790604,-0.2629035948211125,0.0,0.0,0.475617664973214,0.6428093111417215,-0.16719164616850746
2026.01.07 04:11,103.39186,0.42143671490148904,0.6041466116235383,-0.1827098967220493,-0.28912228292055886,-0.02463237768827929,-0.26448990523227955,0.0,0.0,0.42143671490147483,0.6041466116235262,-0.1827098967220514
2026.01.07 04:12,103.26998,0.3644619339062274,0.5614504991430094,-0.196988565236782,-0.35494056911915095,-0.09069401597445362,-0.26424655314469736,0.0,0.0,0.3644619339062132,0.5614504991429973,-0.1969885652367841
2026.01.07 04:13,103.13724,0.3050812145064583,0.5150102407199451,-0.20992902621348675,-0.41841334503762084,-0.15623788178708709,-0.26217546325053376,0.0,0.0,0.3050812145064583,0.5150102407199344,-0.2099290262134761
2026.01.07 04:14,102.99456,0.24369926951227683,0.4651409630171892,-0.22144169350491238,-0.479101476416389,-0.22081060071294747,-0.25829087570344156,0.0,0.0,0.24369926951227683,0.46514096301718016,-0.22144169350490334
2026.01.07 04:15,102.84293,0.18073496195829364,0.41218155276618,-0.23144659080788638,-0.5365845526992388,-0.28396539111020574,-0.252619161589033,0.0,0.0,0.18073496195827943,0.41218155276617097,-0.23144659080789154
2026.01.07 04:16,102.68339,0.11661745647344901,0.3564922092173263,-0.23987475274387726,-0.5904655413712305,-0.3452654211624107,-0.24520012020881982,0.0,0.0,0.1166174564734348,0.3564922092173172,-0.23987475274388242
2026.01.07 04:17,102.51705,0.05178468201695807,0.2984521950307983,-0.2466675130138402,-0.6403708616406902,-0.40428650925806664,-0.2360843523826236,0.0,0.0,0.05178468201694386,0.29845219503078924,-0.24666751301384537
2026.01.07 04:18,102.34507,-0.013319567850842873,0.23845714782194666,-0.25177671567278953,-0.6859529046442248,-0.46061978833529826,-0.2253331163089265,0.0,0.0,-0.013319567850857084,0.23845714782193758,-0.2517767156727947
2026.01.07 04:19,102.16862,-0.07825116455241243,0.17691616676354213,-0.2551673313159546,-0.7268969671185488,-0.5138752240919484,-0.21302174302660037,0.0,0.0,-0.07825116455242664,0.17691616676353306,-0.2551673313159597
2026.01.07 04:20,101.98892,-0.14256678972253667,0.11424911069420594,-0.2568159004167426,-0.7629196736197201,-0.5636841139975028,-0.19923555962221728,0.0,0.0,-0.14256678972255088,0.11424911069419687,-0.25681590041674773
2026.01.07 04:21,101.80723,-0.20582562095587775,0.0508838268206387,-0.25670944777651644,-0.7937685761180404,-0.6097010064216104,-0.18406756969643,0.0,0.0,-0.20582562095587775,0.05088382682063121,-0.25670944777650895
2026.01.07 04:22,101.62479,-0.2675954104297915,-0.012746909283389049,-0.25484850114640245,-0.8192296181608043,-0.6516067287694493,-0.16762288939135506,0.0,0.0,-0.2675954104297915,-0.01274690928339655,-0.25484850114639496
2026.01.07 04:23,101.44286,-0.3274539587591505,-0.07620837909132543,-0.25124557966782507,-0.8391256322329781,-0.689110509462155,-0.15001512277082307,0.0,0.0,-0.3274539587591647,-0.0762083790913345,-0.25124557966783023
2026.01.07 04:24,101.2627,-0.38499175065527425,-0.13906690271505517,-0.24592484794021907,-0.8533171032276954,-0.7219518282152632,-0.13136527501243223,0.0,0.0,-0.38499175065528846,-0.13906690271506428,-0.24592484794022418
2026.01.07 04:25,101.08555,-0.43981547079432914,-0.20089278352258608,-0.23892268727174307,-0.8617044379691947,-0.7499023501660494,-0.11180208780314527,0.0,0.0,-0.43981547079434336,-0.20089278352259518,-0.23892268727174817
2026.01.07 04:26,100.91265,-0.49154897835862243,-0.26126319023098393,-0.2302857881276385,-0.8642255061473776,-0.772766981362315,-0.09145852478506256,0.0,0.0,-0.49154897835863665,-0.261263190230993,-0.23028578812764366
2026.01.07 04:27,100.74518,-0.5398386611698527,-0.3197653117108739,-0.22007334945897877,-0.8608612476648574,-0.7903858346228235,-0.07047541304203386,0.0,0.0,-0.5398386611698669,-0.31976531171088296,-0.22007334945898394
2026.01.07 04:28,100.5843,-0.5843541829032262,-0.3759989804165199,-0.20835520248670625,-0.8516325094843182,-0.8026351695951226,-0.048997339889195635,0.0,0.0,-0.5843541829032404,-0.37599898041652896,-0.2083552024867114
2026.01.07 04:29,100.43112,-0.6247911964219242,-0.4295794700497852,-0.19521172637213896,-0.8366007499905521,-0.8094282856742085,-0.02717246431634357,0.0,0.0,-0.6247911964219384,-0.42957947004979424,-0.19521172637214412
2026.01.07 04:30,100.2867,-0.6608731734360305,-0.4801403092142466,-0.18073286422178386,-0.8158671186707238,-0.8107160522735116,-0.0051510663972121895,0.0,0.0,-0.6608731734360447,-0.4801403092142572,-0.18073286422178747
2026.01.07 04:31,100.15205,-0.6923525209720225,-0.527335543718939,-0.1650169772530835,-0.7895703942319585,-0.8064869206652011,0.016916526433242596,0.0,1.0,-0.6923525209720367,-0.5273355437189511,-0.16501697725308562
2026.01.07 04:32,100.02809,-0.7190143172355761,-0.5708422502163196,-0.14817206701925645,-0.7578898111366499,-0.7967674987594909,0.03887768762284105,0.0,0.0,-0.7190143172355903,-0.5708422502163317,-0.14817206701925856
2026.01.07 04:33,99.91568,-0.7406764730861113,-0.6103627749308571,-0.13031369815525418,-0.7210412453199098,-0.7816222480715748,0.060581002751665,0.0,0.0,-0.7406764730861255,-0.6103627749308692,-0.13031369815525629
2026.01.07 04:34,99.8156,-0.7571910798284307,-0.6456267314902018,-0.11156434833822892,-0.6792759435963944,-0.7611529871765388,0.08187704358014436,0.0,0.0,-0.7571910798284449,-0.6456267314902138,-0.11156434833823115
2026.01.07 04:35,99.72855,-0.7684450756541423,-0.6763929645230373,-0.09205211113110501,-0.6328781941575414,-0.7354980285727393,0.10261983441519784,0.0,0.0,-0.7684450756541565,-0.6763929645230493,-0.09205211113110723
2026.01.07 04:36,99.65513,-0.7743619661084153,-0.7024511095162109,-0.07191085659220442,-0.5821651294455847,-0.7048314487473084,0.12266631930172367,0.0,0.0,-0.7743619661084296,-0.702451109516223,-0.07191085659220653
2026.01.07 04:37,99.59586,-0.7749011598704953,-0.7236229958459075,-0.05127816402458785,-0.5274823244785978,-0.6693616238935662,0.14187929941496846,0.0,0.0,-0.7749011598705096,-0.7236229958459196,-0.051278164024589956
2026.01.07 04:38,99.55114,-0.7700602300844253,-0.7397639995861854,-0.030296230498239818,-0.4692050721711638,-0.6293303135490858,0.16012524137792195,0.0,0.0,-0.7700602300844395,-0.7397639995861974,-0.03029623049824204
2026.01.07 04:39,99.5213,-0.759872262530294,-0.7507638983744369,-0.00910836415585714,-0.4077308012037548,-0.5850104110800196,0.1772796098762648,0.0,0.0,-0.7598722625303083,-0.750763898374449,-0.00910836415585925
2026.01.07 04:40,99.50654,-0.7444081596029122,-0.7565478582223135,0.01213969861940134,-0.343481121468983,-0.5367045531578123,0.19322343168882927,1.0,0.0,-0.7444081596029406,-0.7565478582223272,0.012139698619386574
2026.01.07 04:41,99.50698,-0.7237740258609193,-0.7570767147362405,0.033302688875321174,-0.27689490782110227,-0.4847426240904703,0.20784771626936804,0.0,0.0,-0.7237740258609477,-0.7570767147362558,0.03330268887530807
2026.01.07 04:42,99.52262,-0.6981119093865971,-0.7523473187696278,0.05423540938303073,-0.2084280950764139,-0.4294797182876591,0.22105162321124516,0.0,0.0,-0.6981119093866113,-0.7523473187696431,0.05423540938303184
2026.01.07 04:43,99.55336,-0.6675983775689645,-0.7423925740741315,0.07479419650516705,-0.13854963748445925,-0.3712937021270191,0.23274406464255987,0.0,0.0,-0.6675983775689929,-0.7423925740741484,0.07479419650515551
2026.01.07 04:44,99.599,-0.6324430078819887,-0.7272812332105589,0.09483822532857022,-0.06773775191942377,-0.3105825120855001,0.2428447601660763,0.0,0.0,-0.6324430078820171,-0.7272812332105774,0.09483822532856023
2026.01.07 04:45,99.65923,-0.5928876269832983,-0.7071174177522126,0.11422979076891426,0.00352211454557505,-0.24776158675928506,0.2512837013048601,0.0,0.0,-0.5928876269833268,-0.7071174177522326,0.11422979076890583
2026.01.07 04:46,99.73365,-0.5492037516127084,-0.6820399279457918,0.13283617633308342,0.0747423020268343,-0.1832608090020612,0.2580031110288955,0.0,0.0,-0.5492037516127368,-0.6820399279458135,0.13283617633307665
2026.01.07 04:47,99.82176,-0.5016910429706485,-0.6522211293775944,0.15053008640694587,0.14543562302618795,-0.1175215225964114,0.26295714562259936,0.0,0.0,-0.5016910429706769,-0.6522211293776176,0.15053008640694066
2026.01.07 04:48,99.92297,-0.4506749773055674,-0.6178658754637358,0.16719089815816846,0.21511916682470655,-0.05099338471218781,0.2661125515368944,0.0,0.0,-0.4506749773055674,-0.6178658754637575,0.1671908981581901
2026.01.07 04:49,100.03657,-0.3965071198493746,-0.5792102043800095,0.18270308453063488,0.2833130958823631,0.01586791140672237,0.2674451844756407,0.0,0.0,-0.3965071198493746,-0.5792102043800279,0.18270308453065331
2026.01.07 04:50,100.16182,-0.33955786264182564,-0.5365195195778879,0.19696165693606227,0.3495529662228307,0.08260492236994404,0.2669480438528867,0.0,0.0,-0.33955786264183985,-0.5365195195779049,0.19696165693606504
2026.01.07 04:51,100.29785,-0.28021849744911265,-0.49008691825150075,0.2098684208023881,0.4133841518765564,0.14876076827126652,0.2646233836052899,0.0,0.0,-0.28021849744912686,-0.4900869182515177,0.20986842080239082
2026.01.07 04:52,100.44375,-0.2188954221847439,-0.44023103431992067,0.22133561213517677,0.47437087952816626,0.21388279052264647,0.2604880890055198,0.0,0.0,-0.2188954221847581,-0.44023103431993604,0.22133561213517794
2026.01.07 04:53,100.59852,-0.156009418234774,-0.3872939688035635,0.2312845505687895,0.5320952944784807,0.2775252913138133,0.2545700031646674,0.0,0.0,-0.1560094182347882,-0.38729396880357725,0.23128455056878905
2026.01.07 04:54,100.76111,-0.0919917294621655,-0.33163886907899315,0.23964713961682765,0.5861623405682366,0.33925270116469797,0.2469096394035386,0.0,0.0,-0.0919917294621797,-0.33163886907900536,0.23964713961682566
2026.01.07 04:55,100.93042,-0.027280870971253535,-0.2736474378966093,0.24636656692535575,0.6362028347814004,0.39864272788803845,0.23756010689336193,0.0,0.0,-0.027280870971267746,-0.27364743789661994,0.2463665669253522
2026.01.07 04:56,101.10531,0.037680751732139584,-0.2137172384851884,0.251397990217328,0.6818765718782629,0.4552894966860834,0.22658707519217952,0.0,0.0,0.03768075173211116,-0.21371723848519902,0.2513979902173102
2026.01.07 04:57,101.28457,0.10244714271934185,-0.15225922514908735,0.2547063678684292,0.7228696605429121,0.5088055294574492,0.21406413108546296,0.0,0.0,0.10244714271929922,-0.15225922514910273,0.25470636786840195
2026.01.07 04:58,101.467,0.16657537334783967,-0.08969450368273021,0.2562698770305699,0.7589034643849999,0.5588251164429594,0.2000783479420405,0.0,0.0,0.16657537334778283,-0.08969450368275192,0.2562698770305347
2026.01.07 04:59,101.65135,0.229625977135413,-0.026451854818592593,0.2560778319540056,0.7897314726734521,0.605006387689058,0.1847250849843941,0.0,0.0,0.22962597713537036,-0.02645185481861745,0.2560778319539878
2026.01.07 05:00,101.83638,0.291168006004483,0.03703553445402914,0.2541324715504539,0.8151448238472909,0.6470340749207046,0.16811074892658628,0.0,0.0,0.29116800600444037,0.03703553445400113,0.2541324715504392
2026.01.07 05:01,102.02084,0.3507812992095438,0.10033294794228333,0.2504483512672605,0.8349723018329769,0.6846217203031592,0.15035058152981773,0.0,0.0,0.3507812992095012,0.10033294794225217,0.250448351267249
2026.01.07 05:02,102.20347,0.408058138054443,0.16300712086330743,0.2450510171911356,0.8490792811420249,0.7175132324709323,0.13156604867109256,0.0,0.0,0.4080581380544004,0.16300712086327312,0.24505101719112726
2026.01.07 05:03,102.38303,0.46260679369582647,0.2246291789919732,0.23797761470385326,0.8573701775228244,0.7454846214813108,0.11188555604151362,0.0,0.0,0.46260679369578384,0.22462917899193574,0.2379776147038481
2026.01.07 05:04,102.55833,0.5140565177032101,0.28477777773358026,0.22927873996962989,0.8597932075070531,0.7683463386864593,0.09144686882059383,0.0,0.0,0.5140565177031675,0.2847777777335396,0.2292787399696279
2026.01.07 05:05,102.72816,0.5620556289032805,0.34304165297481815,0.2190139759284624,0.8563324080142394,0.7859435525520153,0.07038885546222406,0.0,0.0,0.5620556289032379,0.34304165297477596,0.21901397592846195
2026.01.07 05:06,102.89138,0.6062769766651144,0.39902274563545953,0.20725423102965485,0.8470136548952638,0.798157573020665,0.04885608187459878,0.0,0.0,0.6062769766650717,0.39902274563541734,0.2072542310296544
2026.01.07 05:07,103.04691,0.646421143980902,0.45233894237246647,0.19408220160843553,0.8319060169297927,0.8049072618024906,0.0269987551273021,0.0,0.0,0.6464211439808736,0.45233894237242744,0.19408220160844614
2026.01.07 05:08,103.19368,0.682214652345337,0.5026265729513469,0.17958807939399002,0.8111141242539048,0.8061486342927735,0.004965489961131331,0.0,0.0,0.6822146523453085,0.5026265729513094,0.17958807939399912
2026.01.07 05:09,103.33072,0.7134154392138328,0.5495429544190524,0.16387248479478034,0.784784303310559,0.8018757680963307,-0.017091464785771615,0.0,-1.0,0.7134154392138043,0.5495429544190166,0.16387248479478778
2026.01.07 05:10,103.45711,0.7398128028377187,0.5927686770444052,0.1470441257933135,0.7531002275946577,0.792120659995996,-0.039020432401338345,0.0,0.0,0.7398128028376902,0.5927686770443709,0.14704412579331938
2026.01.07 05:11,103.57202,0.7612301925391876,0.632010016431599,0.1292201761075885,0.7162841155403328,0.7769533511048634,-0.06066923556453063,0.0,0.0,0.7612301925391733,0.6320100164315678,0.1292201761076055
2026.01.07 05:12,103.67467,0.7775238147549999,0.667000796549285,0.11052301820571486,0.6745903873503778,0.7564807583539663,-0.08189037100358854,0.0,0.0,0.7775238147549857,0.667000796549257,0.11052301820572863
2026.01.07 05:13,103.7644,0.7885867516505272,0.6975041558767647,0.09108259577376243,0.6283098110788075,0.7308465688989346,-0.10253675782012717,0.0,0.0,0.788586751650513,0.6975041558767399,0.09108259577377309
2026.01.07 05:14,103.84061,0.7943469813931614,0.7233143061534182,0.07103267523974321,0.5777623748633687,0.7002297300918214,-0.12246735522845276,0.0,0.0,0.7943469813931472,0.7233143061533964,0.07103267523975076
2026.01.07 05:15,103.90282,0.7947702157340473,0.7442579993832996,0.05051221635074765,0.5232995000567655,0.6648436840848102,-0.1415441840280447,0.0,0.0,0.7947702157340331,0.744257999383281,0.05051221635075209
2026.01.07 05:16,103.95063,0.7898585022890501,0.7601954836397605,0.029663018649289552,0.4652984937253848,0.6249346460129253,-0.15963615228754047,0.0,0.0,0.7898585022890359,0.7601954836397434,0.02966301864929244
2026.01.07 05:17,103.98374,0.7796503108174591,0.7710216679144407,0.008628642903018346,0.40416025037320935,0.5807797668849821,-0.17661951651177277,0.0,0.0,0.7796503108174448,0.7710216679144253,0.008628642903019568
2026.01.07 05:18,104.00197,0.7642217811936405,0.7766668170233082,-0.012445035829667717,0.3403092588063146,0.5326856652692487,-0.19237640646293408,-1.0,0.0,0.7642217811936263,0.7766668170232944,-0.01244503582966816
2026.01.07 05:19,104.00522,0.7436840809904481,0.7770969590402781,-0.03341287804982995,0.2741867005458971,0.48098587232457835,-0.20679917177868123,0.0,0.0,0.7436840809904339,0.7770969590402659,-0.03341287804983195
2026.01.07 05:20,103.99352,0.718184924637626,0.7723141514956602,-0.05412922685803423,0.20625168498035862,0.4260390348557344,-0.2197873498753758,0.0,0.0,0.7181849246376117,0.772314151495648,-0.05412922685803623
2026.01.07 05:21,103.96698,0.6879053585533512,0.7623565452510326,-0.07445118669768136,0.1369739353199293,0.3682260149485734,-0.23125207962864408,0.0,0.0,0.687905358553337,0.7623565452510204,-0.07445118669768336
2026.01.07 05:22,103.92582,0.6530592556833028,0.7472979345880076,-0.09423867890470483,0.0668320790899628,0.3079472277768513,-0.2411151486868885,0.0,0.0,0.6530592556832886,0.7472979345879954,-0.09423867890470683
2026.01.07 05:23,103.87037,0.6138925453927158,0.7272474416990692,-0.11335489630635343,-0.003688365359664658,0.24562010914954813,-0.24930847450921279,0.0,0.0,0.6138925453927015,0.727247441699057,-0.11335489630635542
2026.01.07 05:24,103.80105,0.5706806493485885,0.7023486009895737,-0.13166795164098521,-0.07409998200304813,0.1816760909190289,-0.25577607292207705,0.0,0.0,0.5706806493485743,0.7023486009895615,-0.1316679516409872
2026.01.07 05:25,103.71839,0.5237277319425431,0.6727785153955174,-0.1490507834529743,-0.14391470123726435,0.11655793248777024,-0.2604726337250346,0.0,0.0,0.5237277319425289,0.6727785153955053,-0.1490507834529764
2026.01.07 05:26,103.62299,0.47336259457948415,0.6387465469246313,-0.16538395234514713,-0.2126508831488394,0.050716169360448315,-0.2633670525092877,0.0,0.0,0.47336259457946994,0.6387465469246192,-0.16538395234514924
2026.01.07 05:27,103.51557,0.4199391667926875,0.6004929231023032,-0.18055375630961568,-0.27983149006276165,-0.015393362524193675,-0.264438127538568,0.0,0.0,0.4199391667926733,0.6004929231022911,-0.18055375630961779
2026.01.07 05:28,103.3969,0.3638310206145263,0.5582870275049785,-0.19445600689045217,-0.34499309285808977,-0.0813133085909729,-0.26367978426711686,0.0,0.0,0.3638310206145121,0.5582870275049664,-0.19445600689045428
2026.01.07 05:29,103.26786,0.3054316351972801,0.5124255509004956,-0.20699391570321546,-0.40768370747008476,-0.1465873883667953,-0.26109631910328945,0.0,0.0,0.3054316351972801,0.5124255509004851,-0.20699391570320502
2026.01.07 05:30,103.12938,0.24514959095075994,0.46323046561131875,-0.2180808746605588,-0.46746990043384073,-0.2107638907802044,-0.2567060096536363,0.0,0.0,0.24514959095075994,0.46323046561130987,-0.21808087466054993
2026.01.07 05:31,102.98246,0.18340622761287761,0.41104679582571596,-0.22764056821283835,-0.5239387640346109,-0.2733988654310857,-0.2505398986035252,0.0,0.0,0.18340622761287761,0.41104679582570863,-0.22764056821283102
2026.01.07 05:32,102.82818,0.12063446172008696,0.35624034208431277,-0.2356058803642258,-0.5766976557256527,-0.33405862348999915,-0.24263903223565353,0.0,0.0,0.12063446172008696,0.356240342084307,-0.23560588036422003
2026.01.07 05:33,102.66764,0.0572729418699538,0.29919504125335333,-0.24192209938339954,-0.6253822674005391,-0.39232335227210713,-0.23305891512843202,0.0,0.0,0.0572729418699538,0.29919504125334917,-0.24192209938339537
2026.01.07 05:34,102.502,-0.006235404928531807,0.24031024826767836,-0.24654565319621016,-0.6696560421357987,-0.4477898902448455,-0.22186615189095316,0.0,0.0,-0.006235404928531807,0.24031024826767577,-0.24654565319620758
2026.01.07 05:35,102.33247,-0.0694453586318673,0.17999825346641707,-0.24944361209828436,-0.7092106414177266,-0.5000740404794217,-0.20913660093830488,0.0,0.0,-0.0694453586318673,0.17999825346641607,-0.24944361209828336
2026.01.07 05:36,102.16026,-0.13191497639222405,0.11868112644587134,-0.2505961028380954,-0.7437727495287447,-0.5488137822892863,-0.19495896723945838,0.0,0.0,-0.13191497639222405,0.11868112644587193,-0.25059610283809597
2026.01.07 05:37,101.98662,-0.19320672846781406,0.056788043214500185,-0.24999477168231424,-0.7731022901419209,-0.5936714838598133,-0.1794308062821076,0.0,0.0,-0.19320672846779985,0.05678804321450394,-0.24999477168230377
2026.01.07 05:38,101.81281,-0.25289073105160753,-0.005247775257598446,-0.24764295579400908,-0.7969945991835488,-0.6343361069245604,-0.16265849225898832,0.0,0.0,-0.2528907310515933,-0.0052477752575931114,-0.2476429557940002
2026.01.07 05:39,101.64008,-0.31054878742295955,-0.06699203952134505,-0.2435567479016145,-0.8152838192166172,-0.6705256493829719,-0.1447581698336453,0.0,0.0,-0.31054878742294534,-0.06699203952133814,-0.2435567479016072
2026.01.07 05:40,101.46968,-0.3657766231848427,-0.1280123562766473,-0.2377642669081954,-0.8278427453473398,-0.7019890685758454,-0.1258536767714944,0.0,0.0,-0.3657766231848427,-0.1280123562766404,-0.23776426690820232
2026.01.07 05:41,101.30286,-0.4181854788594279,-0.18788123856326008,-0.23030424029616783,-0.8345815837094506,-0.7285075716025665,-0.10607401210688405,0.0,0.0,-0.4181854788594279,-0.18788123856325317,-0.23030424029617474
2026.01.07 05:42,101.14081,-0.4674079671644904,-0.246179117344865,-0.2212288498196254,-0.8354544364714798,-0.7498969445763493,-0.08555749189513051,0.0,0.0,-0.4674079671644904,-0.2461791173448581,-0.2212288498196323
2026.01.07 05:43,100.98473,-0.5130968344443545,-0.3024970539577342,-0.2105997804866203,-0.830452509531213,-0.766008057567322,-0.06444445196389093,0.0,0.0,-0.5130968344443545,-0.30249705395772725,-0.21059978048662725
2026.01.07 05:44,100.83576,-0.5549293448836465,-0.35643971909682076,-0.19848962578682577,-0.819608078028665,-0.7767280616595907,-0.042880016369074236,0.0,0.0,-0.5549293448836323,-0.35643971909681227,-0.19848962578682006
2026.01.07 05:45,100.695,-0.5926088405852568,-0.40762792622937993,-0.18498091435587682,-0.8029930199360393,-0.7819810533148805,-0.021011966621158784,0.0,0.0,-0.5926088405852568,-0.40762792622937144,-0.18498091435588532
2026.01.07 05:46,100.56347,-0.6258688575527742,-0.4557014961277088,-0.1701673614250654,-0.7807220651288844,-0.7817292556776814,0.0010071905487969435,0.0,1.0,-0.6258688575527742,-0.45570149612770194,-0.17016736142507227
2026.01.07 05:47,100.44216,-0.6544720177688959,-0.5003216390962965,-0.1541503786725994,-0.7529464397437238,-0.7759726924908898,0.023026252747166076,0.0,0.0,-0.6544720177688959,-0.5003216390962911,-0.15415037867260473
2026.01.07 05:48,100.33198,-0.6782128183055391,-0.5411731980832497,-0.13703962022228944,-0.7198551493592049,-0.7647491838645529,0.04489403450534801,0.0,0.0,-0.6782128183055391,-0.5411731980832459,-0.1370396202222932
2026.01.07 05:49,100.23375,-0.6969202509960013,-0.5779669345067118,-0.11895331648928953,-0.6816758256701263,-0.7481345122256677,0.06645868655554144,0.0,0.0,-0.6969202509960013,-0.577966934506708,-0.1189533164892933
2026.01.07 05:50,100.14824,-0.7104562708988453,-0.6104414669555359,-0.10001480394330942,-0.6386681307488686,-0.7262412359303079,0.08757310518143924,0.0,0.0,-0.7104562708988453,-0.6104414669555323,-0.10001480394331308
2026.01.07 05:51,100.0761,-0.7187198047725758,-0.6383650044675454,-0.0803548003050304,-0.5911277276051692,-0.6992185342652801,0.10809080666011095,0.0,0.0,-0.7187198047725758,-0.6383650044675417,-0.08035480030503406
2026.01.07 05:52,100.01791,-0.7216454816848028,-0.6615370763831507,-0.06010840530165207,-0.5393804502089097,-0.667250917454006,0.12787046724509632,0.0,0.0,-0.7216454816848028,-0.6615370763831471,-0.06010840530165573
2026.01.07 05:53,99.97415,-0.719204624773468,-0.6797898852597976,-0.03941473951367047,-0.483781138569654,-0.6305569616771356,0.1467758231074816,0.0,0.0,-0.719204624773468,-0.6797898852597954,-0.03941473951367258
2026.01.07 05:54,99.94521,-0.711404812381133,-0.6929894376815616,-0.01841537469957133,-0.4247100637494867,-0.5893875820916058,0.16467751834211908,0.0,0.0,-0.711404812381133,-0.6929894376815595,-0.01841537469957344
2026.01.07 05:55,99.93135,-0.6982923119326472,-0.7010364881682142,0.0027441762355669974,-0.36257483784146416,-0.5440250332415775,0.1814501954001133,1.0,0.0,-0.6982923119326472,-0.7010364881682121,0.002744176235564888
2026.01.07 05:56,99.93277,-0.6799479618726281,-0.7038671486241844,0.023919186751556354,-0.29780048750888,-0.49478012409503797,0.19697963658615797,0.0,0.0,-0.6799479618726281,-0.7038671486241823,0.023919186751554244
2026.01.07 05:57,99.94954,-0.6564891353370399,-0.7014534060721289,0.04496427073508902,-0.23083141097433213,-0.44199038147089686,0.21115897049656474,0.0,0.0,-0.6564891353370399,-0.7014534060721268,0.04496427073508691
2026.01.07 05:58,99.98162,-0.6280692668508863,-0.6938032967226717,0.06573402987178545,-0.16212877480708698,-0.38601806013813494,0.22388928533104796,0.0,0.0,-0.6280692668508863,-0.6938032967226696,0.06573402987178334
2026.01.07 05:59,100.02888,-0.5948754751098875,-0.6809609860794542,0.08608551096956674,-0.09216481229783824,-0.3272474105700756,0.23508259827223738,0.0,0.0,-0.5948754751098875,-0.6809609860794521,0.08608551096956463
2026.01.07 06:00,100.0911,-0.5571263166220888,-0.6630061540627334,0.10587983744064466,-0.021417974516921845,-0.26608152335944485,0.244663548842523,0.0,0.0,-0.5571263166220746,-0.6630061540627297,0.1058798374406551
2026.01.07 06:01,100.16792,-0.5150736560789824,-0.64005372899542,0.12498007291643765,0.04962410519058835,-0.20294039764943822,0.2525645028400266,0.0,0.0,-0.5150736560789682,-0.6400537289954147,0.12498007291644653
2026.01.07 06:02,100.25891,-0.46899816811979633,-0.6122530115894564,0.1432548434696601,0.12047329524956751,-0.13825765906963708,0.25873095431920456,0.0,0.0,-0.4689981681197821,-0.6122530115894497,0.14325484346966755
2026.01.07 06:03,100.36354,-0.41920787791680425,-0.5797866855378644,0.16057880762106014,0.19064331295311376,-0.07247746466508692,0.2631207776182007,0.0,0.0,-0.41920787791677583,-0.5797866855378544,0.16057880762107857
2026.01.07 06:04,100.48118,-0.36603670607208016,-0.5428693959978014,0.1768326899257212,0.25965183401413583,-0.006051604929242366,0.2657034389433782,0.0,0.0,-0.36603670607206595,-0.5428693959977898,0.17683268992572387
2026.01.07 06:05,100.61112,-0.3098414380333878,-0.5017464489045524,0.19190501087116463,0.32702519059874646,0.0605637541763554,0.26646143642239106,0.0,0.0,-0.3098414380333736,-0.5017464489045393,0.19190501087116574
2026.01.07 06:06,100.75255,-0.25100068457817315,-0.4566921765980117,0.20569149201983855,0.39229904679882566,0.12691081270084947,0.2653882340979762,0.0,0.0,-0.25100068457817315,-0.45669217659799854,0.2056914920198254
2026.01.07 06:07,100.90461,-0.18990983005255657,-0.4080077947315306,0.21809796467897402,0.45502614475438463,0.1925338791115565,0.2624922656428281,0.0,0.0,-0.18990983005255657,-0.4080077947315175,0.21809796467896092
2026.01.07 06:08,101.06634,-0.12698087189086493,-0.3560195054849725,0.2290386335941076,0.5147745474502301,0.2569820127792912,0.2577925346709389,0.0,0.0,-0.12698087189086493,-0.3560195054849594,0.2290386335940945
2026.01.07 06:09,101.23673,-0.0626381169563075,-0.3010763721887746,0.2384382552324671,0.5711334623559878,0.31981230269463057,0.25132115966135726,0.0,0.0,-0.0626381169563075,-0.3010763721887631,0.2384382552324556
2026.01.07 06:10,101.41471,0.0026845328295337367,-0.2435476845322728,0.24623221736180653,0.623715629599431,0.3805929680755907,0.24312266152384038,0.0,0.0,0.0026845328295337367,-0.2435476845322629,0.24623221736179662
2026.01.07 06:11,101.59916,0.0685466141964497,-0.18382048649713434,0.25236710069358403,0.6721600475525946,0.43890638397099146,0.23325366358160315,0.0,0.0,0.0685466141964497,-0.183820486497126,0.2523671006935757
2026.01.07 06:12,101.78891,0.13450355413695547,-0.1222969940467166,0.25680054818367204,0.7161333997978829,0.49435178713636974,0.2217816126615132,0.0,0.0,0.13450355413695547,-0.12229699404671142,0.2568005481836669
2026.01.07 06:13,101.98276,0.20011023296058283,-0.05939177859864293,0.25950201155922575,0.755333330080731,0.546548095725242,0.208785234355489,0.0,0.0,0.20011023296058283,-0.05939177859863934,0.25950201155922215
2026.01.07 06:14,102.17949,0.264924579811435,0.004471112273004049,0.26045346753843096,0.7894914437436853,0.5951367653289307,0.19435467841475462,0.0,0.0,0.264924579811435,0.004471112273006068,0.26045346753842896
2026.01.07 06:15,102.37784,0.32850875948305713,0.06886105050202963,0.2596477089810275,0.8183717413793659,0.6397837605390178,0.1785879808403481,0.0,0.0,0.32850875948307134,0.06886105050203323,0.2596477089810381
2026.01.07 06:16,102.57656,0.39043404259348335,0.1333437030182563,0.2570903395752271,0.8417757931160708,0.6801821670544284,0.1615936260616424,0.0,0.0,0.39043404259349757,0.13334370301826148,0.2570903395752361
2026.01.07 06:17,102.7744,0.4502837197587155,0.19748421320154302,0.2527995065571725,0.859543897221954,0.7160545130879334,0.14348938413402057,0.0,0.0,0.4502837197587297,0.19748421320154977,0.25279950655718
2026.01.07 06:18,102.97009,0.5076536523553159,0.26084996534727894,0.24680368700803695,0.871551956123497,0.7471540016950462,0.12439795442845081,0.0,0.0,0.5076536523553301,0.26084996534728727,0.24680368700804284
2026.01.07 06:19,103.16242,0.5621589425394831,0.3230137886483844,0.23914515389109864,0.877719579883788,0.7732671173327945,0.1044524625509935,0.0,0.0,0.5621589425395115,0.3230137886483959,0.23914515389111557
2026.01.07 06:20,103.35017,0.6134333557317575,0.3835567599300853,0.2298765958016722,0.8780044619887519,0.794214586263986,0.08378987572476593,0.0,0.0,0.6134333557317859,0.38355675993009997,0.22987659580168596
2026.01.07 06:21,103.53216,0.661132644064935,0.4420711032554164,0.21906154080951862,0.8724043332662319,0.8098525356644352,0.06255179760179674,0.0,0.0,0.6611326440649634,0.44207110325543414,0.21906154080952928
2026.01.07 06:22,103.70725,0.7049368996642755,0.4981629551113822,0.20677394455289333,0.8609569989863814,0.8200734283288245,0.04088357065755699,0.0,0.0,0.7049368996642897,0.4981629551114016,0.20677394455288817
2026.01.07 06:23,103.87437,0.7445545141689962,0.5514551700400001,0.1930993441289961,0.8437432403522109,0.8248073907335018,0.01893584961870909,0.0,0.0,0.7445545141690104,0.5514551700400211,0.19309934412898933
2026.01.07 06:24,104.03247,0.7797209698160685,0.6015898600770013,0.1781311097390672,0.8208802513182292,0.8240219628504473,-0.0031417115322180944,0.0,-1.0,0.7797209698160827,0.6015898600770223,0.17813110973906043
2026.01.07 06:25,104.18059,0.8102031676043282,0.6482308739670952,0.16197229363723298,0.7925256457022556,0.817722699420809,-0.025197053718553408,0.0,0.0,0.8102031676043424,0.6482308739671162,0.1619722936372262
2026.01.07 06:26,104.31782,0.8357992693745899,0.6910659350355257,0.1447333343390642,0.7588730741647538,0.805952774369598,-0.0470797002048442,0.0,0.0,0.8357992693745757,0.6910659350355436,0.14473333433903213
2026.01.07 06:27,104.44336,0.8563430041589726,0.7298091963470431,0.12653380781192947,0.7201562581897889,0.7887934711336363,-0.06863721294384739,0.0,0.0,0.8563430041589584,0.7298091963470578,0.1265338078119006
2026.01.07 06:28,104.55646,0.8717018504526237,0.7642028527818365,0.10749899767078719,0.6766417249629058,0.7663631218994903,-0.08972139693658454,0.0,0.0,0.8717018504526095,0.7642028527818465,0.10749899767076299
2026.01.07 06:29,104.65646,0.8817784183413409,0.794018970849568,0.08775944749177289,0.6286280390028622,0.7388161053201647,-0.11018806631730249,0.0,0.0,0.8817784183413266,0.7940189708495732,0.08775944749175346
2026.01.07 06:30,104.7428,0.8865119297260549,0.8190611137008035,0.06745081602525138,0.5764452924144763,0.7063419427390271,-0.12989665032455078,0.0,0.0,0.8865119297260406,0.819061113700804,0.06745081602523662
2026.01.07 06:31,104.81501,0.8858781630932526,0.8391656985262453,0.046712464567007284,0.5204519289140563,0.6691639399740329,-0.14871201105997656,0.0,0.0,0.8858781630932526,0.8391656985262443,0.04671246456700828
2026.01.07 06:32,104.87273,0.8798905890864432,0.8542030401837395,0.02568754890270375,0.46103403130015863,0.6275379582392581,-0.16650392693909943,0.0,0.0,0.8798905890864432,0.8542030401837368,0.025687548902706414
2026.01.07 06:33,104.91569,0.8685992352168768,0.8640784030060515,0.004520832210825221,0.3986006570205518,0.5817504979955168,-0.183149840974965,0.0,0.0,0.8685992352168768,0.8640784030060473,0.00452083221082944
2026.01.07 06:34,104.94372,0.852090177510334,0.86873251521783,-0.016642337707496013,0.3335807999829967,0.5321165583930128,-0.19853575841001603,-1.0,0.0,0.8520901775103482,0.8687325152178258,-0.016642337707477584
2026.01.07 06:35,104.95676,0.8304855291361406,0.86814209963578,-0.03765657049963944,0.26642155942623447,0.4789775585996571,-0.21255599917342266,0.0,0.0,0.8304855291361406,0.8681420996357774,-0.03765657049963678
2026.01.07 06:36,104.95485,0.8039422230978204,0.8623197906289853,-0.058377567531164964,0.19758435959481346,0.42269891879868843,-0.22511455920387496,0.0,0.0,0.8039422230978204,0.8623197906289843,-0.058377567531163965
2026.01.07 06:37,104.93815,0.7726522571350642,0.8513142802603676,-0.07866202312530335,0.1275441661481551,0.36366796826858183,-0.23612380212042672,0.0,0.0,0.7726522571350642,0.8513142802603682,-0.0786620231253039
2026.01.07 06:38,104.90689,0.7368384973963344,0.8352098445998113,-0.09837134720347684,0.05678089794187713,0.3022905542032409,-0.24550965626136378,0.0,0.0,0.7368384973963344,0.8352098445998135,-0.09837134720347906
2026.01.07 06:39,104.86143,0.6967558252660382,0.8141258329931428,-0.1173700077271046,-0.01421875036933784,0.23898869328872518,-0.253207443658063,0.0,0.0,0.6967558252660382,0.8141258329931466,-0.11737000772710837
2026.01.07 06:40,104.80222,0.652688480146665,0.7882158682212997,-0.1355273880746347,-0.08496646340833536,0.17419766194931308,-0.25916412535764843,0.0,0.0,0.652688480146665,0.7882158682213034,-0.13552738807463838
2026.01.07 06:41,104.72981,0.6049484407494816,0.757666740628304,-0.15271829987882235,-0.15497506717323972,0.10836311612480251,-0.26333818329804226,0.0,0.0,0.6049484407494816,0.7576667406283077,-0.15271829987882612
2026.01.07 06:42,104.64483,0.5538722453157874,0.7226970750837385,-0.1688248297679511,-0.22376377844953765,0.04193773720993448,-0.26570151565947214,0.0,0.0,0.5538722453157732,0.7226970750837407,-0.16882482976796753
2026.01.07 06:43,104.548,0.4998190181775186,0.6835558351578701,-0.1837368169803515,-0.29086075930037225,-0.024621962092126866,-0.2662387972082454,0.0,0.0,0.4998190181775044,0.6835558351578691,-0.1837368169803647
2026.01.07 06:44,104.44014,0.4431694639446704,0.6405207168032623,-0.1973512528585919,-0.35580370660397875,-0.09085831099449725,-0.2649453956094815,0.0,0.0,0.4431694639446562,0.6405207168032597,-0.19735125285860355
2026.01.07 06:45,104.32212,0.3843208449423514,0.5938961192304324,-0.20957527428808098,-0.4181475296052639,-0.15631615471665058,-0.2618313748886133,0.0,0.0,0.3843208449423372,0.5938961192304283,-0.20957527428809108
2026.01.07 06:46,104.19491,0.3236868460665505,0.5440110735561531,-0.22032422748960256,-0.47746253831296315,-0.2205454314359131,-0.25691710687705005,0.0,0.0,0.3236868460665363,0.5440110735561474,-0.2203242274896111
2026.01.07 06:47,104.05952,0.26169249542520845,0.4912170733371391,-0.22952457791193065,-0.5333416379100839,-0.2831046727307473,-0.25023696517933663,0.0,0.0,0.26169249542519424,0.4912170733371318,-0.2295245779119376
2026.01.07 06:48,103.91702,0.1987716509577666,0.4358854984139978,-0.2371138474562312,-0.5854022027066037,-0.3435641787259186,-0.2418380239806851,0.0,0.0,0.1987716509577524,0.43588549841398894,-0.23711384745623654
2026.01.07 06:49,103.76854,0.13536493063760702,0.3784051040241025,-0.24304017338649547,-0.6332869949865483,-0.40150874197804454,-0.23177825300850374,0.0,0.0,0.1353649306375928,0.37840510402409205,-0.24304017338649925
2026.01.07 06:50,103.61526,0.07191721607750878,0.31917941239388326,-0.24726219631637447,-0.6766657761185684,-0.45654014880614935,-0.22012562731241903,0.0,0.0,0.07191721607749457,0.31917941239387126,-0.2472621963163767
2026.01.07 06:51,103.45836,0.008871659472561078,0.2586237917446359,-0.24975213227207482,-0.7152429695859439,-0.5082807129621083,-0.2069622566238356,0.0,0.0,0.008871659472546867,0.2586237917446239,-0.24975213227207704
2026.01.07 06:52,103.29908,-0.05333020578170533,0.19716276686027767,-0.250492972641983,-0.7487536829210342,-0.5563753069538935,-0.1923783759671407,0.0,0.0,-0.05333020578171954,0.19716276686026568,-0.2504929726419852
2026.01.07 06:53,103.13867,-0.11425234857885869,0.1352270099132189,-0.24947935849207759,-0.7769672964978156,-0.600493704862678,-0.17647359163513765,0.0,0.0,-0.1142523485788729,0.13522700991320688,-0.24947935849207978
2026.01.07 06:54,102.97837,-0.1734688154589037,0.07325038097974611,-0.2467191964386498,-0.7996919073484889,-0.6403333453598401,-0.15935856198864884,0.0,0.0,-0.1734688154589321,0.07325038097973252,-0.24671919643866463
2026.01.07 06:55,102.81944,-0.23056480728277506,0.011666863940932151,-0.2422316712237072,-0.8167721081603077,-0.6756210979199337,-0.1411510102403739,0.0,0.0,-0.23056480728278927,0.011666863940918561,-0.24223167122370784
2026.01.07 06:56,102.66312,-0.28514058654897667,-0.04909236738953286,-0.2360482191594438,-0.8280920682488073,-0.7061152919857085,-0.12197677626309877,0.0,0.0,-0.2851405865489909,-0.04909236738954645,-0.23604821915944443
2026.01.07 06:57,102.51064,-0.33681356931823814,-0.10860183630908894,-0.2282117330091492,-0.8335750808910092,-0.7316072497667687,-0.10196783112424046,0.0,0.0,-0.33681356931825235,-0.10860183630910253,-0.22821173300914982
2026.01.07 06:58,102.3632,-0.3852213641452096,-0.1664447579516241,-0.21877660619358547,-0.8331848700999558,-0.7519227738334062,-0.08126209626654957,0.0,0.0,-0.385221364145238,-0.1664447579516393,-0.2187766061935987
2026.01.07 06:59,102.22196,-0.43002472061483843,-0.2222160842507738,-0.20780863636406463,-0.8269266168843643,-0.7669235424435978,-0.06000307444076647,0.0,0.0,-0.43002472061488106,-0.22221608425079215,-0.20780863636408892
2026.01.07 07:00,102.08806,-0.47090798029202574,-0.2755249331135057,-0.19538304717852006,-0.8148434697591966,-0.7765075279067176,-0.038335941852479016,0.0,0.0,-0.47090798029203995,-0.275524933113524,-0.19538304717851596
2026.01.07 07:01,101.93857,-0.5094976796938937,-0.3262102079926377,-0.18328747170125598,-0.8004125890385865,-0.7812885401330915,-0.019124048905495017,0.0,0.0,-0.5094976796939079,-0.32621020799265604,-0.18328747170125187
2026.01.07 07:02,101.7985,-0.5450992085165183,-0.37408208131904436,-0.17101712719747392,-0.7826053916093088,-0.781551910428335,-0.0010534811809737032,0.0,0.0,-0.5450992085165183,-0.37408208131906107,-0.1710171271974572
2026.01.07 07:03,101.66881,-0.5771258284371896,-0.4189328605388539,-0.1581929678983357,-0.7607031576455654,-0.7773821598717812,0.016679002226215767,0.0,1.0,-0.5771258284371896,-0.41893286053886747,-0.15819296789832216
2026.01.07 07:04,101.55038,-0.6050883844612258,-0.4605465913364596,-0.14454179312476623,-0.7342420235144118,-0.7687541326003073,0.034512109085895526,0.0,0.0,-0.6050883844612258,-0.4605465913364715,-0.1445417931247543
2026.01.07 07:05,101.44402,-0.6285853342297685,-0.49870711885654756,-0.12987821537322092,-0.7029654336645308,-0.755596392813152,0.05263095914862126,0.0,0.0,-0.6285853342297685,-0.49870711885655794,-0.12987821537321054
2026.01.07 07:06,101.35044,-0.6472963309518036,-0.5332052034824992,-0.11409112746930439,-0.666788777382564,-0.7378348697270345,0.07104609234447046,0.0,0.0,-0.6472963309517894,-0.5332052034825066,-0.11409112746928285
2026.01.07 07:07,101.27029,-0.6609730795978095,-0.5638442829772325,-0.09712879662057694,-0.6257635747433454,-0.7154206107302967,0.0896570359869513,0.0,0.0,-0.6609730795978095,-0.5638442829772367,-0.09712879662057283
2026.01.07 07:08,101.2041,-0.6694361381712071,-0.5904455515946069,-0.07899058657660019,-0.580056525320515,-0.6883477936483404,0.10829126832782543,0.0,0.0,-0.6694361381712071,-0.5904455515946062,-0.07899058657660085
2026.01.07 07:09,101.15233,-0.6725676383279051,-0.6128521802652601,-0.059715458062645,-0.5299238933818771,-0.6566630135950479,0.1267391202131708,0.0,0.0,-0.6725676383279051,-0.6128521802652579,-0.05971545806264722
2026.01.07 07:10,101.11532,-0.670308869068009,-0.6307200901957174,-0.03958877887229162,-0.475697543175329,-0.6204699195111041,0.1447723763357751,0.0,0.0,-0.670308869068009,-0.6307200901957136,-0.039588778872295394
2026.01.07 07:11,101.09333,-0.662654518575863,-0.6437817913134224,-0.018872727262440603,-0.41776671869477866,-0.579929279347839,0.16216256065306034,0.0,0.0,-0.662654518575863,-0.6437817913134185,-0.01887272726244449
2026.01.07 07:12,101.08648,-0.6496523406281653,-0.6518402926679753,0.002187952039809926,-0.35657154627389787,-0.5352577327330508,0.1786861864591529,1.0,0.0,-0.6496523406281511,-0.6518402926679698,0.002187952039818697
2026.01.07 07:13,101.09484,-0.63139510900956,-0.6547632620622347,0.0233681530526747,-0.29258362947514627,-0.4867229120814699,0.19413928260632363,0.0,0.0,-0.6313951090095458,-0.6547632620622276,0.023368153052681806
2026.01.07 07:14,101.11833,-0.6080217781515813,-0.6524784224979917,0.04445664434641039,-0.22630515072587798,-0.4346393598103515,0.20833420908447353,0.0,0.0,-0.6080217781515671,-0.652478422497983,0.04445664434641594
2026.01.07 07:15,101.15678,-0.5797130798651011,-0.6449691723772469,0.06525609251214581,-0.1582581973889603,-0.37936312732607325,0.22110492993711295,0.0,0.0,-0.5797130798650869,-0.6449691723772383,0.06525609251215136
2026.01.07 07:16,101.20992,-0.5466883951122696,-0.6322708741010759,0.08558247898880622,-0.08897752839779116,-0.32128600754041686,0.2323084791426257,0.0,0.0,-0.5466883951122554,-0.6322708741010656,0.08558247898881022
2026.01.07 07:17,101.27739,-0.5092020649485249,-0.6144670881874446,0.10526502323891962,-0.01900312716145436,-0.2608294314646244,0.24182630430317004,0.0,0.0,-0.5092020649485107,-0.6144670881874327,0.10526502323892195
2026.01.07 07:18,101.35871,-0.46754249499176126,-0.5916865167056508,0.1241440217138895,0.051121498968697665,-0.19843924537795998,0.24956074434665765,0.0,0.0,-0.46754249499174705,-0.5916865167056373,0.12414402171389027
2026.01.07 07:19,101.45331,-0.422028672433143,-0.5640998281906656,0.1420711557575226,0.12085546006601078,-0.13458030428916584,0.2554357643551766,0.0,0.0,-0.4220286724331288,-0.5640998281906506,0.14207115575752183
2026.01.07 07:20,101.56055,-0.37300549324979215,-0.5319166031544356,0.1589111099046434,0.18966808828911041,-0.06973062577351061,0.25939871406262105,0.0,0.0,-0.37300549324977794,-0.531916603154419,0.15891110990464108
2026.01.07 07:21,101.67968,-0.32084299681554285,-0.49538223161969974,0.1745392348041569,0.2570388137576316,-0.004376737867282168,0.26141555162491376,0.0,0.0,-0.32084299681552864,-0.49538223161968314,0.1745392348041545
2026.01.07 07:22,101.80987,-0.2659330865401017,-0.4547753402342044,0.18884225369410268,0.32246156418869987,0.060990922543914236,0.2614706416447856,0.0,0.0,-0.2659330865400875,-0.4547753402341878,0.1888422536941003
2026.01.07 07:23,101.95023,-0.20868511596486883,-0.41040459999123635,0.20171948402636752,0.3854507298812564,0.12588288401138267,0.2595678458698737,0.0,0.0,-0.20868511596485462,-0.41040459999121975,0.20171948402636514
2026.01.07 07:24,102.09977,-0.1495254225972218,-0.36260597140591644,0.21308054880869465,0.4455395136539835,0.18981420993990283,0.25572530371408064,0.0,0.0,-0.14952542259720758,-0.3626059714058998,0.2130805488086922
2026.01.07 07:25,102.25748,-0.08889038736505483,-0.31173952610067035,0.22284913873561552,0.5022899924149016,0.2523093664349026,0.24998062597999898,0.0,0.0,-0.08889038736504062,-0.3117395261006537,0.22284913873561307
2026.01.07 07:26,102.42225,-0.027227264178989685,-0.25818677045961086,0.23095950628062117,0.5552883255591325,0.31290515825974863,0.24238316729938392,0.0,0.0,-0.027227264178989685,-0.2581867704595958,0.23095950628060613
2026.01.07 07:27,102.59295,0.03501167580073172,-0.20234741814933385,0.23735909395006557,0.6041524031303283,0.37115460723386456,0.2329977958964637,0.0,0.0,0.03501167580073172,-0.20234741814932042,0.23735909395005214
2026.01.07 07:28,102.76841,0.09737219372445338,-0.14463621079848982,0.2420084045229432,0.6485337047806468,0.42663042674322105,0.2219032780374257,0.0,0.0,0.09737219372445338,-0.14463621079847794,0.24200840452293132
2026.01.07 07:29,102.9474,0.15939889929175877,-0.08548016718276194,0.2448790664745207,0.6881150413605326,0.4789273496666834,0.2091876916938492,0.0,0.0,0.15939889929175877,-0.08548016718275164,0.2448790664745104
2026.01.07 07:30,103.12869,0.22064068970156825,-0.025315313125305154,0.2459560028268734,0.7226167877049932,0.5276652372743453,0.19495155043064782,0.0,0.0,0.22064068970156825,-0.025315313125296432,0.2459560028268647
2026.01.07 07:31,103.31104,0.2806541643565197,0.035416603640986116,0.24523756071553357,0.7517988663485795,0.5724919630891923,0.17930690325938725,0.0,0.0,0.2806541643565339,0.03541660364099483,0.24523756071553907
2026.01.07 07:32,103.49317,0.33900381926446244,0.09627092977757848,0.24273288948688396,0.7754568448502965,0.6130849394414131,0.16237190540888347,0.0,0.0,0.33900381926447665,0.0962709297775872,0.24273288948688945
2026.01.07 07:33,103.67384,0.3952684911237867,0.15680358685769052,0.23846490426609618,0.7934295867468819,0.6491538689025069,0.14427571784437498,0.0,0.0,0.3952684911238009,0.15680358685769924,0.23846490426610167
2026.01.07 07:34,103.85178,0.4490406586360933,0.21657370308004031,0.232466955556053,0.8055934167884828,0.6804417784797021,0.12515163830878073,0.0,0.0,0.44904065863610754,0.21657370308004906,0.23246695555605848
2026.01.07 07:35,104.02578,0.4999329191242339,0.27514705678039847,0.2247858623438354,0.8118696945267772,0.7067273616891172,0.10514233283765995,0.0,0.0,0.4999329191242481,0.2751470567804088,0.2247858623438393
2026.01.07 07:36,104.19463,0.5475780472089724,0.33209887582575853,0.21547917138321387,0.8122201902536972,0.7278259274020332,0.08439426285166396,0.0,0.0,0.5475780472089866,0.33209887582577047,0.21547917138321615
2026.01.07 07:37,104.35716,0.5916320017231271,0.3870166322700556,0.20461536945307152,0.8066482381884299,0.7435903895593126,0.06305784862911734,0.0,0.0,0.5916320017231413,0.3870166322700691,0.20461536945307224
2026.01.07 07:38,104.51225,0.6317768150692729,0.43950306735644606,0.1922737477128268,0.7951995747919085,0.7539122266058318,0.04128734818607671,0.0,0.0,0.6317768150693013,0.4395030673564627,0.19227374771283856
2026.01.07 07:39,104.65883,0.6677225598268706,0.4891788307037019,0.17854372912316868,0.7779614698506805,0.7587220752548015,0.019239394595878978,0.0,0.0,0.667722559826899,0.4891788307037217,0.17854372912317729
2026.01.07 07:40,104.79587,0.6992077722742636,0.5356847871390068,0.16352298513525676,0.7550592413246306,0.7579895084687673,-0.002930267144136689,0.0,-1.0,0.699207772274292,0.5356847871390281,0.16352298513526387
2026.01.07 07:41,104.92244,0.7260042461601017,0.5786848345718556,0.14731941158824613,0.726660922523962,0.7517237912798063,-0.025062868755844292,0.0,0.0,0.7260042461601302,0.5786848345718786,0.14731941158825157
2026.01.07 07:42,105.03765,0.7479156231799493,0.6178678492447626,0.13004777393518674,0.6929704225491946,0.739973117533684,-0.04700269498448939,0.0,0.0,0.7479156231799777,0.6178678492447871,0.13004777393519062
2026.01.07 07:43,105.1407,0.7647799143131095,0.652949988764431,0.11182992554867854,0.6542284354855212,0.7228241811240514,-0.06859574563853021,0.0,0.0,0.764779914313138,0.6529499887644571,0.11182992554868088
2026.01.07 07:44,105.23087,0.7764702858355292,0.6836763628434638,0.09279392299206546,0.6107101755973616,0.7004013800187134,-0.08969120442135181,0.0,0.0,0.7764702858355577,0.6836763628434915,0.09279392299206612
2026.01.07 07:45,105.30755,0.7828976676740496,0.7098229873395835,0.07307468033446607,0.5627266000834084,0.6728664240316525,-0.11013982394824418,0.0,0.0,0.7828976676740922,0.7098229873396144,0.07307468033447784
2026.01.07 07:46,105.37018,0.7840075803090798,0.7311980516269115,0.05280952868216826,0.5106152496022816,0.6404161891457784,-0.1298009395434968,0.0,0.0,0.7840075803091224,0.7311980516269456,0.05280952868217681
2026.01.07 07:47,105.41834,0.77978443402246,0.7476433426217101,0.032141091400749944,0.45474535980096675,0.6032820232768161,-0.14853666347584937,0.0,0.0,0.7797844340225026,0.7476433426217457,0.03214109140075694
2026.01.07 07:48,105.45168,0.77024887001987,0.7590351548653766,0.01121371515449332,0.3955100564205196,0.5617276299055569,-0.1662175734850373,0.0,0.0,0.7702488700199126,0.759035154865414,0.011213715154498649
2026.01.07 07:49,105.46996,0.7554584552597845,0.7652852307526568,-0.009826775492872253,0.33332536572351046,0.5160471770691476,-0.18272181134563714,-1.0,0.0,0.7554584552598271,0.7652852307526956,-0.009826775492868478
2026.01.07 07:50,105.47305,0.7355078060288349,0.7663411818491827,-0.03083337582034773,0.26862830843525387,0.4665634033423689,-0.19793509490711503,0.0,0.0,0.7355078060288776,0.7663411818492231,-0.03083337582034551
2026.01.07 07:51,105.46092,0.7105274648247644,0.7621869420319399,-0.051659477207175564,0.201872983250297,0.4136253193239545,-0.2117523360736575,0.0,0.0,0.710527464824807,0.7621869420319819,-0.0516594772071749
2026.01.07 07:52,105.43364,0.6806826110059205,0.75284279722003,-0.07216018621410947,0.1335267787717811,0.35760561121351986,-0.22407883244173876,0.0,0.0,0.680682611005949,0.752842797220072,-0.07216018621412301
2026.01.07 07:53,105.39138,0.6461716558942214,0.7383651716709958,-0.09219351577677437,0.06406678496611562,0.298897845964039,-0.2348310609979234,0.0,0.0,0.6461716558942356,0.7383651716710362,-0.09219351577680057
2026.01.07 07:54,105.33443,0.6072263588022224,0.718846137351904,-0.11161977854968153,-0.006020721917636251,0.23791413238770395,-0.2439348543053402,0.0,0.0,0.6072263588022366,0.7188461373519411,-0.11161977854970451
2026.01.07 07:55,105.26316,0.564108347020138,0.6944128892086882,-0.13030454218855014,-0.07624713625729385,0.1750818786587044,-0.25132901491599824,0.0,0.0,0.5641083470201522,0.6944128892087222,-0.13030454218857002
2026.01.07 07:56,105.17806,0.5171092398174295,0.6652267565192403,-0.14811751670181084,-0.14612124907303325,0.11084125311235686,-0.25696250218539013,0.0,0.0,0.5171092398174437,0.6652267565192713,-0.1481175167018276
2026.01.07 07:57,105.07969,0.4665464152020036,0.6314820393172552,-0.16493562411525164,-0.21515675897997255,0.04564165069389098,-0.26079840967386353,0.0,0.0,0.4665464152020178,0.631482039317283,-0.1649356241152652
2026.01.07 07:58,104.96872,0.41276259061496035,0.5934047210233858,-0.18064213040842547,-0.2828722106698507,-0.02006112157885736,-0.2628110890909933,0.0,0.0,0.41276259061497456,0.5934047210234105,-0.1806421304084359
2026.01.07 07:59,104.8459,0.35612281248420175,0.5512508328517599,-0.19512802036755816,-0.34879556920687094,-0.08580801110446008,-0.26298755810241087,0.0,0.0,0.35612281248421596,0.5512508328517813,-0.19512802036756538
2026.01.07 08:00,104.71206,0.2970118431511537,0.5053046526658032,-0.20829280951464946,-0.4124676098737723,-0.15113993085832253,-0.26132767901544973,0.0,0.0,0.2970118431511821,0.505304652665823,-0.2082928095146409
2026.01.07 08:01,104.5681,0.23583109118764867,0.4558767060193285,-0.22004561483167984,-0.4734457732129016,-0.21560109932923835,-0.2578446738836633,0.0,0.0,0.2358310911876771,0.45587670601934843,-0.22004561483167134
2026.01.07 08:02,104.41499,0.17299601667278353,0.40330163499472427,-0.23030561832194074,-0.5313067834514413,-0.278742236153679,-0.25256454729776234,0.0,0.0,0.17299601667281195,0.4033016349947458,-0.23030561832193386
2026.01.07 08:03,104.25378,0.10893473587996994,0.347935899114474,-0.23900116323450404,-0.5856468870176599,-0.34012316632647516,-0.24552372069118472,0.0,0.0,0.10893473587999836,0.34793589911449707,-0.23900116323449871
2026.01.07 08:04,104.08556,0.044083592969599295,0.29015537088663634,-0.24607177791703705,-0.63608747786337,-0.3993160286338542,-0.23677144922951587,0.0,0.0,0.044083592969627716,0.29015537088666105,-0.24607177791703333
2026.01.07 08:05,103.91146,-0.021116403247575022,0.2303525216571914,-0.2514689249047664,-0.6822785935827511,-0.4559085416236336,-0.22637005195911752,0.0,0.0,-0.02111640324756081,0.2303525216572161,-0.2514689249047769
2026.01.07 08:06,103.73266,-0.0862216264576432,0.16893385036167508,-0.25515547681931827,-0.7238993724024567,-0.5095067077793982,-0.2143926646230585,0.0,0.0,-0.0862216264576432,0.1689338503616982,-0.25515547681934136
2026.01.07 08:07,103.55038,-0.1507882642836904,0.10631708870626944,-0.25710535298995985,-0.7606591805166119,-0.559737202326841,-0.20092197818977087,0.0,0.0,-0.1507882642836904,0.10631708870629097,-0.2571053529899814
2026.01.07 08:08,103.36584,-0.21437741626382945,0.042928174400932634,-0.2573055906647621,-0.7923033749230228,-0.6062504368460774,-0.18605293807694545,0.0,0.0,-0.21437741626382945,0.0429281744009526,-0.25730559066478204
2026.01.07 08:09,103.18029,-0.27655663885494164,-0.020801656933077964,-0.2557549819218637,-0.8186121578992669,-0.6487227810567153,-0.16988937684255156,0.0,0.0,-0.27655663885494164,-0.020801656933061154,-0.2557549819218805
2026.01.07 08:10,102.995,-0.3369018800433565,-0.08443865373652298,-0.25246322630683354,-0.83940028975384,-0.6868582827961403,-0.1525420069576997,0.0,0.0,-0.3369018800433565,-0.08443865373650933,-0.2524632263068472
2026.01.07 08:11,102.8112,-0.395003685760301,-0.14754973178464348,-0.2474539539756575,-0.854524436771797,-0.7203915135912716,-0.1341329231805254,0.0,0.0,-0.395003685760301,-0.147549731784633,-0.247453953975668
2026.01.07 08:12,102.63014,-0.4504671097748769,-0.2097054924129598,-0.24076161736191712,-0.8638785657621071,-0.7490889240254388,-0.11478964173666828,0.0,0.0,-0.4504671097748769,-0.20970549241295247,-0.24076161736192445
2026.01.07 08:13,102.45305,-0.502914668649268,-0.27048307703727836,-0.23243159161198967,-0.867395288329476,-0.7727501968862462,-0.09464509144322975,0.0,0.0,-0.502914668649268,-0.2704830770372742,-0.23243159161199384
2026.01.07 08:14,102.28111,-0.5519908510306379,-0.329469126790952,-0.22252172423968591,-0.8650498342354638,-0.7912101243560898,-0.07383970987937394,0.0,0.0,-0.5519908510306379,-0.3294691267909495,-0.22252172423968847
2026.01.07 08:15,102.11547,-0.5973638047364744,-0.3862627021552666,-0.21110110258120784,-0.8568586025616156,-0.804339819997195,-0.05251878256442066,0.0,0.0,-0.5973638047364744,-0.38626270215526404,-0.2111011025812104
2026.01.07 08:16,101.95726,-0.638725591204178,-0.4404779607019874,-0.19824763050219063,-0.8428753647386742,-0.8120469289454909,-0.030828435793183284,0.0,0.0,-0.638725591204178,-0.44047796070198486,-0.19824763050219318
2026.01.07 08:17,101.80753,-0.6757968986509013,-0.4917467920783287,-0.1840501065725726,-0.8231958172012384,-0.8142767065966404,-0.008919110604597935,0.0,0.0,-0.6757968986509013,-0.4917467920783262,-0.1840501065725751
2026.01.07 08:18,101.66727,-0.7083288130476006,-0.5397214780997353,-0.1686073349478654,-0.7979564235187695,-0.8110126499810664,0.013056226462296872,0.0,1.0,-0.7083288130476006,-0.5397214780997328,-0.16860733494786784
2026.01.07 08:19,101.53743,-0.7361022637795287,-0.5840770762926433,-0.15202518748688543,-0.7673292852860527,-0.8022759770420638,0.03494669175601106,0.0,0.0,-0.7361022637795287,-0.5840770762926408,-0.15202518748688787
2026.01.07 08:20,101.41887,-0.7589312378426598,-0.6245134709684609,-0.13441776687419893,-0.7315242818944938,-0.7881256380125499,0.056601356118056056,0.0,0.0,-0.7589312378426598,-0.6245134709684584,-0.13441776687420137
2026.01.07 08:21,101.31236,-0.7766649213640022,-0.6607576722561415,-0.11590724910786077,-0.6907890749295404,-0.768658325395948,0.07786925046640758,0.0,0.0,-0.7766649213640022,-0.660757672256139,-0.11590724910786321
2026.01.07 08:22,101.2186,-0.789187380859488,-0.6925657513906104,-0.09662162946887765,-0.6454047605544986,-0.7440076124276582,0.09860285187315965,0.0,0.0,-0.7891873808594738,-0.6925657513906063,-0.09662162946886754
2026.01.07 08:23,101.13821,-0.7964177137307615,-0.7197242916906241,-0.0766934220401374,-0.5956828483837739,-0.7143426596188814,0.11865981123510749,0.0,0.0,-0.7964177137307473,-0.7197242916906185,-0.07669342204012886
2026.01.07 08:24,101.0717,-0.7983121601258745,-0.7420518867338908,-0.056260273391983695,-0.5419660544751395,-0.679867338590133,0.13790128411499358,0.0,0.0,-0.7983121601258603,-0.7420518867338836,-0.0562602733919767
2026.01.07 08:25,101.01949,-0.7948637388100508,-0.75940056980121,-0.035463169008840834,-0.4846246125420208,-0.6408187933805107,0.1561941808384899,0.0,0.0,-0.7948637388100366,-0.7594005698012012,-0.035463169008835393
2026.01.07 08:26,100.9819,-0.7861023404707623,-0.7716567300034167,-0.014445610467345604,-0.4240538062026502,-0.5974657959449388,0.17341198974228855,0.0,0.0,-0.7861023404707481,-0.7716567300034064,-0.014445610467341718
2026.01.07 08:27,100.95915,-0.7720943806269247,-0.778741793067786,0.006647412440861311,-0.36067098881123627,-0.5501068345181983,0.18943584570696204,1.0,0.0,-0.7720943806269105,-0.7787417930677741,0.006647412440863643
2026.01.07 08:28,100.95135,-0.7529429091751751,-0.7806129758895245,0.02767006671434935,-0.2949137350597937,-0.4990682146265174,0.20415447956672372,0.0,0.0,-0.7529429091751751,-0.7806129758895126,0.02767006671433747
2026.01.07 08:29,100.95852,-0.7287856832893453,-0.7772634698280451,0.04847778653869972,-0.22723457573097505,-0.44470148684740896,0.2174669111164339,0.0,0.0,-0.7287856832893453,-0.7772634698280333,0.04847778653868795
2026.01.07 08:30,100.98056,-0.6997956552216351,-0.7687224402566709,0.0689267850350358,-0.15810058616042966,-0.3873813067100131,0.22928072054958343,0.0,0.0,-0.6997956552216351,-0.7687224402566591,0.06892678503502403
2026.01.07 08:31,101.01727,-0.6661793579580859,-0.7550548821565152,0.08887552419842926,-0.08798927294894554,-0.32750289995779963,0.2395136270088541,0.0,0.0,-0.6661793579580859,-0.755054882156505,0.08887552419841904
2026.01.07 08:32,101.06836,-0.6281744600113228,-0.7363611872987997,0.10818672728747691,-0.017383428923622546,-0.2654790057509642,0.24809557682734168,0.0,0.0,-0.6281744600113228,-0.7363611872987911,0.10818672728746825
2026.01.07 08:33,101.13342,-0.5860498880016252,-0.7127764903961054,0.1267266023944802,0.05322890937259217,-0.20173742272625297,0.2549663320988451,0.0,0.0,-0.5860498880016252,-0.7127764903960983,0.1267266023944731
2026.01.07 08:34,101.21197,-0.540101577874367,-0.6844695836254738,0.14436800575110686,0.12336227600447103,-0.1367174829801082,0.26007975898457925,0.0,0.0,-0.540101577874367,-0.6844695836254684,0.14436800575110142
2026.01.07 08:35,101.3034,-0.49065362460798667,-0.6516419485296099,0.1609883239216232,0.1925311736723927,-0.07086775164960801,0.2633989253220007,0.0,0.0,-0.49065362460798667,-0.651641948529606,0.16098832392161933
2026.01.07 08:36,101.40704,-0.43805327803623584,-0.6145262704639778,0.17647299242774195,0.2602587048265548,-0.0046424603543754606,0.2649011651809302,0.0,0.0,-0.43805327803623584,-0.6145262704639755,0.17647299242773962
2026.01.07 08:37,101.52212,-0.3826699492061181,-0.5733848304674158,0.19071488126129776,0.3260771554418085,0.06150146280486133,0.26457569263694714,0.0,0.0,-0.3826699492061181,-0.5733848304674135,0.19071488126129543
2026.01.07 08:38,101.64779,-0.3248925838924208,-0.5285078194233132,0.20361523553089234,0.38953144508852233,0.12710745926159353,0.26242398582692883,0.0,0.0,-0.3248925838924066,-0.5285078194233093,0.20361523553090266
2026.01.07 08:39,101.78315,-0.2651249890296299,-0.48021107873531255,0.21508608970568266,0.4501858523666016,0.19172313788259515,0.25846271448400643,0.0,0.0,-0.2651249890296157,-0.4802110787353071,0.21508608970569143
2026.01.07 08:40,101.92719,-0.20378678805133177,-0.428834126523451,0.22504733847211922,0.507620047312372,0.25490251976855055,0.25271752754382143,0.0,0.0,-0.20378678805131756,-0.42883412652344394,0.22504733847212638
2026.01.07 08:41,102.07887,-0.14130760736402692,-0.37473780956264036,0.23343020219861343,0.5614376064869333,0.3162095371122271,0.2452280693747062,0.0,0.0,-0.14130760736402692,-0.37473780956263325,0.23343020219860633
2026.01.07 08:42,102.23709,-0.0781248007587152,-0.31830168875787257,0.24017688799915737,0.6112673349130233,0.37522109667238635,0.23604623824063697,0.0,0.0,-0.0781248007587152,-0.3183016887578655,0.24017688799915032
2026.01.07 08:43,102.40069,-0.014681578480960411,-0.25992168882527183,0.24524011034431142,0.6567637639767696,0.43152963013326306,0.22523413384350655,0.0,0.0,-0.0146815784809462,-0.2599216888252632,0.24524011034431697
2026.01.07 08:44,102.56849,0.04857771622076257,-0.20000709539985526,0.24858481162061782,0.6976126870204098,0.48474624151069245,0.21286644550971734,0.0,0.0,0.04857771622077678,-0.20000709539984504,0.24858481162062182
2026.01.07 08:45,102.73928,0.1112105229959468,-0.13897778417405718,0.25018830717000395,0.7335329058726501,0.534503574383084,0.19902933148956603,0.0,0.0,0.11121052299596101,-0.13897778417404538,0.2501883071700064
2026.01.07 08:46,102.9118,0.17277673317029496,-0.0772614861322335,0.25003821930252845,0.7642738391004684,0.5804576273265609,0.1838162117739075,0.0,0.0,0.17277673317030917,-0.07726148613222013,0.2500382193025293
2026.01.07 08:47,103.08482,0.232845567544274,-0.015290580417045195,0.2481361479613192,0.7896244392884313,0.622290989718935,0.16733344956949625,0.0,0.0,0.2328455675442882,-0.01529058041703182,0.24813614796132002
2026.01.07 08:48,103.25706,0.29099447689658575,0.04650047135253432,0.24449400554405143,0.8094070034080403,0.6597141924567561,0.14969281095128417,0.0,0.0,0.29099447689659996,0.046500471352547694,0.24449400554405226
2026.01.07 08:49,103.42729,0.346816163974367,0.10767857713316752,0.23913758684119946,0.823486109783758,0.6924685759221565,0.13101753386160153,0.0,0.0,0.3468161639743812,0.1076785771331809,0.2391375868412003
2026.01.07 08:50,103.59425,0.3999175294743509,0.16781470344854282,0.23210282602580806,0.8317622672264662,0.7203273141830184,0.11143495304344775,0.0,0.0,0.3999175294743651,0.16781470344855778,0.2321028260258073
2026.01.07 08:51,103.75673,0.44992506621109385,0.22648691088963271,0.22343815532146113,0.8341777403122279,0.7430973994088603,0.09108034090336758,0.0,0.0,0.44992506621110806,0.22648691088964926,0.2234381553214588
2026.01.07 08:52,103.91353,0.4964856711619632,0.2832832719610687,0.2132023992008945,0.8307136241058686,0.760620644348262,0.07009297975760653,0.0,0.0,0.4964856711619774,0.2832832719610852,0.21320239920089218
2026.01.07 08:53,104.06351,0.5392710377626457,0.33780475213238903,0.2014662856302567,0.8213936208280188,0.7727752396442135,0.04861838118380535,0.0,0.0,0.5392710377626599,0.3378047521324056,0.20146628563025437
2026.01.07 08:54,104.20556,0.5779784214211645,0.3896678519574132,0.1883105694637513,0.8062809872681953,0.7794763891690099,0.02680459809918545,0.0,0.0,0.5779784214211787,0.38966785195742976,0.18831056946374897
2026.01.07 08:55,104.33862,0.6123325434166276,0.43850738642922793,0.17382515698739964,0.78547786672965,0.7806766846811379,0.004801182048512098,0.0,0.0,0.6123325434166418,0.4385073864292445,0.1738251569873973
2026.01.07 08:56,104.4617,0.6420883649980738,0.483978808368539,0.15810955662953474,0.75912625508046,0.7763665987610024,-0.01724034368054239,0.0,-1.0,0.642088364998088,0.48397880836855556,0.1581095566295324
2026.01.07 08:57,104.57388,0.6670329162086404,0.5257608571809895,0.14127205902765083,0.7274071974147347,0.7665747184917489,-0.039167521077014156,0.0,0.0,0.6670329162086546,0.5257608571810061,0.1412720590276485
2026.01.07 08:58,104.6743,0.6869855655478716,0.5635574573558234,0.12342810819204819,0.6905373258348106,0.7513672399603613,-0.06082991412555061,0.0,0.0,0.6869855655478716,0.5635574573558384,0.1234281081920332
2026.01.07 08:59,104.76219,0.7018002558786378,0.5970999825118553,0.10470027336678256,0.6487692809953671,0.7308476481673625,-0.08207836717199535,0.0,0.0,0.7018002558786378,0.5970999825118687,0.10470027336676913
2026.01.07 09:00,104.83686,0.7113660644753566,0.6261489823189955,0.08521708215636103,0.6023891209110417,0.7051559427160983,-0.10276682180505659,0.0,0.0,0.7113660644753566,0.6261489823190074,0.08521708215634916
2026.01.07 09:01,104.89772,0.7156088368576832,0.6504960007296311,0.06511283612805208,0.5517159277110011,0.6744679397150789,-0.12275201200407782,0.0,0.0,0.7156088368576832,0.6504960007296413,0.06511283612804186
2026.01.07 09:02,104.94427,0.7144912501274945,0.6699649132146143,0.044526336912880216,0.49709867529698215,0.6389940868314596,-0.1418954115344775,0.0,0.0,0.7144912501274945,0.6699649132146229,0.044526336912871556
2026.01.07 09:03,104.97608,0.7080108474171993,0.684412960547507,0.02359788686969233,0.4389098522222241,0.5989772399096125,-0.16006738768738837,0.0,0.0,0.7080108474171993,0.6844129605475141,0.023597886869685225
2026.01.07 09:04,104.99287,0.6962044823602298,0.693732064874574,0.0024724174856558534,0.37755115327858846,0.5546920225834077,-0.1771408693048192,0.0,0.0,0.6962044823602298,0.6937320648745795,0.0024724174856503023
2026.01.07 09:05,104.99442,0.6791441737559296,0.6978493769587801,-0.018705203202850518,0.3134432957482147,0.506442277216369,-0.1929989814681543,-1.0,0.0,0.6791441737559296,0.6978493769587841,-0.018705203202854515
2026.01.07 09:06,104.98064,0.6569390411029303,0.6967278352803679,-0.039788794177437525,0.24702774936177718,0.4545593716454507,-0.2075316222836735,0.0,0.0,0.6569390411029303,0.6967278352803703,-0.03978879417743997
2026.01.07 09:07,104.95152,0.6297324096385779,0.6903663735126686,-0.0606339638740907,0.1787596921953991,0.3993994357554404,-0.2206397435600413,0.0,0.0,0.6297324096385779,0.690366373512671,-0.060633963874093144
2026.01.07 09:08,104.90717,0.597702343281739,0.6787999387796798,-0.08109759549794082,0.1091078162464072,0.34134111185363375,-0.23223329560722655,0.0,0.0,0.597702343281739,0.6787999387796823,-0.08109759549794326
2026.01.07 09:09,104.84781,0.561060868577286,0.662099361457672,-0.10103849288038602,0.03855181077388181,0.2807832516376834,-0.2422314408638016,0.0,0.0,0.5610608685773002,0.662099361457676,-0.10103849288037581
2026.01.07 09:10,104.77375,0.5200513841954404,0.6403707556063117,-0.12031937141087135,-0.03242310930050962,0.21814197945004482,-0.25056508875055444,0.0,0.0,0.5200513841954546,0.6403707556063173,-0.12031937141086269
2026.01.07 09:11,104.6854,0.4749470715407682,0.6137547357633422,-0.13880766422257396,-0.10332931056673544,0.1538477214466888,-0.25717703201342423,0.0,0.0,0.4749470715407824,0.6137547357633493,-0.13880766422256685
2026.01.07 09:12,104.58327,0.42604931009860536,0.5824256760612762,-0.1563763659626708,-0.1736795207174282,0.08834227301386538,-0.2620217937312936,0.0,0.0,0.42604931009861957,0.5824256760612848,-0.15637636596266524
2026.01.07 09:13,104.46797,0.3736861145516457,0.5465903018603223,-0.17290418730867663,-0.24298928865361802,0.022075960680368704,-0.26506524933398673,0.0,0.0,0.3736861145516457,0.5465903018603311,-0.1729041873086854
2026.01.07 09:14,104.34019,0.31820901132194024,0.5064863949232123,-0.1882773836012721,-0.31078196582136286,-0.04449562461997761,-0.2662863412013853,0.0,0.0,0.31820901132194024,0.5064863949232211,-0.18827738360128088
2026.01.07 09:15,104.2007,0.2599903234773251,0.46238098185370063,-0.20239065837637554,-0.37659243710582757,-0.11091498711714762,-0.2656774499886799,0.0,0.0,0.2599903234773393,0.462380981853711,-0.2023906583763717
2026.01.07 09:16,104.05037,0.19942240196400007,0.41456875877874755,-0.21514635681474747,-0.4399670203581536,-0.17672539376534882,-0.2632416265928048,0.0,0.0,0.19942240196401428,0.4145687587787595,-0.2151463568147452
2026.01.07 09:17,103.89012,0.13691280645396375,0.3633699213534392,-0.22645711489947545,-0.5004705926882451,-0.2414744335499281,-0.25899615913831703,0.0,0.0,0.13691280645397796,0.3633699213534527,-0.22645711489947473
2026.01.07 09:18,103.72095,0.07288274949935669,0.3091279081225582,-0.2362451586232015,-0.5576871679454456,-0.3047169804290316,-0.252970187516414,0.0,0.0,0.0728827494993709,0.3091279081225717,-0.23624515862320078
2026.01.07 09:19,103.54392,0.007764126534894444,0.2522071017158309,-0.24444297518093644,-0.6112229562155562,-0.36601817558633654,-0.2452047806292197,0.0,0.0,0.007764126534908655,0.2522071017158443,-0.24444297518093566
2026.01.07 09:20,103.36014,-0.058003730506001716,0.19299034593285644,-0.2509940764388582,-0.6607096069232625,-0.4249564618537217,-0.23575314506954081,0.0,0.0,-0.058003730506001716,0.19299034593286832,-0.25099407643887006
2026.01.07 09:21,103.17077,-0.1239766814012313,0.13187634687731903,-0.25585302827855033,-0.705806030288656,-0.4811263755407086,-0.22467965474794738,0.0,0.0,-0.12397668140121709,0.1318763468773309,-0.255853028278548
2026.01.07 09:22,102.97699,-0.1897102847362362,0.06927674695644326,-0.25898703169267945,-0.7462033823864687,-0.5341417769098606,-0.21206160547660802,0.0,0.0,-0.18971028473622198,0.06927674695645673,-0.2589870316926787
2026.01.07 09:23,102.78003,-0.2547609393749184,0.00561341910123675,-0.26037435847615514,-0.781623563720828,-0.5836381342720541,-0.19798542944877384,0.0,0.0,-0.2547609393749042,0.005613419101251793,-0.260374358476156
2026.01.07 09:24,102.58114,-0.3186891623610677,-0.05868430154747356,-0.26000486081359414,-0.8118217126045266,-0.6292748499385487,-0.18254686266597797,0.0,0.0,-0.3186891623610535,-0.05868430154745852,-0.260004860813595
2026.01.07 09:25,102.38156,-0.3810645033062201,-0.12318284657749802,-0.2578816567287221,-0.8365913522572583,-0.6707381504022906,-0.16585320185496777,0.0,0.0,-0.3810645033062201,-0.12318284657748456,-0.25788165672873553
2026.01.07 09:26,102.18256,-0.4414661008751608,-0.18744716961406743,-0.2540189312610934,-0.8557612715265037,-0.7077427746271333,-0.1480184968993704,0.0,0.0,-0.4414661008751466,-0.18744716961405394,-0.25401893126109265
2026.01.07 09:27,101.98539,-0.49948699810579456,-0.251043808236862,-0.24844318986893255,-0.8691994542258641,-0.7400341105468795,-0.12916534367898458,0.0,0.0,-0.49948699810578034,-0.2510438082368485,-0.24844318986893182
2026.01.07 09:28,101.79128,-0.5547373649035165,-0.313543973952241,-0.24119339095127557,-0.8768146596297584,-0.7673902203634553,-0.10942443926630308,0.0,0.0,-0.5547373649035165,-0.3135439739522291,-0.24119339095128745
2026.01.07 09:29,101.60146,-0.6068452321677995,-0.3745263630257741,-0.23231886914202543,-0.8785534475134682,-0.7896228657934579,-0.08893058172001034,0.0,0.0,-0.6068452321677995,-0.3745263630257622,-0.2323188691420373
2026.01.07 09:30,101.41711,-0.6554608520225145,-0.43358015976147224,-0.22188069226104223,-0.874403992904476,-0.8065790912156615,-0.0678249016888145,0.0,0.0,-0.6554608520225145,-0.4335801597614619,-0.22188069226105256
2026.01.07 09:31,101.23938,-0.7002582652759486,-0.4903077131547736,-0.20995055212117497,-0.8643945459940738,-0.818142182171344,-0.04625236382272979,0.0,0.0,-0.7002582652759486,-0.49030771315476485,-0.20995055212118374
2026.01.07 09:32,101.06937,-0.7409378538331879,-0.5443273703168036,-0.19661048351638433,-0.8485938357629266,-0.8242325128896606,-0.024361322873265978,0.0,0.0,-0.7409378538331737,-0.5443273703167948,-0.1966104835163789
2026.01.07 09:33,100.90812,-0.7772288379867547,-0.5952762231641021,-0.18195261482265257,-0.8271113508069021,-0.824808280473109,-0.002303070333793178,0.0,0.0,-0.7772288379867405,-0.5952762231640933,-0.18195261482264713
2026.01.07 09:34,100.75663,-0.8088893088992677,-0.6428123126744407,-0.16607699622482697,-0.8000932392883584,-0.8198652722361589,0.0197720329478005,0.0,1.0,-0.8088893088992677,-0.642812312674432,-0.16607699622483574
2026.01.07 09:35,100.6158,-0.8357107113646265,-0.6866172693954925,-0.149093441969134,-0.7677265717863975,-0.8094375321462066,0.041710960359809146,0.0,0.0,-0.8357107113646265,-0.6866172693954853,-0.1490934419691412
2026.01.07 09:36,100.48649,-0.8575161895199415,-0.7263982906637311,-0.1311178988562104,-0.73023225898433,-0.7935964775138313,0.06336421852950136,0.0,0.0,-0.8575161895199415,-0.7263982906637254,-0.13111789885621605
2026.01.07 09:37,100.36944,-0.8741653112710424,-0.7618902847045673,-0.11227502656647503,-0.6878700814550882,-0.7724511983020828,0.08458111684699454,0.0,0.0,-0.8741653112710139,-0.7618902847045584,-0.1122750265664555
2026.01.07 09:38,100.26535,-0.8855509729133928,-0.7928575892318555,-0.09269338368153734,-0.6409292992103275,-0.7461468184837318,0.10521751927340428,0.0,0.0,-0.8855509729133644,-0.7928575892318435,-0.09269338368152091
2026.01.07 09:39,100.17478,-0.8916045713749128,-0.8190957802710108,-0.07250879110390196,-0.58973497449702,-0.7148644496863894,0.12512947518936945,0.0,0.0,-0.8916045713748844,-0.8190957802709957,-0.07250879110388864
2026.01.07 09:40,100.09825,-0.8922916405812344,-0.8404328219715982,-0.05185881860963626,-0.5346366801903031,-0.6788188957871721,0.14418221559686906,0.0,0.0,-0.892291640581206,-0.8404328219715799,-0.051858818609626156
2026.01.07 09:41,100.03613,-0.8876168185567792,-0.8567304847186639,-0.030886333838115343,-0.4760150134729457,-0.6382581193243269,0.16224310585138113,0.0,0.0,-0.8876168185567508,-0.856730484718644,-0.030886333838106794
2026.01.07 09:42,99.98873,-0.8776201139101829,-0.8678850709323781,-0.009735042977804809,-0.41427194629945063,-0.5934608847193517,0.17918893841990102,0.0,0.0,-0.8776201139101545,-0.8678850709323567,-0.009735042977797814
2026.01.07 09:43,99.95623,-0.8623791616781062,-0.8738283879078046,0.01144922622969835,-0.3498328694030448,-0.5447352816560903,0.1949024122530455,1.0,0.0,-0.8623791616780778,-0.87382838790778,0.011449226229702125
2026.01.07 09:44,99.93873,-0.8420065733290159,-0.87452792812607,0.0325213547970542,-0.28313969604232625,-0.49241616453333753,0.20927646849101128,0.0,0.0,-0.8420065733289874,-0.8745279281260423,0.03252135479705487
2026.01.07 09:45,99.93621,-0.8166506528466471,-0.8699873129401484,0.053336660093501354,-0.21465069203549092,-0.43686307003376823,0.2222123779982773,0.0,0.0,-0.8166506528466186,-0.8699873129401176,0.05333666009349891
2026.01.07 09:46,99.94854,-0.7864947532909667,-0.8602461398312511,0.07375138654028435,-0.14483789394904534,-0.37845803481682366,0.23362014086777833,0.0,0.0,-0.7864947532909525,-0.8602461398312218,0.07375138654026925
2026.01.07 09:47,99.97551,-0.7517539800973054,-0.8453798072961303,0.09362582719882484,-0.07418009560028338,-0.31760244697351564,0.24342235137323226,0.0,0.0,-0.7517539800972912,-0.8453798072961026,0.0936258271988114
2026.01.07 09:48,100.01678,-0.7126762349444675,-0.8254988810260808,0.1128226460816133,-0.003164291734591984,-0.2547148159257309,0.25155052419113894,0.0,0.0,-0.7126762349444533,-0.8254988810260547,0.11282264608160142
2026.01.07 09:49,100.07194,-0.669537873529066,-0.8007484624647287,0.13121058893566273,0.06772261480763575,-0.1902273297790576,0.25794994458669335,0.0,0.0,-0.6695378735290518,-0.8007484624647042,0.1312105889356524
2026.01.07 09:50,100.14047,-0.6226431701577013,-0.7713069459759423,0.14866377581824097,0.1379944540053657,-0.12458297302217294,0.2625774270275386,0.0,0.0,-0.6226431701576871,-0.7713069459759194,0.1486637758182323
2026.01.07 09:51,100.22174,-0.5723235801070956,-0.7373851088867104,0.16506152877961477,0.20716675064517176,-0.058233028288704004,0.2653997789338758,0.0,0.0,-0.5723235801070814,-0.7373851088866891,0.16506152877960767
2026.01.07 09:52,100.31506,-0.5189328633425845,-0.6992244090716524,0.18029154572906791,0.27476494401572893,0.00836656617218258,0.26639837784354636,0.0,0.0,-0.5189328633425703,-0.6992244090716326,0.18029154572906236
2026.01.07 09:53,100.41964,-0.4628462007681975,-0.657095478787117,0.19424927801891956,0.340324640031767,0.07475818094409946,0.2655664590876675,0.0,0.0,-0.4628462007681833,-0.6570954787870988,0.19424927801891556
2026.01.07 09:54,100.53461,-0.4044576622752345,-0.6112962576125156,0.2068385953372811,0.40339479493486863,0.1404855037422533,0.2629092911926153,0.0,0.0,-0.4044576622752203,-0.6112962576124991,0.20683859533727877
2026.01.07 09:55,100.65904,-0.34417641231891594,-0.5621497752822877,0.21797336296337178,0.4635428140810518,0.20509696581001302,0.2584458482710388,0.0,0.0,-0.34417641231891594,-0.5621497752822727,0.2179733629633568
2026.01.07 09:56,100.79193,-0.2824243627825638,-0.5100020400250942,0.22757767724253042,0.5203565501053333,0.2681488826690771,0.2522076674362562,0.0,0.0,-0.2824243627825638,-0.5100020400250808,0.22757767724251698
2026.01.07 09:57,100.93221,-0.2196341887836155,-0.4552195904516662,0.2355854016680507,0.5734454737196018,0.32920820087918207,0.24423727284041968,0.0,0.0,-0.2196341887836155,-0.4552195904516544,0.23558540166803887
2026.01.07 09:58,101.07876,-0.15624605600628172,-0.398187166282468,0.24194111027618626,0.6224440349364642,0.38785536769063855,0.2345886672458256,0.0,0.0,-0.15624605600628172,-0.3981871662824577,0.24194111027617599
2026.01.07 09:59,101.23044,-0.09270257812084992,-0.33930487827837336,0.24660230015752344,0.6670178195863059,0.44368785806977207,0.22332996151653384,0.0,0.0,-0.09270257812084992,-0.3393048782783647,0.24660230015751478
2026.01.07 10:00,101.38605,-0.0294480290297372,-0.2789853726031113,0.2495373435733741,0.706861512458218,0.4963225889474613,0.21053892351075676,0.0,0.0,-0.02944802902975141,-0.2789853726031058,0.2495373435733544
2026.01.07 10:01,101.54437,0.03307548412176686,-0.21765111177373891,0.2507265958955058,0.7417025172162539,0.5453985746012198,0.19630394261503414,0.0,0.0,0.03307548412175265,-0.21765111177373658,0.25072659589548923
2026.01.07 10:02,101.70415,0.09443019688579568,-0.15573151203440633,0.250161708920202,0.771301278884323,0.5905791154578405,0.1807221634264825,0.0,0.0,0.09443019688578147,-0.15573151203440716,0.25016170892018863
2026.01.07 10:03,101.86414,0.15418673598141197,-0.09365991222811228,0.24784664820952423,0.7954549245836233,0.6315542772829971,0.16390064730062626,0.0,0.0,0.15418673598141197,-0.09365991222811469,0.24784664820952668
2026.01.07 10:04,102.0231,0.21192799326738054,-0.03187053382963489,0.24379852709701544,0.8140002191655213,0.668043465659502,0.14595675350601933,0.0,0.0,0.21192799326738054,-0.0318705338296373,0.24379852709701785
2026.01.07 10:05,102.17977,0.2672496279698464,0.02920435403174402,0.2380452739381024,0.8268102488265185,0.6997968222929054,0.12701342653361314,0.0,0.0,0.2672496279698464,0.02920435403174161,0.23804527393810482
2026.01.07 10:06,102.33292,0.3197643032727058,0.08913751981577972,0.23062678345692605,0.8337981294917114,0.7265970837326666,0.10720104575904477,0.0,0.0,0.31976430327269156,0.08913751981577572,0.23062678345691584
2026.01.07 10:07,102.48135,0.36910481180601096,0.14750983846159002,0.22159497334442094,0.8349183561473268,0.7482613382155987,0.08665701793172809,0.0,0.0,0.36910481180601096,0.14750983846158602,0.22159497334442493
2026.01.07 10:08,102.62387,0.41492469955369415,0.20391286931431712,0.21101183023937703,0.830163596578771,0.7646417898882333,0.06552180669053775,0.0,0.0,0.41492469955369415,0.20391286931431316,0.211011830239381
2026.01.07 10:09,102.75936,0.45690330448930183,0.2579519063719881,0.19895139811731372,0.8195696955561402,0.7756273710218148,0.04394232453432545,0.0,0.0,0.45690330448930183,0.25795190637198573,0.1989513981173161
2026.01.07 10:10,102.88672,0.4947454216953844,0.30924856610239004,0.18549685559299434,0.8032106147132652,0.7811440197601048,0.022066594953160323,0.0,0.0,0.4947454216953844,0.30924856610238927,0.1854968555929951
2026.01.07 10:11,103.00492,0.5281847394871022,0.357443515280313,0.17074122420678922,0.7812006475122786,0.7811553453105397,0.00004530220173892818,0.0,0.0,0.5281847394871022,0.35744351528031376,0.17074122420678844
2026.01.07 10:12,103.11299,0.5569854045434255,0.4021989228983145,0.154786481645111,0.7536930842908305,0.7756628931065979,-0.021969808815767378,0.0,-1.0,0.5569854045434255,0.40219892289831527,0.15478648164511022
2026.01.07 10:13,103.21003,0.5809436987665606,0.44320066795377894,0.13774303081278166,0.7208792409937956,0.7647061626840375,-0.04382692169024183,0.0,0.0,0.5809436987665464,0.44320066795377816,0.13774303081276823
2026.01.07 10:14,103.29521,0.5998889868471764,0.4801605967179267,0.11972839012924968,0.6829863164717551,0.7483621934415811,-0.06537587696982594,0.0,0.0,0.5998889868471622,0.4801605967179243,0.11972839012923786
2026.01.07 10:15,103.3678,0.6136864748095121,0.5128186157775718,0.10086785903194029,0.6402787083771386,0.7267454964286927,-0.08646678805155406,0.0,0.0,0.6136864748094979,0.5128186157775695,0.10086785903192841
2026.01.07 10:16,103.42713,0.6222357719331768,0.5409442780139235,0.08129149391925328,0.5930517493232941,0.700006747007613,-0.10695499768431893,0.0,0.0,0.6222357719331626,0.5409442780139196,0.08129149391924295
2026.01.07 10:17,103.47263,0.6254725628769648,0.5643384850498425,0.061134077827122324,0.5416316633173892,0.6683317302695684,-0.12670006695217917,0.0,0.0,0.6254725628769506,0.5643384850498371,0.06113407782711355
2026.01.07 10:18,103.50384,0.6233703043528607,0.5828348183680158,0.04053548598484491,0.4863755660923772,0.6319404974341302,-0.14556493134175297,0.0,0.0,0.6233703043528322,0.5828348183680071,0.04053548598482515
2026.01.07 10:19,103.52038,0.6159387308156994,0.5963007416036064,0.019637989212093032,0.42766580668182996,0.5910855592836701,-0.16341975260184016,0.0,0.0,0.615938730815671,0.5963007416035945,0.01963798921207649
2026.01.07 10:20,103.52197,0.6032238657274434,0.6046384222969776,-0.0014145565695342643,0.3659076080947017,0.5460499690458764,-0.18014236095117475,-1.0,0.0,0.6032238657274149,0.6046384222969626,-0.001414556569547698
2026.01.07 10:21,103.50845,0.585309212273927,0.6077855120448111,-0.022476299770884167,0.30152905056370116,0.49714578534944137,-0.1956167347857402,0.0,0.0,0.5853092122738985,0.6077855120447929,-0.02247629977089438
2026.01.07 10:22,103.47975,0.562313865981011,0.6057155306241945,-0.04340166464318351,0.2349755875493571,0.4447117457894245,-0.20973615824006742,0.0,0.0,0.5623138659809968,0.6057155306241763,-0.043401664643179516
2026.01.07 10:23,103.43591,0.5343922258258118,0.5984381127329318,-0.06404588690711999,0.16670799668162317,0.38911099596786425,-0.22240299928624108,0.0,0.0,0.5343922258257976,0.5984381127329136,-0.06404588690711599
2026.01.07 10:24,103.37706,0.5017317701392443,0.5859987011029021,-0.08426693096365778,0.09719711113451979,0.3307282190011954,-0.23353110786667564,0.0,0.0,0.5017317701392443,0.5859987011028854,-0.08426693096364113
2026.01.07 10:25,103.30346,0.4645541279900698,0.5684785184425568,-0.10392439045248703,0.026924960823478727,0.2699675673656521,-0.24304260654217336,0.0,0.0,0.4645541279900698,0.5684785184425417,-0.10392439045247193
2026.01.07 10:26,103.21545,0.4231115408020685,0.545993960434235,-0.1228824196321665,-0.04362241019568103,0.20724957185338547,-0.25087198204906647,0.0,0.0,0.4231115408020685,0.5459939604342215,-0.12288241963215307
2026.01.07 10:27,103.11348,0.3776861344205571,0.5186957193306457,-0.14100958491008864,-0.11395636234776418,0.14300838501315555,-0.25696474736091973,0.0,0.0,0.3776861344205571,0.5186957193306354,-0.1410095849100783
2026.01.07 10:28,102.99808,0.32858661506844555,0.48676770646983974,-0.1581810914013942,-0.18359151596493462,0.07768840481753751,-0.26127992078247214,0.0,0.0,0.32858661506843134,0.486767706469831,-0.15818109140139963
2026.01.07 10:29,102.86989,0.27614777095988075,0.4504259181623328,-0.17427814720245205,-0.2520460076250828,0.011741522329013453,-0.2637875299540962,0.0,0.0,0.27614777095988075,0.4504259181623272,-0.17427814720244644
2026.01.07 10:30,102.72963,0.2207273914336838,0.40991682695786136,-0.18918943552417755,-0.3188463295100803,-0.0543760480388053,-0.264470281471275,0.0,0.0,0.2207273914336838,0.40991682695785886,-0.18918943552417505
2026.01.07 10:31,102.5781,0.1627035910478014,0.36551568529861583,-0.20281209425081442,-0.3835309400540581,-0.12020702644185587,-0.2633239136122022,0.0,0.0,0.16270359104781562,0.36551568529861655,-0.20281209425080093
2026.01.07 10:32,102.4162,0.10247407688740395,0.31752477986101496,-0.215050702973611,-0.44565006180597777,-0.18529563351468026,-0.2603544282912975,0.0,0.0,0.10247407688740395,0.31752477986101724,-0.21505070297361328
2026.01.07 10:33,102.24486,0.04044976719605131,0.26627122397843794,-0.22582145678238663,-0.5047755491972623,-0.24919161665119668,-0.2555839325460656,0.0,0.0,0.04044976719605131,0.2662712239784402,-0.2258214567823889
2026.01.07 10:34,102.06512,-0.022943977060080556,0.21210476786175458,-0.23504874492183514,-0.5604961914561954,-0.31145253161219644,-0.249043659843999,0.0,0.0,-0.022943977060080556,0.21210476786175686,-0.23504874492183742
2026.01.07 10:35,101.87804,-0.08727373136832739,0.15539529317615505,-0.24266902454448244,-0.6124270737759616,-0.3716474400449495,-0.24077963373101213,0.0,0.0,-0.08727373136832739,0.15539529317615733,-0.24266902454448472
2026.01.07 10:36,101.68476,-0.15209831116688122,0.09653035477755079,-0.248628665944432,-0.6602071538557368,-0.42935938280710695,-0.23084777104862986,0.0,0.0,-0.15209831116688122,0.09653035477755306,-0.24862866594443428
2026.01.07 10:37,101.48644,-0.21697388438607845,0.0359125215048259,-0.25288640589090433,-0.7035056753932025,-0.4841886413243261,-0.21931703406887643,0.0,0.0,-0.21697388438607845,0.03591252150482976,-0.2528864058909082
2026.01.07 10:38,101.28429,-0.28145561400924635,-0.026043410158410447,-0.2554122038508359,-0.7420217474054027,-0.5357552625405415,-0.2062664848648612,0.0,0.0,-0.28145561400924635,-0.026043410158406586,-0.25541220385083974
2026.01.07 10:39,101.07953,-0.3451021473150462,-0.08891335890826935,-0.25618878840677684,-0.775489055773491,-0.5837020211871314,-0.1917870345863596,0.0,0.0,-0.3451021473150462,-0.08891335890826547,-0.2561887884067807
2026.01.07 10:40,100.87343,-0.40747590249976895,-0.1522666359691105,-0.25520926653065845,-0.8036726340778841,-0.627696143765282,-0.1759764903126021,0.0,0.0,-0.40747590249976895,-0.1522666359691082,-0.2552092665306608
2026.01.07 10:41,100.66723,-0.4681496320319667,-0.215669270293485,-0.25248036173848165,-0.8263771580517414,-0.667432346622574,-0.1589448114291674,0.0,0.0,-0.4681496320319667,-0.2156692702934827,-0.252480361738484
2026.01.07 10:42,100.4622,-0.5267066607875819,-0.27868665118055536,-0.24802000960702653,-0.8434431298576754,-0.7026345032695943,-0.14080862658808113,0.0,0.0,-0.5267066607875819,-0.2786866511805531,-0.2480200096070288
2026.01.07 10:43,100.25959,-0.5827449407438365,-0.34088675825652826,-0.24185818248730828,-0.8547502923773607,-0.7330576610911477,-0.121692631286213,0.0,0.0,-0.5827449407438365,-0.340886758256526,-0.24185818248731056
2026.01.07 10:44,100.06063,-0.6358800610429682,-0.4018430171092661,-0.23403704393370212,-0.8602188376010673,-0.7584898963931316,-0.10172894120793574,0.0,0.0,-0.6358800610429682,-0.40184301710926384,-0.2340370439337044
2026.01.07 10:45,99.86654,-0.6857466075902181,-0.46113727226741463,-0.22460933532280347,-0.8598075851052727,-0.7787534341355599,-0.0810541509697128,0.0,0.0,-0.6857466075902181,-0.46113727226741236,-0.22460933532280575
2026.01.07 10:46,99.67849,-0.7320022026618176,-0.518362640964719,-0.21363956169709863,-0.8535171428169122,-0.7937061758718305,-0.0598109669450817,0.0,0.0,-0.7320022026618176,-0.5183626409647167,-0.21363956169710085
2026.01.07 10:47,99.49761,-0.7743296095964212,-0.5731264182521828,-0.20120319134423836,-0.8413893069860876,-0.803242802094682,-0.038146504891405586,0.0,0.0,-0.7743296095964212,-0.5731264182521806,-0.20120319134424058
2026.01.07 10:48,99.325,-0.8124372975412371,-0.6250525460550929,-0.1873847514861442,-0.823503825522323,-0.8072950067802103,-0.016208818742112774,0.0,0.0,-0.8124372975412371,-0.6250525460550906,-0.18738475148614642
2026.01.07 10:49,99.16169,-0.8460627818565172,-0.673784421539176,-0.17227836031734123,-0.7999804641828234,-0.805832098260733,0.005851634077909562,0.0,1.0,-0.8460627818565172,-0.6737844215391738,-0.17227836031734334
2026.01.07 10:50,99.00863,-0.8749757079513074,-0.7189873188635472,-0.15598838908776025,-0.7709803998878328,-0.798861758586153,0.027881358698320202,0.0,0.0,-0.8749757079513074,-0.718987318863545,-0.15598838908776236
2026.01.07 10:51,98.86674,-0.8989759126358194,-0.7603505690689069,-0.13862534356691258,-0.7366985727680486,-0.7864291214225322,0.049730548654483564,0.0,0.0,-0.8989759126358194,-0.7603505690689047,-0.1386253435669147
2026.01.07 10:52,98.73682,-0.9178987406634462,-0.7975898801710857,-0.12030886049236056,-0.6973697685164524,-0.7686172508413163,0.07124748232486389,0.0,0.0,-0.9178987406634462,-0.7975898801710836,-0.12030886049236267
2026.01.07 10:53,98.61961,-0.9316140191390616,-0.8304492088484294,-0.10116481029063218,-0.6532627814890475,-0.7455463569708626,0.0922835754818151,0.0,0.0,-0.9316140191390616,-0.8304492088484273,-0.10116481029063429
2026.01.07 10:54,98.51578,-0.9400256587522762,-0.8587024367553248,-0.08132322199695141,-0.6046763544786415,-0.7173723564724184,0.11269600199377683,0.0,0.0,-0.9400256587522762,-0.8587024367553227,-0.08132322199695352
2026.01.07 10:55,98.42587,-0.9430757392611895,-0.8821550519330328,-0.0609206873281567,-0.551943520984338,-0.6842865893748024,0.1323430683904644,0.0,0.0,-0.9430757392611895,-0.8821550519330307,-0.06092068732815881
2026.01.07 10:56,98.35035,-0.9407424890700469,-0.9006453718745467,-0.04009711719550013,-0.49542463439269113,-0.6465141983783801,0.15108956398568896,0.0,0.0,-0.9407424890700469,-0.9006453718745446,-0.04009711719550224
2026.01.07 10:57,98.28958,-0.9330414812100827,-0.9140458367266407,-0.01899564448344193,-0.43550688044955166,-0.6043127347926144,0.16880585434306272,0.0,0.0,-0.9330414812100827,-0.9140458367266385,-0.018995644483444152
2026.01.07 10:58,98.24384,-0.9200237516193965,-0.9222637222558495,0.0022399706364529814,-0.3725983809094089,-0.5579698640159734,0.18537148310656448,1.0,0.0,-0.9200237516193965,-0.9222637222558474,0.002239970636450872
2026.01.07 10:59,98.21328,-0.9017779093290272,-0.9252417446311517,0.02346383530212448,-0.3071300232828946,-0.5078018958693576,0.20067187258646302,0.0,0.0,-0.9017779093290272,-0.9252417446311496,0.02346383530212237
2026.01.07 11:00,98.19795,-0.878428968396932,-0.9229587508268309,0.04452978242989891,-0.2395512584951831,-0.45415176839452276,0.21460050989933965,0.0,0.0,-0.878428968396932,-0.9229587508268288,0.0445297824298968
2026.01.07 11:01,98.19782,-0.8501354224427615,-0.9154294932467548,0.0652940708039933,-0.17032324304948077,-0.3973860633255144,0.22706282027603364,0.0,0.0,-0.8501354224427615,-0.9154294932467527,0.06529407080399119
2026.01.07 11:02,98.21273,-0.8170905596873013,-0.9027046644187815,0.08561410473148023,-0.09992024709828229,-0.337892900080068,0.23797265298178572,0.0,0.0,-0.8170905596873013,-0.9027046644187793,0.08561410473147801
2026.01.07 11:03,98.24243,-0.7795199058511031,-0.8848706918742067,0.10535078602310366,-0.028824016199180846,-0.2760791233038906,0.24725510710470977,0.0,0.0,-0.7795199058511031,-0.8848706918742045,0.10535078602310144
2026.01.07 11:04,98.28656,-0.7376804487902575,-0.8620489929329921,0.12436854414273457,0.04247809845604422,-0.21236767895190364,0.2548457774079479,0.0,0.0,-0.7376804487902575,-0.8620489929329899,0.12436854414273235
2026.01.07 11:05,98.34467,-0.6918580770327338,-0.8343951693732906,0.14253709234055678,0.11349799300327845,-0.14719454456086722,0.2606925375641457,0.0,0.0,-0.6918580770327338,-0.8343951693732884,0.14253709234055456
2026.01.07 11:06,98.41622,-0.6423652435812954,-0.8020978096367587,0.15973256605546327,0.1837507478996514,-0.08100548606876351,0.2647562339684149,0.0,0.0,-0.6423652435812954,-0.8020978096367565,0.15973256605546104
2026.01.07 11:07,98.50055,-0.5895412259930737,-0.7653775290116117,0.17583630301853803,0.25275355458479964,-0.014253677938050886,0.2670072325228505,0.0,0.0,-0.5895412259930737,-0.7653775290116095,0.1758363030185358
2026.01.07 11:08,98.59695,-0.5337464404069294,-0.724485143575823,0.19073870316889363,0.3200353340182289,0.05260412445320508,0.26743120956502386,0.0,0.0,-0.5337464404069294,-0.7244851435758208,0.1907387031688914
2026.01.07 11:09,98.7046,-0.4753625321510526,-0.6796999839929476,0.204337451841895,0.3851350686931738,0.11911031330119884,0.266024755391975,0.0,0.0,-0.4753625321510526,-0.6796999839929454,0.20433745184189278
2026.01.07 11:10,98.82261,-0.4147890139203554,-0.6313281608237914,0.216539146903436,0.4476064805438824,0.18480954674973557,0.2627969337941468,0.0,0.0,-0.4147890139203554,-0.6313281608237892,0.2165391469034338
2026.01.07 11:11,98.95003,-0.3524396305325439,-0.5797002798065961,0.2272606492740522,0.5070227021310671,0.2492521778260019,0.25777052430506525,0.0,0.0,-0.3524396305325439,-0.5797002798065939,0.22726064927405
2026.01.07 11:12,99.08584,-0.2887401463337511,-0.5251691954157792,0.2364290490820281,0.5629779398413319,0.31199733022906795,0.250980609612264,0.0,0.0,-0.2887401463337511,-0.525169195415777,0.2364290490820259
2026.01.07 11:13,99.22895,-0.22412647470980573,-0.46810764274017347,0.24398116803036773,0.6150883844330792,0.3726155410698702,0.242472843363209,0.0,0.0,-0.22412647470981995,-0.4681076427401728,0.24398116803035286
2026.01.07 11:14,99.37825,-0.1590391083410907,-0.40890553510776867,0.24986642676667797,0.6629996129606752,0.43069235544803125,0.23230725751264397,0.0,0.0,-0.1590391083411049,-0.4089055351077696,0.2498664267666647
2026.01.07 11:15,99.53255,-0.09392348958107277,-0.3479675624410773,0.2540440728600045,0.7063826692546513,0.48583041820935535,0.22055225104529597,0.0,0.0,-0.09392348958107277,-0.3479675624410782,0.2540440728600054
2026.01.07 11:16,99.69066,-0.029223862466182027,-0.285710077604756,0.25648621513857395,0.7449421779477206,0.5376527701570284,0.20728940779069216,0.0,0.0,-0.029223862466182027,-0.2857100776047569,0.2564862151385749
2026.01.07 11:17,99.85135,0.034618339546526045,-0.22255843538770537,0.2571767749342314,0.7784155423851331,0.5858053246026493,0.19261021778248377,0.0,0.0,0.034618339546540255,-0.2225584353877047,0.25717677493424496
2026.01.07 11:18,100.01337,0.09716732015994012,-0.15894400735315062,0.25611132751309074,0.8065744252492237,0.6299591447319642,0.1766152805172595,0.0,0.0,0.09716732015995433,-0.1589440073531484,0.2561113275131027
2026.01.07 11:19,100.17547,0.15799666599484397,-0.09530115402923958,0.2532978200240835,0.829227726840557,0.6698128611536829,0.15941486568687413,0.0,0.0,0.15799666599485818,-0.09530115402923577,0.25329782002409396
2026.01.07 11:20,100.3364,0.21669217437266752,-0.03206428681754943,0.24875646119021694,0.8462226357638087,0.705094816075708,0.14112781968810073,0.0,0.0,0.21669217437268173,-0.03206428681754403,0.24875646119022576
2026.01.07 11:21,100.49491,0.2728539296615935,0.03033505495971108,0.2425188747018824,0.8574442642331803,0.7355647057072024,0.12187955852597787,0.0,0.0,0.2728539296616077,0.030335054959718062,0.24251887470188965
2026.01.07 11:22,100.64978,0.32610016039039635,0.09147134774862242,0.23462881264177393,0.8628185117447202,0.761015466914706,0.10180304483001423,0.0,0.0,0.32610016039041057,0.09147134774863257,0.23462881264177798
2026.01.07 11:23,100.7998,0.37606845899112784,0.15092774411886892,0.22514071487225892,0.8623099614527234,0.7812743658223096,0.08103559563041385,0.0,0.0,0.37606845899114205,0.1509277441188822,0.22514071487225984
2026.01.07 11:24,100.94381,0.4224197076499223,0.20829921047786837,0.21412049717205395,0.8559248368352286,0.7962044600248934,0.05972037681033515,0.0,0.0,0.4224197076499365,0.20829921047788325,0.21412049717205328
2026.01.07 11:25,101.08069,0.4648400909848647,0.26319520530576246,0.20164488567910221,0.8437102586439096,0.8057056197486967,0.03800463889521288,0.0,0.0,0.4648400909848789,0.2631952053057789,0.2016448856791
2026.01.07 11:26,101.20936,0.5030423845836651,0.3152423214210001,0.187800063162665,0.8257523262992947,0.8097149610588164,0.016037365240478385,0.0,0.0,0.5030423845836793,0.3152423214210166,0.18780006316266273
2026.01.07 11:27,101.3288,0.5367682569521293,0.36408686995346556,0.1726813869986637,0.8021762306693319,0.8082072149809195,-0.006030984311587662,0.0,-1.0,0.5367682569521435,0.36408686995348205,0.17268138699866142
2026.01.07 11:28,101.43808,0.5657921369336663,0.4093974778355569,0.15639465909810935,0.7731491432759867,0.801195600639933,-0.028046457363946287,0.0,0.0,0.5657921369336663,0.40939747783557184,0.1563946590980944
2026.01.07 11:29,101.53629,0.5899182863558394,0.45086704583368714,0.1390512405221523,0.7388707539440134,0.7887306313007492,-0.049859877356735804,0.0,0.0,0.5899182863558394,0.45086704583370046,0.13905124052213896
2026.01.07 11:30,101.62265,0.608986941471727,0.4882151582570353,0.12077178321469173,0.6995809568438176,0.7709006964093629,-0.07131973956554527,0.0,0.0,0.6089869414717413,0.48821515825704864,0.12077178321469262
2026.01.07 11:31,101.69643,0.6228723328990355,0.5211898440913285,0.10168248880770703,0.6555522819837307,0.7478310135242364,-0.0922787315405057,0.0,0.0,0.6228723328990498,0.5211898440913418,0.10168248880770792
2026.01.07 11:32,101.757,0.6314847354942259,0.5495694303694505,0.0819153051247754,0.6070903287493365,0.7196828765692566,-0.11259254781992001,0.0,0.0,0.6314847354942401,0.5495694303694639,0.08191530512477618
2026.01.07 11:33,101.80382,0.6347708658979343,0.5731640035081185,0.06160686238981583,0.5545312211404934,0.686652545483504,-0.1321213243430106,0.0,0.0,0.6347708658979485,0.5731640035081319,0.06160686238981661
2026.01.07 11:34,101.83644,0.632713778711107,0.5918166354777009,0.0408971432334061,0.49823845923383203,0.6489697282335696,-0.15073126899973754,0.0,0.0,0.6327137787111212,0.5918166354777143,0.040897143233406874
2026.01.07 11:35,101.85453,0.6253347642062153,0.6054046776579842,0.01993008654823103,0.43860366598437395,0.6068965157837305,-0.16829284979935655,0.0,0.0,0.6253347642062295,0.6054046776579978,0.019930086548231696
2026.01.07 11:36,101.85782,0.6126896130789277,0.6138403838942952,-0.001150770815367519,0.3760372590584069,0.5607246644386659,-0.18468740538025896,-1.0,0.0,0.6126896130789561,0.6138403838943103,-0.0011507708153541962
2026.01.07 11:37,101.84619,0.5948724762917124,0.6170715327118559,-0.022199056420143526,0.3109736211594907,0.5107744557828309,-0.1998008346233402,0.0,0.0,0.5948724762917408,0.6170715327118741,-0.022199056420133312
2026.01.07 11:38,101.8196,0.5720128679679277,0.6150820417798657,-0.04306917381193798,0.2438635184492881,0.45739226831612234,-0.21352874986683423,0.0,0.0,0.5720128679679277,0.6150820417798839,-0.043069173811956185
2026.01.07 11:39,101.77811,0.5442745096747217,0.6078917715801985,-0.06361726190547679,0.17517062215470958,0.4009479390838398,-0.22577731692913022,0.0,0.0,0.5442745096746933,0.6078917715802119,-0.06361726190551864
2026.01.07 11:40,101.72189,0.5118548328390347,0.5955564937957539,-0.08370166095671927,0.10536956545914222,0.3418322643589003,-0.23646269889975807,0.0,0.0,0.5118548328390062,0.5955564937957626,-0.08370166095675635
2026.01.07 11:41,101.65122,0.47498420474452985,0.5781675459346766,-0.10318334119014672,0.03494370429596927,0.2804545523463141,-0.24551084805034484,0.0,0.0,0.4749842047445014,0.5781675459346806,-0.10318334119017913
2026.01.07 11:42,101.56647,0.43392335134007,0.5558511554282471,-0.12192780408817716,-0.03562009058336457,0.2172396237603784,-0.252859714343743,0.0,0.0,0.43392335134004156,0.5558511554282464,-0.1219278040882048
2026.01.07 11:43,101.46811,0.38896178982555796,0.5287676011076305,-0.1398058112820726,-0.10583429320176663,0.15262484036794938,-0.258459133569716,0.0,0.0,0.38896178982554375,0.5287676011076267,-0.13980581128208291
2026.01.07 11:44,101.35671,0.34041627251559703,0.4971099909197841,-0.15669371840418705,-0.17521327178030788,0.08705721793829793,-0.2622704897186058,0.0,0.0,0.3404162725155828,0.4971099909197771,-0.15669371840419427
2026.01.07 11:45,101.23292,0.28862766183100064,0.4611031074477922,-0.17247544561679157,-0.24327836393793234,0.020990101563051873,-0.2642684655009842,0.0,0.0,0.2886276618309864,0.46110310744778044,-0.172475445616794
2026.01.07 11:46,101.0975,0.23396060033357458,0.421001787896888,-0.18704118756331345,-0.3095574615517762,-0.04511941105991375,-0.2644380504918625,0.0,0.0,0.23396060033356036,0.4210017878968715,-0.18704118756331112
2026.01.07 11:47,100.95127,0.1767989926038922,0.3770891350786619,-0.20029014247476967,-0.37359210024658296,-0.1108139488972476,-0.26277815134933535,0.0,0.0,0.176798992603878,0.3770891350786438,-0.2002901424747658
2026.01.07 11:48,100.79513,0.11754384133301699,0.329674616374028,-0.21213077504101102,-0.4349396132928689,-0.17563908177637189,-0.259300531516497,0.0,0.0,0.11754384133300277,0.32967461637401146,-0.2121307750410087
2026.01.07 11:49,100.63004,0.05660976166115006,0.27909183068759635,-0.2224820690264463,-0.493177425234407,-0.23914675046797892,-0.25403067476642804,0.0,0.0,0.05660976166113585,0.2790918306875814,-0.22248206902644557
2026.01.07 11:50,100.45706,-0.005574713998143466,0.22569639527174376,-0.23127110926988723,-0.5479001848456164,-0.30089743734350644,-0.24700274750211,0.0,0.0,-0.0055747139981576765,0.22569639527173044,-0.23127110926988811
2026.01.07 11:51,100.27725,-0.06857503294490641,0.16986324146230194,-0.23843827440720836,-0.5987317943213526,-0.3604643087390757,-0.2382674855822769,0.0,0.0,-0.06857503294492062,0.16986324146229018,-0.2384382744072108
2026.01.07 11:52,100.09178,-0.13194810296933213,0.11198436448509194,-0.24393246745442407,-0.6453176620222649,-0.4174349793957135,-0.22788268262655142,0.0,0.0,-0.13194810296936055,0.11198436448507859,-0.24393246745443914
2026.01.07 11:53,99.9018,-0.19525078628797132,0.05246580239580657,-0.24771658868377788,-0.6873373870376867,-0.4714154609241082,-0.21592192611357847,0.0,0.0,-0.19525078628799974,0.05246580239579165,-0.2477165886837914
2026.01.07 11:54,99.70853,-0.25803937536909416,-0.008274979515315077,-0.24976439585377908,-0.7245000691296895,-0.5220323825652244,-0.202467686564465,0.0,0.0,-0.25803937536910837,-0.008274979515329997,-0.24976439585377838
2026.01.07 11:55,99.51321,-0.3198731773515391,-0.06981206592477215,-0.2500611114267669,-0.7565474712300642,-0.5689354002981925,-0.1876120709318717,0.0,0.0,-0.3198731773515249,-0.06981206592478391,-0.250061111426741
2026.01.07 11:56,99.31709,-0.3803180857155297,-0.13171396351581904,-0.24860412219971068,-0.7832568376253732,-0.6117996877636287,-0.17145714986174454,0.0,0.0,-0.3803180857155155,-0.13171396351582765,-0.24860412219968786
2026.01.07 11:57,99.12142,-0.43895010126321665,-0.19354662380428944,-0.2454034774589272,-0.8044433404136129,-0.6503284182936255,-0.15411492211998734,0.0,0.0,-0.43895010126320244,-0.19354662380429488,-0.24540347745890756
2026.01.07 11:58,98.92746,-0.49535717781752453,-0.2548762837463644,-0.24048089407116013,-0.8199593175380357,-0.6842545981425077,-0.13570471939552808,0.0,0.0,-0.4953571778175103,-0.25487628374636667,-0.24048089407114365
2026.01.07 11:59,98.73645,-0.5491429252282387,-0.3152727516608194,-0.2338701735674193,-0.8296969221638477,-0.7133430629467757,-0.11635385921707198,0.0,0.0,-0.5491429252282245,-0.31527275166081853,-0.23387017356740597
2026.01.07 12:00,100.0,-0.48422870539073415,-0.36145649304368915,-0.122772212347045,-0.6285580269177444,-0.6963860557409695,0.06782802882322503,0.0,1.0,-0.48422870539071994,-0.36145649304368516,-0.12277221234703478
2026.01.07 12:01,100.0,-0.42785171029990465,-0.394334671635975,-0.03351703866392963,-0.46562042482028687,-0.650232929556833,0.1846125047365461,0.0,0.0,-0.42785171029990465,-0.3943346716359678,-0.03351703866393685
2026.01.07 12:02,100.0,-0.3788058969347361,-0.41472968393006,0.03592378699532389,-0.33408347071980415,-0.5870030377894273,0.25291956706962315,1.0,0.0,-0.3788058969347361,-0.4147296839300496,0.03592378699531351
2026.01.07 12:03,100.0,-0.3360628135639132,-0.4233989548405954,0.08733614127668221,-0.22832849417757473,-0.5152681290670568,0.28693963488948204,0.0,0.0,-0.3360628135639132,-0.4233989548405835,0.08733614127667028
2026.01.07 12:04,100.0,-0.2987448671786268,-0.42105136482138295,0.12230649764275614,-0.1437159604923437,-0.4409576953521142,0.2972417348597705,0.0,0.0,-0.2987448671786268,-0.4210513648213726,0.12230649764274582
2026.01.07 12:05,100.0,-0.26610265998584737,-0.40836076196252935,0.14225810197668198,-0.07641712012936352,-0.3680495803075641,0.29163246017820055,0.0,0.0,-0.26610265998584737,-0.4083607619625206,0.1422581019766732
2026.01.07 12:06,100.0,-0.2374957721853974,-0.38597694762054946,0.14848117543515205,-0.02327432857325107,-0.2990945299607015,0.27582020138745045,0.0,0.0,-0.2374957721853974,-0.38597694762054224,0.14848117543514483
2026.01.07 12:07,100.0,-0.21237646382679998,-0.35453464606602453,0.14215818223922455,0.018314806757288693,-0.23561266261710348,0.25392746937439215,0.0,0.0,-0.21237646382679998,-0.35453464606601887,0.1421581822392189
2026.01.07 12:08,100.0,-0.19027584942816134,-0.3146605265326826,0.12438467710452128,0.05049348353107064,-0.17839143338746866,0.2288849169185393,0.0,0.0,-0.19027584942816134,-0.3146605265326785,0.12438467710451717
2026.01.07 12:09,100.0,-0.1707921674984334,-0.2798342445446492,0.10904207704621582,0.07502531948463798,-0.12770808281304732,0.2027334022976853,0.0,0.0,-0.1707921674984334,-0.27983424454464667,0.10904207704621327
2026.01.07 12:10,100.0,-0.15358082504637594,-0.2493597017387016,0.09577887669232565,0.09336031536246026,-0.0834944031779458,0.17685471854040608,0.0,0.0,-0.15358082504637594,-0.24935970173869906,0.09577887669232313
2026.01.07 12:11,100.0,-0.1383459462016532,-0.2226419294350257,0.0842959832333725,0.10668948601129102,-0.04545762534009844,0.15214711135138947,0.0,0.0,-0.1383459462016532,-0.22264192943502317,0.08429598323336998
2026.01.07 12:12,100.0,-0.12483319558310768,-0.19917197188160285,0.07433877629849517,0.11599008858829052,-0.01316808255442065,0.12915817114271116,0.0,0.0,-0.12483319558310768,-0.19917197188160035,0.07433877629849267
2026.01.07 12:13,100.0,-0.11282368218586214,-0.17851406243796233,0.0656903802521002,0.12206305111594418,0.013878144179652316,0.10818490693629186,0.0,0.0,-0.11282368218586214,-0.17851406243795984,0.0656903802520977
2026.01.07 12:14,100.0,-0.10212877929986064,-0.16029474236174157,0.05816596306188093,0.12556393350126882,0.03621530204397562,0.0893486314572932,0.0,0.0,-0.10212877929986064,-0.16029474236173907,0.058165963061878434
2026.01.07 12:15,100.0,-0.09258572114929109,-0.14419362557995197,0.05160790443066088,0.12702852753064064,0.05437794714130863,0.07265058038933202,0.0,0.0,-0.09258572114929109,-0.1441936255799495,0.05160790443065841
2026.01.07 12:16,100.0,-0.08405385825470546,-0.1299355582941637,0.04588170003945824,0.12689401466903405,0.06888116064685372,0.05801285402218033,0.0,0.0,-0.08405385825470546,-0.1299355582941612,0.04588170003945574
2026.01.07 12:17,100.0,-0.07641147156230943,-0.1172839607535135,0.040872489191204064,0.1255164443984711,0.0802082173971772,0.04530822700129389,0.0,0.0,-0.07641147156230943,-0.117283960753511,0.040872489191201566
2026.01.07 12:18,100.0,-0.06955306066014089,-0.10603517110481432,0.036482110444673435,0.1231851660461416,0.08880360712697008,0.03438155891917152,0.0,0.0,-0.06955306066014089,-0.10603517110481182,0.03648211044467094
2026.01.07 12:19,100.0,-0.06338703433326032,-0.09601363880335703,0.032626604470096715,0.12013473917448891,0.09506983353647384,0.02506490563801507,0.0,0.0,-0.06338703433326032,-0.09601363880335453,0.03262660447009422
2026.01.07 12:20,100.0,-0.05783374266026442,-0.0870678384098694,0.029234095749604977,0.11655475796200676,0.09936681842158043,0.017187939540426328,0.0,0.0,-0.05783374266026442,-0.0870678384098669,0.02923409574960248
2026.01.07 12:21,100.0,-0.052823799125448545,-0.07906679435901838,0.026242995233569835,0.11259795053530297,0.10201304484432494,0.01058490569097803,0.0,0.0,-0.052823799125448545,-0.07906679435901588,0.026242995233567337
2026.01.07 12:22,100.0,-0.048296649072526066,-0.07189712401309215,0.02360047494056608,0.1083868523708702,0.103287806349634,0.005099046021236203,0.0,0.0,-0.048296649072526066,-0.07189712401308965,0.02360047494056358
2026.01.07 12:23,100.0,-0.04419934747468801,-0.06546052047696185,0.021261173002273842,0.10401930154479544,0.10343410538866629,0.0005851961561291474,0.0,0.0,-0.04419934747468801,-0.06546052047695936,0.021261173002271344
2026.01.07 12:24,100.0,-0.0404855146276617,-0.059671608641225254,0.019186094013563554,0.0995729609997511,0.10266187651088325,-0.003088915511132148,0.0,-1.0,-0.0404855146276617,-0.059671608641222756,0.019186094013561056
2026.01.07 12:25,100.0,-0.03711444314205892,-0.05445611807315342,0.0173416749310945,0.0951090376501611,0.10115130873873882,-0.0060422710885777164,0.0,0.0,-0.03711444314205892,-0.05445611807315092,0.017341674931092003
2026.01.07 12:26,100.0,-0.03405033365173438,-0.04974932497197841,0.015698991320244035,0.0906753388300956,0.09905611475701018,-0.00838077592691458,0.0,0.0,-0.03405033365173438,-0.049749324971975914,0.015698991320241537
2026.01.07 12:27,100.0,-0.03126164007780119,-0.04549472268505178,0.014233082607250591,0.0863087822844335,0.09650664826249485,-0.01019786597806134,0.0,0.0,-0.03126164007780119,-0.04549472268504928,0.014233082607248093
2026.01.07 12:28,100.0,-0.02872050818851335,-0.04164288644674656,0.01292237825823321,0.08203745576101085,0.09361280976219805,-0.0115753540011872,0.0,0.0,-0.02872050818851335,-0.04164288644674406,0.012922378258230713
2026.01.07 12:29,100.0,-0.026402293652012077,-0.03815050322360741,0.011748209571595336,0.07788230557756037,0.0904667089252705,-0.012584403347710132,0.0,0.0,-0.026402293652012077,-0.038150503223604915,0.011748209571592838
2026.01.07 12:30,100.0,-0.024285147862428857,-0.03497954197216078,0.010694394109731921,0.07385851971798729,0.08714507108381386,-0.013286551365826571,0.0,0.0,-0.024285147862428857,-0.03497954197215828,0.010694394109729423
2026.01.07 12:31,100.0,-0.022349661584414093,-0.03209654336237056,0.009746881777956469,0.06997665957666754,0.0837113887823846,-0.013734729205717056,0.0,0.0,-0.022349661584414093,-0.032096543362368064,0.009746881777953971
2026.01.07 12:32,100.0,-0.02057855795823116,-0.029472011193875356,0.008893453235644198,0.06624358500519634,0.08021782802694695,-0.013974243021750613,0.0,0.0,-0.02057855795823116,-0.029472011193872858,0.0088934532356417
2026.01.07 12:33,100.0,-0.018956427676073417,-0.027079890421476658,0.00812346274540324,0.06266320948930115,0.07670690431941779,-0.014043694830116638,0.0,0.0,-0.018956427676073417,-0.02707989042147416,0.008123462745400743
2026.01.07 12:34,100.0,-0.01746950021653504,-0.02489711898530734,0.0074276187687723,0.05923711581357338,0.07321294661824891,-0.01397583080467553,0.0,0.0,-0.01746950021653504,-0.02489711898530484,0.007427618768769802
2026.01.07 12:35,100.0,-0.016105445936659635,-0.022903242572521257,0.006797796635861622,0.05596505722455447,0.06976336873951003,-0.013798311514955558,0.0,0.0,-0.016105445936659635,-0.02290324257251876,0.006797796635859124
2026.01.07 12:36,100.0,-0.014853204595596026,-0.021080083074498462,0.006226878478902437,0.05284536468703038,0.06637976792901411,-0.013534403241983725,0.0,0.0,-0.014853204595596026,-0.02108008307449596,0.006226878478899935
2026.01.07 12:37,100.0,-0.01370283654097193,-0.019411452891438304,0.005708616350466374,0.049875277182266586,0.0630788697796646,-0.01320359259739802,0.0,0.0,-0.01370283654097193,-0.019411452891435803,0.005708616350463873
2026.01.07 12:38,100.0,-0.012645393346701894,-0.017882908413070508,0.005237515066368614,0.04705120898925941,0.05987333762158357,-0.01282212863232416,0.0,0.0,-0.012645393346701894,-0.017882908413068006,0.005237515066366112
2026.01.07 12:39,100.0,-0.011672805164906208,-0.016481537002234658,0.00480873183732845,0.044368965408622785,0.056772463178991414,-0.01240349777036863,0.0,0.0,-0.011672805164906208,-0.016481537002232156,0.004808731837325948
2026.01.07 12:40,100.0,-0.010777782456486307,-0.015195772654687125,0.004417990198200819,0.041823916344057466,0.053782753812004626,-0.01195883746794716,0.0,0.0,-0.010777782456486307,-0.015195772654684624,0.004417990198198317
2026.01.07 12:41,100.0,-0.009953730107085335,-0.014015236226782034,0.0040615061196967,0.03941113547102759,0.05090843014380922,-0.011497294672781627,0.0,0.0,-0.009953730107085335,-0.014015236226779533,0.0040615061196941984
2026.01.07 12:42,100.0,-0.009194672225291356,-0.012930596732250695,0.003735924506959339,0.03712551133521913,0.048151846382091204,-0.011026335046872074,0.0,0.0,-0.009194672225291356,-0.012930596732248192,0.0037359245069568357
2026.01.07 12:43,100.0,-0.008495186167166935,-0.011933450726765351,0.003438264559598416,0.03496183558161192,0.04551384422199535,-0.010552008640383428,0.0,0.0,-0.008495186167166935,-0.011933450726762848,0.003438264559595913
2026.01.07 12:44,100.0,-0.00785034454138156,-0.01101621723840112,0.0031658726970195603,0.03291487257506276,0.042994049892608834,-0.010079177317546074,0.0,0.0,-0.00785034454138156,-0.011016217238398617,0.003165872697017057
2026.01.07 12:45,100.0,-0.007255664127541195,-0.010172046075283917,0.002916381947742722,0.030979413903040154,0.0405911226946951,-0.009611708791654947,0.0,0.0,-0.007255664127541195,-0.010172046075281414,0.0029163819477402188
2026.01.07 12:46,100.0,-0.00670706079331751,-0.009394737658877871,0.002687676865560361,0.02915032061490308,0.038302962278736696,-0.009152641663833616,0.0,0.0,-0.00670706079331751,-0.009394737658875366,0.0026876768655578562
2026.01.07 12:47,100.0,-0.006200809624971271,-0.008678672800907802,0.0024778631759365313,0.027422555532837123,0.036126880929556786,-0.008704325396719663,0.0,0.0,-0.006200809624971271,-0.008678672800905297,0.0024778631759340263
2026.01.07 12:48,100.0,-0.005733509597064312,-0.00801875107114759,0.002285241474083278,0.025791207541558947,0.03405974625195722,-0.008268538710398274,0.0,0.0,-0.005733509597064312,-0.008018751071145087,0.002285241474080775
2026.01.07 12:49,100.0,-0.005302052200889307,-0.00741033659830348,0.002108284397414173,0.0242515094142135,0.03209809888440848,-0.007846589470194981,0.0,0.0,-0.005302052200889307,-0.007410336598300976,0.002108284397411669
2026.01.07 12:50,100.0,-0.004903593532063155,-0.006849210312189904,0.0019456167801267486,0.022798850443948027,0.030238249196316392,-0.007439398752368365,0.0,0.0,-0.004903593532063155,-0.0068492103121874,0.0019456167801242446
2026.01.07 12:51,100.0,-0.004535529406567207,-0.00633152777677611,0.0017959983702089026,0.021428784915755728,0.028476356340204262,-0.007047571424448534,0.0,0.0,-0.004535529406567207,-0.0063315277767736055,0.0017959983702063986
2026.01.07 12:52,100.0,-0.004195473132668326,-0.0058537818840540415,0.0016583087513857156,0.020137037261719115,0.026808492524507233,-0.006671455262788117,0.0,0.0,-0.004195473132668326,-0.005853781884051538,0.0016583087513832124
2026.01.07 12:53,100.0,-0.0038812356173991702,-0.005412769781389331,0.001531534163990161,0.018919504583493563,0.0252306949363045,-0.006311190352810938,0.0,0.0,-0.0038812356173991702,-0.005412769781386828,0.0015315341639876578
2026.01.07 12:54,100.0,-0.003590807528610185,-0.005005563492619219,0.0014147559640090342,0.01777225709911079,0.023739007368865757,-0.005966750269754968,0.0,0.0,-0.003590807528610185,-0.005005563492616716,0.001414755964006531
2026.01.07 12:55,100.0,-0.0033223432706819267,-0.004629483767881932,0.0013071404972000052,0.01669153696519743,0.022329513288132093,-0.0056379763229346645,0.0,0.0,-0.0033223432706819267,-0.004629483767879429,0.001307140497197502
2026.01.07 12:56,100.0,-0.0030741465641028753,-0.004282076761118777,0.0012079301970159013,0.015673755839685555,0.020998361798442784,-0.0053246059587572295,0.0,0.0,-0.0030741465641028753,-0.004282076761116273,0.001207930197013398
2026.01.07 12:57,100.0,-0.0028446574456637563,-0.003961093188740937,0.0011164357430771803,0.014715491481226195,0.019741787734999468,-0.005026296253773273,0.0,0.0,-0.0028446574456637563,-0.003961093188738434,0.001116435743074678
2026.01.07 12:58,100.0,-0.002632440530135227,-0.0036644696697682613,0.0010320291396330341,0.013813483623152933,0.01855612691263016,-0.004742643289477228,0.0,0.0,-0.002632440530135227,-0.0036644696697657585,0.0010320291396305314
2026.01.07 12:59,100.0,-0.002436174393693591,-0.0033903119877271987,0.0009541375940336078,0.012964629315064258,0.01743782739311698,-0.004473198078052722,0.0,0.0,-0.002436174393693591,-0.003390311987724696,0.000954137594031105
2026.01.07 13:00,100.0,-0.0022546419575206755,-0.003136880048944251,0.0008822380914235753,0.012165977885629786,0.01638345749161954,-0.004217479605989755,0.0,0.0,-0.0022546419575206755,-0.003136880048941748,0.0008822380914210726
2026.01.07 13:01,100.0,-0.0020867217644280345,-0.002902574341361996,0.0008158525769339617,0.011414725650794821,0.015389711123454598,-0.003974985472659776,0.0,0.0,-0.0020867217644280345,-0.0029025743413594934,0.0008158525769314589
2026.01.07 13:02,100.0,-0.0019313800545717186,-0.002685923723270057,0.0007545436686983383,0.010708210466034984,0.014453410991970676,-0.0037452005259356914,0.0,0.0,-0.0019313800545717186,-0.0026859237232675546,0.000754543668695836
2026.01.07 13:03,100.0,-0.0017876635576214994,-0.002485574393160203,0.0006979108355387037,0.010043906201104846,0.01357151003379751,-0.0035276038326926638,0.0,0.0,-0.0017876635576214994,-0.0024855743931577003,0.0006979108355362009
2026.01.07 13:04,100.0,-0.0016546929282981182,-0.0023002799106731134,0.0006455869823749952,0.009419417199552527,0.012741091466948514,-0.0033216742673959875,0.0,0.0,-0.0016546929282981182,-0.0023002799106706107,0.0006455869823724925
2026.01.07 13:05,100.0,-0.0015316567608465448,-0.0021288921547557432,0.0005972353939091984,0.008832472771629796,0.01195936772788477,-0.0031268949562549744,0.0,0.0,-0.0015316567608465448,-0.0021288921547532405,0.0005972353939066957
2026.01.07 13:06,100.0,-0.0014178061252607677,-0.001970353119155411,0.0005525469938946433,0.008280921758725412,0.0112236785340529,-0.0029427567753274875,0.0,0.0,-0.0014178061252607677,-0.0019703531191529087,0.000552546993892141
2026.01.07 13:07,100.0,-0.0013124495745842069,-0.00182368745742752,0.0005112378828433131,0.007762727198510788,0.010531488266944477,-0.002768761068433689,0.0,0.0,-0.0013124495745842069,-0.0018236874574250174,0.0005112378828408105
2026.01.07 13:08,100.0,-0.0012149485781947078,-0.0016879957001498663,0.0004730471219551585,0.007275961113137441,0.00988038283618307,-0.0026044217230456294,0.0,0.0,-0.0012149485781947078,-0.0016879957001473638,0.00047304712195265597
2026.01.07 13:09,100.0,-0.0011247133408005539,-0.0015624480760698528,0.00043773473526929896,0.0068187994371129435,0.009268066156369046,-0.002449266719256103,0.0,0.0,-0.0011247133408005539,-0.0015624480760673503,0.0004377347352667964
2026.01.07 13:10,100.0,-0.0010411989714498304,-0.0014462788768500523,0.00040507990540022184,0.006389517096678787,0.008692356344430996,-0.0023028392477522086,0.0,0.0,-0.0010411989714498304,-0.0014462788768475497,0.0004050799053977193
2026.01.07 13:11,100.0,-0.0009639019701381812,-0.0013387813119129927,0.0003748793417748114,0.005986483249586172,0.008151181725462031,-0.002164698475875859,0.0,0.0,-0.0009639019701381812,-0.00133878131191049,0.00037487934177230886
2026.01.07 13:12,100.0,-0.0008923570036358797,-0.0012393028059145906,0.0003469458022787109,0.005608156689760335,0.007642576718321692,-0.0020344200285613567,0.0,0.0,-0.0008923570036358797,-0.0012393028059120878,0.0003469458022762081
2026.01.07 13:13,100.0,-0.0008261339443720317,-0.0011472406965894698,0.0003211067522174381,0.005253081420732997,0.007164677658803954,-0.0019115962380709568,0.0,0.0,-0.0008261339443720317,-0.001147240696586967,0.00032110675221493534
2026.01.07 13:14,100.0,-0.0007648351492832717,-0.0010620382953046618,0.0002972031460213901,0.0049198823987524065,0.006715718606793645,-0.0017958362080412382,0.0,0.0,-0.0007648351492832717,-0.001062038295302159,0.0002972031460188873
2026.01.07 13:15,100.0,-0.0007080929576943618,-0.0009831812766861723,0.00027508831899181055,0.004607261444988353,0.006294027174432587,-0.001686765729444234,0.0,0.0,-0.0007080929576943618,-0.0009831812766836695,0.0002750883189893078
2026.01.07 13:16,100.0,-0.0006555673892734148,-0.0009101943672071954,0.0002546269779337806,0.004313993325652632,0.005898020404676596,-0.0015840270790239645,0.0,0.0,-0.0006555673892734148,-0.0009101943672046926,0.0002546269779312777
2026.01.07 13:17,100.0,-0.0006069440249660829,-0.0008426383057373482,0.00023569428077126534,0.004038921997590705,0.005526200723259419,-0.0014872787256687134,0.0,0.0,-0.0006069440249660829,-0.0008426383057348454,0.00023569428076876246
2026.01.07 13:18,100.0,-0.0005619320554899332,-0.000780107051813946,0.00021817499632401278,0.00378095701593395,0.005177151981794325,-0.001396194965860375,0.0,0.0,-0.0005619320554899332,-0.0007801070518114431,0.0002181749963215099
2026.01.07 13:19,100.0,-0.0005202624833202663,-0.0007222252197995499,0.00020196273647928367,0.0035390701004303082,0.004849535605521522,-0.0013104655050912139,0.0,0.0,-0.0005202624833202663,-0.000722225219797047,0.0002019627364767808
2026.01.07 13:20,100.0,-0.00048168646543444993,-0.0006686457192769131,0.0001869592538424632,0.003312291856175875,0.0045420868556523926,-0.0012297949994765174,0.0,0.0,-0.00048168646543444993,-0.0006686457192744103,0.00018695925383996033
2026.01.07 13:21,100.0,-0.0004459737851476575,-0.0006190475838893329,0.00017307379874167538,0.0030997086445267996,0.004253611213427274,-0.0011539025689004745,0.0,0.0,-0.0004459737851476575,-0.00061904758388683,0.0001730737987391725
2026.01.07 13:22,100.0,-0.00041291144263766455,-0.0005731339725855143,0.00016022252994784972,0.0029004595992176974,0.0039829808905853595,-0.0010825212913676621,0.0,0.0,-0.00041291144263766455,-0.0005731339725830114,0.00016022252994534684
2026.01.07 13:23,100.0,-0.0003823023544384796,-0.0005306303287138707,0.00014832797427539112,0.002713733783323846,0.003729131469133057,-0.001015397685809211,0.0,0.0,-0.0003823023544384796,-0.0005306303287113678,0.00014832797427288824
2026.01.07 13:24,100.0,-0.00035396415309207896,-0.0004912826837580616,0.0001373185306659826,0.0025387674819938866,0.003491058671705223,-0.0009522911897113366,0.0,0.0,-0.00035396415309207896,-0.0004912826837555587,0.00013731853066347973
2026.01.07 13:25,100.0,-0.00032772807907122115,-0.0004548560937355956,0.00012712801466437443,0.0023748416258655425,0.0032678152625372874,-0.0008929736366717449,0.0,0.0,-0.00032772807907122115,-0.0004548560937330927,0.00012712801466187155
2026.01.07 13:26,100.0,-0.0003034379574984314,-0.00042113319735030094,0.00011769523985186956,0.002221279340872684,0.0030585080782043667,-0.0008372287373316829,0.0,0.0,-0.0003034379574984314,-0.00042113319734779806,0.00011769523984936668
2026.01.07 13:27,100.0,-0.00028094925303889795,-0.0003899128859668526,0.00010896363292795463,0.002077443618873076,0.002862295186338109,-0.0007848515674650329,0.0,0.0,-0.00028094925303889795,-0.0003899128859643497,0.00010896363292545175
2026.01.07 13:28,100.0,-0.0002601281967997693,-0.00036100907635346405,0.00010088087955369477,0.0019427351046488184,0.002678383170000251,-0.0007356480653514328,0.0,0.0,-0.0002601281967997693,-0.00036100907635096117,0.00010088087955119189
2026.01.07 13:29,100.0,-0.00024085097955151014,-0.0003342495779220263,0.00009339859837051618,0.0018165899945756792,0.0025060245349153368,-0.0006894345403396576,0.0,0.0,-0.00024085097955151014,-0.0003342495779195234,0.00009339859836801325
2026.01.07 13:30,100.0,-0.00022300300616961977,-0.00030947504692446656,0.0000864720407548468,0.001698478042172269,0.0023445152363667236,-0.0006460371941944547,0.0,0.0,-0.00022300300616961977,-0.00030947504692196363,0.00008647204075234386
2026.01.07 13:31,100.0,-0.00020647820643659998,-0.00028653802067990383,0.00008005981424330386,0.0015879006660810546,0.00219319232230959,-0.0006052916562285355,0.0,0.0,-0.00020647820643659998,-0.0002865380206774009,0.00008005981424080092
2026.01.07 13:32,100.0,-0.00019117839802618164,-0.0002653020255229818,0.00007412362749680018,0.0014843891557916322,0.0020514316890059984,-0.0005670425332143661,0.0,0.0,-0.00019117839802618164,-0.00026530202552047893,0.0000741236274942973
2026.01.07 13:33,100.0,-0.0001770126974491859,-0.0002456407526737715,0.00006862805522458559,0.001387502971127219,0.0019186459454302426,-0.0005311429743030235,0.0,0.0,-0.0001770126974491859,-0.00024564075267126856,0.00006862805522208265
2026.01.07 13:34,100.0,-0.00016389697536567382,-0.00022743729670648846,0.00006354032134081464,0.0012968281310890006,0.0017942823825619944,-0.0004974542514729937,0.0,0.0,-0.00016389697536567382,-0.00022743729670398553,0.0000635403213383117
2026.01.07 13:35,100.0,-0.00015175335293804437,-0.00021058345175533434,0.00005883009881728997,0.0012119756880082377,0.0016778210436512431,-0.0004658453556430054,0.0,0.0,-0.00015175335293804437,-0.00021058345175283143,0.00005883009881478706
2026.01.07 13:36,100.0,-0.00014050973589974092,-0.00019497906096209466,0.00005446932506235374,0.0011325802830413068,0.001568772891529256,-0.0004361926084879492,0.0,0.0,-0.00014050973589974092,-0.00019497906095959175,0.00005446932505985083
2026.01.07 13:37,100.0,-0.00013009938368213625,-0.00018053141506013543,0.00005043203137799918,0.001058298779369693,0.0014666780690973434,-0.00040837928972765046,0.0,0.0,-0.00013009938368213625,-0.00018053141505763252,0.00005043203137549627
2026.01.07 13:38,100.0,-0.00012046051075742525,-0.0001671546963052371,0.000046694185547811853,0.00098880896915432,0.0013711042491087388,-0.00038229527995441875,0.0,0.0,-0.00012046051075742525,-0.0001671546963027342,0.000046694185545308946
2026.01.07 13:39,100.0,-0.00011153591788115591,-0.00015476946427318557,0.000043233546392029655,0.0009238083508478212,0.0012816450694565554,-0.0003578367186087342,0.0,0.0,-0.00011153591788115591,-0.00015476946427068268,0.000043233546389526774
2026.01.07 13:40,100.0,-0.00010327265090381843,-0.00014330218032509873,0.0000400295294212803,0.0008630129734683578,0.0011979186502589158,-0.000334905676790558,0.0,0.0,-0.00010327265090381843,-0.00014330218032259582,0.00004002952941877739
2026.01.07 13:41,100.0,-0.00009562168501986434,-0.00013268476776884125,0.00003706308274897691,0.0008061563445949105,0.0011195661891261147,-0.00031340984453120425,0.0,0.0,-0.00009562168501986434,-0.00013268476776633834,0.000037063082746474
2026.01.07 13:42,100.0,-0.00008853763272043125,-0.00012285420502120185,0.000034316572300770604,0.0007529883986734376,0.0010462506310355793,-0.00029326223236214176,0.0,0.0,-0.00008853763272043125,-0.00012285420501869894,0.0000343165722982677
2026.01.07 13:43,100.0,-0.00008197847341762099,-0.00011375214924919599,0.000031773675831575,0.0007032745228769954,0.0009776554094038626,-0.0002743808865268672,0.0,0.0,-0.00008197847341762099,-0.00011375214924669308,0.00003177367582907209
2026.01.07 13:44,100.0,-0.00007590530333345669,-0.00010532458818201958,0.000029419284848562893,0.0006567946375355405,0.0009134832550301982,-0.00025668861749465776,0.0,0.0,-0.00007590530333345669,-0.00010532458817951667,0.000029419284846059985
2026.01.07 13:45,100.0,-0.00007028210393400514,-0.00009752151796360449,0.000027239414029599357,0.0006133423282932426,0.0008534550696828071,-0.00024011274138956444,0.0,0.0,-0.00007028210393400514,-0.00009752151796110158,0.00002723941402709645
2026.01.07 13:46,100.0,-0.0000650755277291637,-0.00009029664507994087,0.000025221117350777175,0.000572724027364302,0.0007973088612191061,-0.0002245848338548041,0.0,0.0,-0.0000650755277291637,-0.00009029664507743796,0.000025221117348274267
2026.01.07 13:47,100.0,-0.000060254699903339315,-0.00008360711054059798,0.00002335241063725867,0.0005347582414145791,0.0007447987372582007,-0.00021004049584362168,0.0,0.0,-0.000060254699903339315,-0.00008360711053809509,0.000023352410634755775
2026.01.07 13:48,100.0,-0.00005579103479647074,-0.00007741323464229963,0.000021622199845828895,0.0004992748234400324,0.0006956939544945671,-0.00019641913105453471,0.0,0.0,-0.00005579103479647074,-0.00007741323463979673,0.000021622199843325987
2026.01.07 13:49,100.0,-0.000051658066013260395,-0.00007167828076557096,0.000020020214752310568,0.00046611428651033293,0.0006497780208977202,-0.0001836637343873873,0.0,0.0,-0.000051658066013260395,-0.00007167828076306805,0.00002002021474980766
2026.01.07 13:50,100.0,-0.00004783128915164525,-0.00006636823678021329,0.000018536947628568036,0.0004351271570897097,0.0006068478481361182,-0.00017172069104640845,0.0,0.0,-0.00004783128915164525,-0.00006636823677771038,0.00001853694762606513
2026.01.07 13:51,100.0,-0.00004428801622680112,-0.0000614516127253655,0.00001716359649856438,0.00040617336583181896,0.0005667129516752584,-0.00016053958584343942,0.0,0.0,-0.00004428801622680112,-0.00006145161272286259,0.000017163596496061473
2026.01.07 13:52,100.0,-0.00004100724096645081,-0.00005689925356412437,0.00001589201259767356,0.00037912167366016547,0.0005291946960722398,-0.00015007302241207428,0.0,0.0,-0.00004100724096645081,-0.00005689925356162146,0.00001589201259517065
2026.01.07 13:53,100.0,-0.00003796951399692716,-0.00005268416586006553,0.000014714651863138367,0.0003538491315993042,0.0004941255831776526,-0.00014027645157834844,0.0,0.0,-0.00003796951399692716,-0.00005268416585756263,0.000014714651860635465
2026.01.07 13:54,100.0,-0.00003515682746524362,-0.000048781357363536474,0.000013624529898292851,0.00033024057205466306,0.00046134858095305475,-0.00013110800889839169,0.0,0.0,-0.00003515682746524362,-0.000048781357361033566,0.000013624529895789943
2026.01.07 13:55,100.0,-0.000032552508073990793,-0.00004516768851296171,0.000012615180438970914,0.0003081881301767453,0.0004307164907977929,-0.00012252836062104762,0.0,0.0,-0.000032552508073990793,-0.0000451676885104588,0.000012615180436468007
2026.01.07 13:56,100.0,-0.000030141118145365908,-0.000041821734984298,0.000011680616838932089,0.0002875907935191435,0.00040209135134206306,-0.00011450055782291955,0.0,0.0,-0.000030141118145365908,-0.00004182173498179509,0.00001168061683642918
2026.01.07 13:57,100.0,-0.00002790836401800334,-0.000038723660453357174,0.000010815296435353834,0.0002683539782992739,0.0003753438767335052,-0.00010698989843423135,0.0,0.0,-0.00002790836401800334,-0.000038723660450854266,0.000010815296432850926
2026.01.07 13:58,100.0,-0.00002584101117975024,-0.00003585509880518938,0.00001001408762543914,0.00025038913096864235,0.0003503529275805327,-0.00009996379661189034,0.0,0.0,-0.00002584101117975024,-0.00003585509880268647,0.000010014087622936233
2026.01.07 13:59,100.0,-0.00002392680585217022,-0.00003319904510524771,0.000009272239253077489,0.00023361335352944934,0.00032700501277031606,-0.00009339165924086672,0.0,0.0,-0.00002392680585217022,-0.0000331990451027448,0.000009272239250574581
2026.01.07 14:00,96.54095,-0.2759577669377933,-0.030690252258612633,-0.24526751467918065,-0.4887619683194231,-0.09749078965366836,-0.3912711786657547,-1.0,0.0,-0.2759577669377933,-0.03069025225861013,-0.24526751467918315
2026.01.07 14:01,96.41426,-0.499106755452118,-0.0861420020598517,-0.41296475339226635,-0.8293710733625232,-0.24386684639543935,-0.5855042269670839,0.0,0.0,-0.499106755452118,-0.08614200205984919,-0.41296475339226885
2026.01.07 14:02,96.31525,-0.6761489914054835,-0.16126544893668354,-0.5148835424687999,-1.0508478445121625,-0.40526304601878405,-0.6455847984933785,0.0,0.0,-0.6761489914054977,-0.1612654489366826,-0.5148835424688151
2026.01.07 14:03,96.24562,-0.8127064242304272,-0.2515622564259015,-0.5611441678045257,-1.1769681126912417,-0.5596040593532756,-0.6173640533379661,0.0,0.0,-0.8127064242304414,-0.2515622564259022,-0.5611441678045392
2026.01.07 14:04,96.20632,-0.9135692969652922,-0.3530663391433702,-0.560502957821922,-1.2271257197734258,-0.6931083914373057,-0.53401732833612,0.0,0.0,-0.9135692969653064,-0.35306633914337243,-0.560502957821934
2026.01.07 14:05,96.19757,-0.9828798747836061,-0.46227186510619916,-0.5206080096774068,-1.21721528805638,-0.7979297707611207,-0.4192855172952593,0.0,0.0,-0.9828798747836061,-0.46227186510620144,-0.5206080096774046
2026.01.07 14:06,96.21882,-1.0242869670938717,-0.5760784271872941,-0.4482085399065776,-1.1603496576931605,-0.8704137481475287,-0.28993590954563175,0.0,0.0,-1.0242869670938717,-0.5760784271872963,-0.4482085399065754
2026.01.07 14:07,96.2688,-1.041068626686311,-0.6917498478178642,-0.34931877886844676,-1.0674289867962727,-0.9098167958772776,-0.15761219091899514,0.0,0.0,-1.041068626686311,-0.6917498478178664,-0.34931877886844453
2026.01.07 14:08,96.34552,-1.0362325066896716,-0.8068841344716219,-0.2293483722180497,-0.9475974202504602,-0.9173729207519141,-0.03022449949854611,0.0,0.0,-1.0362325066896716,-0.8068841344716241,-0.2293483722180475
2026.01.07 14:09,96.44637,-1.0125895920861296,-0.8887321150436592,-0.12385747704247041,-0.8085942938506037,-0.8956171953716521,0.08702290152104841,0.0,1.0,-1.0125895920861296,-0.8887321150436615,-0.12385747704246819
2026.01.07 14:10,96.56815,-0.9728118146379501,-0.9413660105087517,-0.031445804129198396,-0.6570318679925151,-0.8479001298958248,0.19086826190330963,0.0,0.0,-0.9728118146379501,-0.9413660105087539,-0.031445804129196175
2026.01.07 14:11,96.70721,-0.9194676093479046,-0.968401412502354,0.048933803154449396,-0.4985984985427905,-0.778039803625218,0.2794413050824275,1.0,0.0,-0.9194676093479046,-0.9684014125023547,0.04893380315445006
2026.01.07 14:12,96.85952,-0.8550453674899217,-0.9731057395311867,0.11806037204126507,-0.3382141905115077,-0.6900746810024759,0.35186049049096824,0.0,0.0,-0.8550453674899217,-0.9731057395311858,0.11806037204126418
2026.01.07 14:13,97.0208,-0.7819623532993063,-0.9584827457905216,0.17652039249121532,-0.1801402780461956,-0.5880878004112199,0.4079475223650243,0.0,0.0,-0.7819623532993063,-0.9584827457905192,0.17652039249121287
2026.01.07 14:14,97.18664,-0.7025629278986969,-0.927336418358865,0.22477349046016815,-0.028055742905209513,-0.47608138891001783,0.4480256460048083,0.0,0.0,-0.7025629278986969,-0.9273364183588626,0.2247734904601657
2026.01.07 14:15,97.35264,-0.6191068205005195,-0.8823164020707148,0.26320958157019536,0.11489435671508375,-0.35788623978499756,0.4727805965000813,0.0,0.0,-0.6191068205005195,-0.8823164020707124,0.2632095815701929
2026.01.07 14:16,97.51451,-0.5337529264364065,-0.8259479909318366,0.2921950644954301,0.24606519149456574,-0.2370959535290849,0.48316114502365065,0.0,0.0,-0.5337529264364065,-0.8259479909318341,0.29219506449542765
2026.01.07 14:17,97.66821,-0.44853659431851156,-0.7606484451128188,0.31211185079430726,0.3632949226639397,-0.11701777829048,0.4803127009544197,0.0,0.0,-0.44853659431851156,-0.7606484451128163,0.3121118507943047
2026.01.07 14:18,97.81008,-0.36534286864987564,-0.6887321425087906,0.3233892738589149,0.4648975183390718,-0.0006347189645696388,0.4655322373036414,0.0,0.0,-0.36534286864987564,-0.6887321425087881,0.3233892738589125
2026.01.07 14:19,97.9369,-0.2858824526000916,-0.6124066578379174,0.32652420523782577,0.5496523713377002,0.10942269909588434,0.44022967224181586,0.0,0.0,-0.2858824526000916,-0.6124066578379149,0.32652420523782333
2026.01.07 14:20,98.04604,-0.21166289640608227,-0.5337616897332704,0.32209879332718816,0.6168042522908763,0.21089900973488274,0.4059052425559936,0.0,0.0,-0.21166289640608227,-0.533761689733268,0.3220987933271857
2026.01.07 14:21,98.13547,-0.14396754159419345,-0.45475304241152287,0.3107855008173294,0.6660501355935935,0.30192923490662493,0.36412090068696856,0.0,0.0,-0.14396754159419345,-0.4547530424115204,0.310785500817327
2026.01.07 14:22,98.20388,-0.08383200672339797,-0.3771830039030886,0.29335099717969065,0.6975324002914931,0.3810498679835986,0.3164825323078945,0.0,0.0,-0.08383200672339797,-0.3771830039030861,0.29335099717968816
2026.01.07 14:23,98.25067,-0.03202938530925792,-0.3026792769487065,0.2706498916394486,0.7118178120619234,0.44720345679926354,0.26461435526265986,0.0,0.0,-0.03202938530925792,-0.30267927694870406,0.27064989163944614
2026.01.07 14:24,98.27599,0.010941550389091503,-0.2326739024054164,0.24361545279450791,0.7098739294841891,0.49973755133624875,0.2101363781479404,0.0,0.0,0.010941550389091503,-0.23267390240541394,0.24361545279450544
2026.01.07 14:25,98.2807,0.04485927436485326,-0.1683836578719431,0.21324293223679636,0.6930327507150196,0.5383965912120029,0.15463615950301668,0.0,0.0,0.04485927436485326,-0.16838365787194062,0.2132429322367939
2026.01.07 14:26,98.26639,0.0697802344670464,-0.1107928991179922,0.1805731335850386,0.6629547844258639,0.5633082298547751,0.09964655457108873,0.0,0.0,0.0697802344670464,-0.11079289911798974,0.18057313358503613
2026.01.07 14:27,98.23532,0.08603146834235531,-0.06064019500774431,0.14667166335009962,0.6215829312834558,0.5749631701405112,0.04661976114294453,0.0,0.0,0.08603146834235531,-0.06064019500774186,0.14667166335009718
2026.01.07 14:28,98.1903,0.09419216191028568,-0.01840968228436906,0.11260184419465474,0.5710820236724601,0.574186940846901,-0.0031049171744409465,0.0,-1.0,0.09419216191028568,-0.018409682284366607,0.11260184419465229
2026.01.07 14:29,98.13468,0.09507552966967125,0.01567236505738133,0.07940316461228993,0.5137857148298934,0.5621066956434996,-0.04832098081360614,0.0,0.0,0.09507552966967125,0.015672365057383786,0.07940316461228747
2026.01.07 14:30,98.07219,0.08969918783249398,0.04163533499367993,0.04806385283881404,0.4521288353956834,0.5401111235939364,-0.08798228819825304,0.0,0.0,0.08969918783249398,0.04163533499368239,0.04806385283881159
2026.01.07 14:31,98.00689,0.07925562442349587,0.059756182898890356,0.019499441524605518,0.38858733791437317,0.5098063664580238,-0.12121902854365063,0.0,0.0,0.07925562442349587,0.05975618289889281,0.01949944152460306
2026.01.07 14:32,97.94298,0.06507191378200616,0.07054521613125303,-0.005473302349246867,0.3256056589882377,0.4729662249640666,-0.14736056597582892,-1.0,0.0,0.06507191378200616,0.07054521613125549,-0.005473302349249323
2026.01.07 14:33,97.88473,0.048571036056827666,0.07472627009433483,-0.026155234037507163,0.26553474892304507,0.4314799297558623,-0.16594518083281723,0.0,0.0,0.048571036056827666,0.07472627009433729,-0.02615523403750962
2026.01.07 14:34,97.83632,0.031227715490871333,0.07321165244167017,-0.04198393695079884,0.2105669372227652,0.3872973312492429,-0.17673039402647772,0.0,0.0,0.031227715490871333,0.07321165244167263,-0.0419839369508013
2026.01.07 14:35,97.80174,0.014525253902263557,0.0670722101566943,-0.052546956254430746,0.16267941368057848,0.34237374773551005,-0.17969433405493157,0.0,0.0,0.014525253902263557,0.06707221015669676,-0.0525469562544332
2026.01.07 14:36,97.78465,-0.00008955507914265581,0.057503207554305644,-0.0575927626334483,0.12358014319191568,0.2986150268267912,-0.17503488363487552,0.0,0.0,-0.00008955507914265581,0.05750320755430809,-0.05759276263345075
2026.01.07 14:37,97.78828,-0.011249310775937715,0.04578748836694749,-0.0570367991428852,0.09466321139481693,0.25782466374039636,-0.16316145234557944,0.0,0.0,-0.011249310775937715,0.04578748836694994,-0.05703679914288765
2026.01.07 14:38,97.81534,-0.01770587936142931,0.033256220696825205,-0.050962100058254516,0.07697395465203272,0.22165452192272364,-0.14468056727069092,0.0,0.0,-0.01770587936142931,0.033256220696827654,-0.050962100058256965
2026.01.07 14:39,97.86791,-0.01836904985593435,0.02124863873144428,-0.03961768858737863,0.07117959354536652,0.19155953624725225,-0.12037994270188573,0.0,0.0,-0.01836904985593435,0.02124863873144673,-0.03961768858738108
2026.01.07 14:40,97.94742,-0.01233661591450641,0.011071723138332915,-0.023408339052839323,0.07755779868790569,0.16875918873538295,-0.09120139004747727,0.0,0.0,-0.01233661591450641,0.011071723138335364,-0.023408339052841773
2026.01.07 14:41,98.05456,0.0010770188363125044,0.003961179255478064,-0.0028841604191655592,0.09598861739638664,0.15420507446758372,-0.058216457071197075,0.0,0.0,0.0010770188363125044,0.003961179255480513,-0.0028841604191680087
2026.01.07 14:42,98.18929,0.022321695420757237,0.0010445858514702383,0.021277109569287,0.12596357579472794,0.14855677473301257,-0.022593198938284625,1.0,0.0,0.022321695420757237,0.0010445858514726877,0.02127710956928455
2026.01.07 14:43,98.35079,0.05159519764025333,0.003307639423623794,0.048287558216629535,0.16659834934300477,0.15216508965501102,0.01443325968799375,0.0,1.0,0.05159519764025333,0.0033076394236262433,0.048287558216627086
2026.01.07 14:44,98.53755,0.08884053188468499,0.01156489253278173,0.07727563935190326,0.21666769694333254,0.16506561111267534,0.0516020858306572,0.0,0.0,0.08884053188468499,0.01156489253278418,0.07727563935190081
2026.01.07 14:45,98.74733,0.13374350849345262,0.026435232929736763,0.10730827556371586,0.27463669243773836,0.18697982737768798,0.08765686506005038,0.0,0.0,0.13374350849345262,0.026435232929739212,0.10730827556371342
2026.01.07 14:46,98.97729,0.18574414818985474,0.04832339503704704,0.13742075315280772,0.33871272590653234,0.21732640708345685,0.12138631882307549,0.0,0.0,0.18574414818985474,0.04832339503704949,0.13742075315280525
2026.01.07 14:47,99.224,0.244049217488282,0.07740729468701496,0.16664192280126705,0.4068935224048005,0.25523983014772555,0.15165369225707492,0.0,0.0,0.244049217488282,0.0774072946870174,0.1666419228012646
2026.01.07 14:48,99.48359,0.30765667386182827,0.11363237510009969,0.19402429876172858,0.47703082923561624,0.2995980299653037,0.17743279927031252,0.0,0.0,0.30765667386182827,0.11363237510010214,0.1940242987617261
2026.01.07 14:49,99.75183,0.37538357929568633,0.1567123967901211,0.21867118250556522,0.5468931376001365,0.3490570514922703,0.19783608610786618,0.0,0.0,0.37538357929568633,0.15671239679012355,0.21867118250556278
2026.01.07 14:50,100.02425,0.4458996040168586,0.20613712847684845,0.23976247554001012,0.6142314043744364,0.4020919220687035,0.21213948230573287,0.0,0.0,0.4458996040168586,0.2061371284768509,0.23976247554000768
2026.01.07 14:51,100.29626,0.517764528182795,0.26118633211707487,0.2565781960657201,0.6768447006138132,0.45704247777772544,0.21980222283608775,0.0,0.0,0.5177645281828092,0.26118633211707887,0.2565781960657303
2026.01.07 14:52,100.56328,0.5894692462252777,0.3209501152931887,0.26851913093208907,0.7326449968945212,0.5121629816010846,0.22048201529343658,0.0,0.0,0.589469246225292,0.3209501152931943,0.26851913093209767
2026.01.07 14:53,100.82088,0.6594798458742162,0.3843544835142477,0.27512536235996843,0.7797204941819444,0.5656744841172566,0.21404601006468782,0.0,0.0,0.6594798458742304,0.3843544835142549,0.2751253623599755
2026.01.07 14:54,101.06489,0.7262812006319308,0.4501920048629675,0.2760891957689633,0.8163914133549071,0.6158178699647867,0.20057354339012035,0.0,0.0,0.7262812006319592,0.45019200486297783,0.2760891957689814
2026.01.07 14:55,101.29149,0.7884180888252246,0.5171557760446752,0.27126231278054935,0.8412556197897061,0.6609054199297706,0.1803501998599355,0.0,0.0,0.788418088825253,0.5171557760446888,0.27126231278056423
2026.01.07 14:56,101.49738,0.8445402879644206,0.5838770060975795,0.26066328186684107,0.8532366843158457,0.6993716728069856,0.15386501150886,0.0,0.0,0.8445402879644348,0.5838770060975946,0.2606632818668402
2026.01.07 14:57,101.67979,0.8934375062305833,0.6489637652496634,0.2444737409809199,0.8516090667728804,0.7298191516001646,0.12178991517271576,0.0,0.0,0.8934375062305833,0.6489637652496785,0.2444737409809048
2026.01.07 14:58,101.83663,0.9340771216102581,0.711040825506838,0.22303629610342013,0.8360259887910217,0.7510605190383361,0.0849654697526856,0.0,0.0,0.9340771216102581,0.7110408255068532,0.22303629610340492
2026.01.07 14:59,101.96649,0.9656317248665829,0.7687888389345852,0.19684288593199772,0.8065266280116816,0.7621537408330054,0.04437288717867627,0.0,0.0,0.9656317248665971,0.7687888389346019,0.19684288593199517
2026.01.07 15:00,102.06871,0.987503944228493,0.8209821073841072,0.16652183684438582,0.7635381890536905,0.7624306304771424,0.0011075585765480955,0.0,0.0,0.987503944228493,0.8209821073841224,0.1665218368443706
2026.01.07 15:01,102.14336,0.9993416779823576,0.8665234886904494,0.13281818929190825,0.7078611983875902,0.7515167440592321,-0.04365554567164187,0.0,-1.0,0.9993416779823576,0.8665234886904629,0.1328181892918947
2026.01.07 15:02,102.19128,1.0010504246216243,0.9044757752179392,0.0965746494036851,0.6406517101205651,0.7293437372714987,-0.0886920271509336,0.0,0.0,1.0010504246216243,0.9044757752179512,0.09657464940367311
2026.01.07 15:03,102.21401,0.9927944235598432,0.9340883555432627,0.058706068016580404,0.5633860137503603,0.6961521925672711,-0.13276617881691077,0.0,0.0,0.9927944235598432,0.9340883555432716,0.05870606801657152
2026.01.07 15:04,102.21374,0.9749906116332596,0.9548186358552666,0.020171975777993012,0.4778168371373681,0.6524851214812906,-0.17466828434392245,0.0,0.0,0.9749906116332596,0.9548186358552724,0.02017197577798724
2026.01.07 15:05,102.19329,0.9482994129827063,0.966347427523965,-0.018048014541258706,0.3859290311027621,0.599173903405585,-0.21324487230282285,-1.0,0.0,0.9482994129827063,0.9663474275239692,-0.018048014541262924
2026.01.07 15:06,102.15598,0.9136043779945879,0.9685881910532989,-0.05498381305871092,0.2898805544966905,0.5373152336238061,-0.2474346791271156,0.0,0.0,0.9136043779945879,0.968588191053303,-0.054983813058715025
2026.01.07 15:07,102.10552,0.8719849132261857,0.9616890567884019,-0.08970414356221623,0.19193784473273467,0.4682397558455918,-0.2763019111128571,0.0,0.0,0.8719849132261714,0.9616890567884044,-0.089704143562233
2026.01.07 15:08,102.04595,0.8246878976586203,0.9460286315430727,-0.12134073388445243,0.09441637856630791,0.39347508038973505,-0.29905870182342714,0.0,0.0,0.8246878976586061,0.9460286315430722,-0.12134073388446609
2026.01.07 15:09,101.98149,0.7730915703887575,0.9222050344497688,-0.14911346406101122,-0.00038597388305561253,0.31470286953517695,-0.31508884341823257,0.0,0.0,0.7730915703887433,0.9222050344497666,-0.14911346406102333
2026.01.07 15:10,101.91638,0.7186629769962565,0.8910185121179798,-0.1723555351217233,-0.09025978619001762,0.23371033839013805,-0.32397012458015567,0.0,0.0,0.7186629769962565,0.8910185121179777,-0.1723555351217212
2026.01.07 15:11,101.85483,0.6629196291588926,0.8534484237332318,-0.19052879457433924,-0.17313982957642793,0.15234030479682487,-0.3254801343732528,0.0,0.0,0.6629196291588926,0.8534484237332296,-0.19052879457433702
2026.01.07 15:12,101.80083,0.6073837340822053,0.810625013791272,-0.2032412797090668,-0.247168143080998,0.0724386152212603,-0.31960675830225826,0.0,0.0,0.6073837340822053,0.8106250137912698,-0.20324127970906458
2026.01.07 15:13,101.75806,0.55353910136877,0.7637970682063288,-0.2102579668375587,-0.31074572968216785,-0.004198253759425327,-0.3065474759227425,0.0,0.0,0.55353910136877,0.7637970682063266,-0.2102579668375566
2026.01.07 15:14,101.72977,0.5027882455235471,0.7142958273775333,-0.21150758185398622,-0.36257860073608583,-0.07587432315475744,-0.2867042775813284,0.0,0.0,0.5027882455235613,0.7142958273775327,-0.21150758185397145
2026.01.07 15:15,101.7187,0.45641332147931735,0.6634968210980587,-0.2070834996187414,-0.40171238186867697,-0.14104193489754135,-0.2606704469711356,0.0,0.0,0.45641332147931735,0.6634968210980582,-0.20708349961874084
2026.01.07 15:16,101.72697,0.41553811521697526,0.6127805102081465,-0.19724239499117124,-0.42756169911891106,-0.1983458877418153,-0.22921581137709576,0.0,0.0,0.41553811521697526,0.6127805102081475,-0.19724239499117224
2026.01.07 15:17,101.75606,0.38109847366993677,0.5634927964316261,-0.18239432276168932,-0.4399218388491164,-0.24666107796327552,-0.19326076088584088,0.0,0.0,0.38109847366993677,0.5634927964316288,-0.18239432276169198
2026.01.07 15:18,101.8067,0.35381250409696463,0.5169062335103157,-0.1630937294133511,-0.4389800191737123,-0.28512486620536287,-0.15385515296834945,0.0,0.0,0.35381250409696463,0.51690623351032,-0.16309372941335532
2026.01.07 15:19,101.87891,0.3341628982594642,0.47418400253956106,-0.14002110428009684,-0.42530438122031455,-0.31316076920835323,-0.11214361201196132,0.0,0.0,0.3341628982594642,0.4741840025395653,-0.14002110428010106
2026.01.07 15:20,101.97196,0.32238257575704665,0.4363465521615782,-0.11396397640453154,-0.3998287670431466,-0.3304943687753119,-0.06933439826783472,0.0,0.0,0.32238257575704665,0.43634655216158236,-0.1139639764045357
2026.01.07 15:21,102.0844,0.3184486754972369,0.4042426567632484,-0.08579398126601151,-0.36382477735192253,-0.3371604504906341,-0.026664326861288445,0.0,0.0,0.3184486754972369,0.40424265676325255,-0.08579398126601567
2026.01.07 15:22,102.21411,0.3220847516412846,0.37852550679352776,-0.05644075515224317,-0.31886272385051484,-0.3335009051626103,0.014638181312095433,0.0,1.0,0.3220847516412846,0.378525506793532,-0.05644075515224739
2026.01.07 15:23,102.35833,0.33276777709157557,0.3596343436344198,-0.02686656654284425,-0.2667686624284613,-0.32015445661578046,0.05338579418731915,0.0,0.0,0.33276777709157557,0.3596343436344224,-0.02686656654284686
2026.01.07 15:24,102.51376,0.3497444178051552,0.34778224322617957,0.0019621745789756284,-0.20956994998697098,-0.2980375552900186,0.08846760530304759,1.0,0.0,0.3497444178051552,0.3477822432261822,0.0019621745789730194
2026.01.07 15:25,102.67667,0.37205518283367667,0.3429508062947019,0.02910437653897474,-0.14943300076579646,-0.26831664438517416,0.1188836436193777,0.0,0.0,0.37205518283367667,0.3429508062947046,0.029104376538972077
2026.01.07 15:26,102.84295,0.39855968326533286,0.3448909406941904,0.05366874257114246,-0.08860601631654674,-0.23237451877144868,0.14376850245490194,0.0,0.0,0.39855968326533286,0.344890940694193,0.05366874257113985
2026.01.07 15:27,103.00831,0.4279744379252719,0.3531311555640023,0.07484328236126958,-0.029345768596073185,-0.1917687687363736,0.16242300014030042,0.0,0.0,0.4279744379252719,0.35313115556400493,0.07484328236126697
2026.01.07 15:28,103.16832,0.4589073147907641,0.3669916462897023,0.09191566850106175,0.026141654608707654,-0.14818668406735738,0.17432833867606504,0.0,0.0,0.4589073147907641,0.36699164628970493,0.09191566850105914
2026.01.07 15:29,103.31858,0.4898993144455801,0.38560461725509493,0.10429469719048517,0.07576677219323358,-0.1033959928152392,0.17916276500847278,0.0,0.0,0.4898993144455943,0.3856046172550991,0.10429469719049522
2026.01.07 15:30,103.45486,0.5194692365176508,0.40794023514625205,0.1115290013713987,0.11762070941728098,-0.059192652368735166,0.17681336178601614,0.0,0.0,0.519469236517665,0.40794023514625777,0.1115290013714072
2026.01.07 15:31,103.57318,0.5461553095197758,0.4328369637994177,0.11331834572035804,0.15002706316835202,-0.017348709261317735,0.16737577242966975,0.0,0.0,0.54615530951979,0.43283696379942505,0.11331834572036492
2026.01.07 15:32,103.66995,0.5685587535012644,0.45903596117827206,0.10952279232299234,0.17159185243953345,0.020439403078852506,0.15115244936068095,0.0,0.0,0.5685587535012786,0.45903596117828094,0.10952279232299766
2026.01.07 15:33,103.7421,0.585387562848581,0.4852185328497638,0.10016902999881716,0.18124876088405983,0.052601274639893975,0.12864748624416586,0.0,0.0,0.5853875628485952,0.4852185328497743,0.10016902999882088
2026.01.07 15:34,103.7871,0.5954911876893618,0.5100447556115066,0.08544643207785518,0.1782837018773762,0.07773776008739042,0.10054594178998577,0.0,0.0,0.595491187689376,0.5100447556115186,0.0854464320778574
2026.01.07 15:35,103.8031,0.597897261992685,0.5321933754701014,0.06570388652258363,0.16236079167762796,0.09466236640543793,0.06769842527219003,0.0,0.0,0.5978972619926992,0.5321933754701149,0.0657038865225843
2026.01.07 15:36,103.78894,0.5918391462816857,0.5504005652874807,0.04143858099420494,0.13352964549326884,0.10243582222300412,0.03109382327026472,0.0,0.0,0.5918391462816999,0.5504005652874958,0.041438580994204055
2026.01.07 15:37,103.74421,0.5767799485447682,0.5634975245934811,0.013282423951287092,0.09222610949900911,0.10039387967820514,-0.008167770179196024,0.0,-1.0,0.5767799485447824,0.5634975245934979,0.013282423951284539
2026.01.07 15:38,103.66927,0.5524303212746133,0.5704454142411515,-0.018015092966538138,0.03926233102849608,0.08816756994826333,-0.04890523891976725,-1.0,0.0,0.5524303212746275,0.5704454142411682,-0.01801509296654069
2026.01.07 15:39,103.5652,0.5187555953931593,0.5703661207828746,-0.051610525389715334,-0.02420055473558591,0.06569394501149348,-0.08989449974707939,0.0,0.0,0.5187555953931593,0.5703661207828898,-0.051610525389730544
2026.01.07 15:40,103.43382,0.47598006263254433,0.5625688711287378,-0.08658880849619344,-0.09668139094208072,0.03321887782077863,-0.12990026876285937,0.0,0.0,0.47598006263254433,0.5625688711287514,-0.08658880849620709
2026.01.07 15:41,103.2776,0.4245802000693004,0.5465712540807418,-0.12199105401144139,-0.17642405729255017,-0.008709709201887128,-0.16771434809066305,0.0,0.0,0.4245802000693004,0.5465712540807538,-0.12199105401145338
2026.01.07 15:42,103.09961,0.36527249919987526,0.5221140247864412,-0.15684152558656594,-0.2614468565751764,-0.05925713867654499,-0.20218971789863144,0.0,0.0,0.36527249919987526,0.5221140247864516,-0.15684152558657638
2026.01.07 15:43,102.90345,0.2989956110634324,0.4891700718280046,-0.19017446076457217,-0.3495963475128008,-0.11732498044379615,-0.23227136706900464,0.0,0.0,0.2989956110634324,0.4891700718280134,-0.190174460764581
2026.01.07 15:44,102.69311,0.22688265755409986,0.447946226890384,-0.22106356933628413,-0.4386125675286223,-0.1815824978607614,-0.2570300696678609,0.0,0.0,0.22688265755411408,0.4479462268903929,-0.2210635693362788
2026.01.07 15:45,102.47288,0.1502301423253698,0.3988785597841267,-0.24864841745875688,-0.5261930526465193,-0.250504608817913,-0.2756884438286063,0.0,0.0,0.150230142325384,0.39887855978413556,-0.24864841745875155
2026.01.07 15:46,102.24723,0.07046215868662387,0.3426210275776662,-0.27215886889104235,-0.610058191234387,-0.3224153253012078,-0.28764286593317917,0.0,0.0,0.07046215868662387,0.3426210275776735,-0.2721588688910496
2026.01.07 15:47,102.02069,-0.010908679305984492,0.28002780529093313,-0.2909364845969176,-0.6880153153848454,-0.3955353233179354,-0.29247999206691,0.0,0.0,-0.010908679305984492,0.2800278052909388,-0.2909364845969233
2026.01.07 15:48,101.79769,-0.0923256187098076,0.2121298926128257,-0.30445551132263327,-0.758025353256869,-0.46803332930572217,-0.28999202395114687,0.0,0.0,-0.0923256187098076,0.21212989261283136,-0.3044555113226389
2026.01.07 15:49,101.58249,-0.17222862686139706,0.14010670489127663,-0.3123353317526737,-0.818256160664177,-0.5380778955774131,-0.2801782650867638,0.0,0.0,-0.17222862686139706,0.14010670489128232,-0.31233533175267936
2026.01.07 15:50,101.379,-0.2491007998934407,0.06525326045097207,-0.31435406034441277,-0.867140162193806,-0.6038903489006917,-0.26324981329311425,0.0,0.0,-0.24910079989342648,0.06525326045097933,-0.31435406034440583
2026.01.07 15:51,101.19071,-0.32150981523315636,-0.011055885597142545,-0.3104539296360138,-0.9034172338335651,-0.6637957258872664,-0.23962150794629866,0.0,0.0,-0.32150981523314215,-0.011055885597133712,-0.31045392963600843
2026.01.07 15:52,101.02061,-0.38814582650803686,-0.08740493421619469,-0.3007408922918422,-0.9261669954909166,-0.7162699798079966,-0.20989701568292007,0.0,0.0,-0.38814582650802265,-0.08740493421618428,-0.30074089229183837
2026.01.07 15:53,100.87104,-0.44786172335862773,-0.16237653209538666,-0.28548519126324107,-0.9348422037920443,-0.7599844246048062,-0.1748577791872381,0.0,0.0,-0.4478617233586135,-0.16237653209537622,-0.2854851912632373
2026.01.07 15:54,100.74369,-0.4997028194853499,-0.23459130562991107,-0.26511151385543885,-0.9292801866713631,-0.7938435770181176,-0.13543660965324555,0.0,0.0,-0.4997028194853357,-0.23459130562990063,-0.2651115138554351
2026.01.07 15:55,100.63954,-0.5429327059722908,-0.3027462905920127,-0.24018641538027813,-0.9097067139371546,-0.817016204401925,-0.09269050953522961,0.0,0.0,-0.5429327059722624,-0.3027462905919991,-0.2401864153802633
2026.01.07 15:56,100.55881,-0.577055007852664,-0.3656514382083104,-0.21140356964435353,-0.8767326465415124,-0.8289594928298426,-0.04777315371166979,0.0,0.0,-0.5770550078526355,-0.36565143820829366,-0.21140356964434187
2026.01.07 15:57,100.50099,-0.601825301259197,-0.42226251404713144,-0.17956278721206553,-0.8313339495178695,-0.8294343841674481,-0.0018995653504214616,0.0,0.0,-0.6018253012591828,-0.4222625140471131,-0.17956278721206964
2026.01.07 15:58,100.46486,-0.6172559835434157,-0.4717099981229113,-0.1455459854205044,-0.7748218285138933,-0.8185118730367371,0.04369004452284386,0.0,1.0,-0.6172559835434015,-0.4717099981228914,-0.14554598542051012
2026.01.07 15:59,100.44849,-0.6236171621587658,-0.513322927263503,-0.1102942348952628,-0.7088094560132703,-0.7965713896320438,0.08776193361877349,0.0,0.0,-0.6236171621587516,-0.513322927263483,-0.11029423489526857
2026.01.07 16:00,100.44934,-0.6214264370037341,-0.5466469963491228,-0.07477944065461128,-0.6351629615785299,-0.764289704021341,0.12912674244281108,0.0,0.0,-0.6214264370037199,-0.5466469963491029,-0.07477944065461706
2026.01.07 16:01,100.46433,-0.6114324906628639,-0.5714566256996592,-0.03997586496320471,-0.5559470823630761,-0.7226211796896881,0.16667409732661198,0.0,0.0,-0.6114324906628497,-0.5714566256996392,-0.03997586496321048
2026.01.07 16:02,100.48992,-0.5945932165705727,-0.5877601249454308,-0.006833091625141896,-0.4733672729282432,-0.6727703983373992,0.19940312540915595,0.0,0.0,-0.5945932165705585,-0.5877601249454109,-0.006833091625147669
2026.01.07 16:03,100.52223,-0.5720466261385013,-0.5957983256846698,0.023751699546168514,-0.3897054632864183,-0.616157411327203,0.22645194804078472,1.0,0.0,-0.5720466261384871,-0.5957983256846499,0.02375169954616274
2026.01.07 16:04,100.55715000000001,-0.5450772276388562,-0.5960366058698437,0.050959378230987507,-0.3072548631901526,-0.554376901699793,0.24712203850964043,0.0,0.0,-0.545077227638842,-0.5960366058698254,0.0509593782309834
2026.01.07 16:05,100.59049,-0.5150760495819924,-0.5891500549508802,0.07407400536888786,-0.22825059522492097,-0.4891516404048186,0.26090104517989765,0.0,0.0,-0.5150760495819782,-0.5891500549508635,0.07407400536888531
2026.01.07 16:06,100.61804,-0.4835033197701222,-0.5760031681187608,0.09249984834863867,-0.15481251521623562,-0.422283815367102,0.2674713001508664,0.0,0.0,-0.48350331977010796,-0.5760031681187441,0.09249984834863612
2026.01.07 16:07,100.63576,-0.45184327994861917,-0.5576239788304501,0.10578069888183095,-0.08888013505757897,-0.35560307930519747,0.2667229442476185,0.0,0.0,-0.45184327994861917,-0.5576239788304349,0.10578069888181574
2026.01.07 16:08,100.6399,-0.42155893786683407,-0.5351730650202354,0.11361412715340136,-0.032154311818501924,-0.2909133258078584,0.25875901398935647,0.0,0.0,-0.42155893786683407,-0.5351730650202219,0.11361412715338781
2026.01.07 16:09,100.62706,-0.3940520722715206,-0.5099092467166562,0.11585717444513555,0.01394569072657248,-0.22994152250097222,0.2438872132275447,0.0,0.0,-0.3940520722715206,-0.5099092467166442,0.11585717444512356
2026.01.07 16:10,100.59435,-0.37061983202137583,-0.48315228464537974,0.11253245262400391,0.04832687390366175,-0.17428784322004545,0.2226147171237072,0.0,0.0,-0.37061983202137583,-0.4831522846453693,0.11253245262399347
2026.01.07 16:11,100.53945,-0.35241713858297885,-0.45624383153564707,0.10382669295266822,0.07025240398682797,-0.12537979377867078,0.19563219776549876,0.0,0.0,-0.35241713858297885,-0.4562438315356382,0.10382669295265934
2026.01.07 16:12,100.46067,-0.34042406379695933,-0.43050799127547573,0.0900839274785164,0.0793598748776958,-0.08443186004739747,0.16379173492509327,0.0,0.0,-0.34042406379697354,-0.43050799127547,0.09008392747849647
2026.01.07 16:13,100.35706,-0.33541348880737587,-0.4072120202942001,0.07179853148682425,0.07567754298796103,-0.05240997944032577,0.1280875224282868,0.0,0.0,-0.3354134888073901,-0.40721202029419756,0.07179853148680748
2026.01.07 16:14,100.22837,-0.33793131764682016,-0.3875292723014032,0.049597954654583054,0.05961698109614133,-0.030004587333032354,0.08962156842917368,0.0,0.0,-0.33793131764682016,-0.38752927230140227,0.04959795465458211
2026.01.07 16:15,100.07512,-0.3482779776475411,-0.3725042342877831,0.024226256640242028,0.03196473293830593,-0.017610723278764697,0.04957545621707063,0.0,0.0,-0.3482779776475411,-0.37250423428778373,0.024226256640242638
2026.01.07 16:16,99.89854,-0.3665015092418713,-0.3630218153203667,-0.0034796939215046008,-0.006145240926173301,-0.015317626808246419,0.009172385882073118,-1.0,0.0,-0.3665015092418713,-0.36302181532036726,-0.0034796939215040457
2026.01.07 16:17,99.70059,-0.3923934327503389,-0.3597812036407561,-0.03261222910958278,-0.0532606138447278,-0.022906224215542698,-0.030354389629185102,0.0,-1.0,-0.3923934327503389,-0.3597812036407567,-0.03261222910958217
2026.01.07 16:18,99.48388,-0.4254948151829012,-0.3632748417420206,-0.062219973440880594,-0.10765430911716578,-0.03985584119586731,-0.06779846792129847,0.0,0.0,-0.4254948151829012,-0.36327484174202124,-0.06221997344087998
2026.01.07 16:19,99.2516,-0.4651094616450706,-0.3737736894779867,-0.09133577216708388,-0.16737567300606315,-0.06535980755790649,-0.10201586544815666,0.0,0.0,-0.4651094616450706,-0.3737736894779873,-0.09133577216708333
2026.01.07 16:20,99.00744,-0.5103233360909911,-0.3913188225344325,-0.11900451355655861,-0.23030686026702085,-0.09834921809972937,-0.1319576421672915,0.0,0.0,-0.5103233360909911,-0.3913188225344331,-0.119004513556558
2026.01.07 16:21,98.75549,-0.5600302367413263,-0.41571950841713995,-0.1443107283241864,-0.2942239836714293,-0.13752417121406937,-0.15669981245735995,0.0,0.0,-0.5600302367413263,-0.415719508417139,-0.14431072832418734
2026.01.07 16:22,98.50011,-0.6129644724446734,-0.4465585065990619,-0.16640596584561157,-0.35686390461538053,-0.18139211789433163,-0.1754717867210489,0.0,0.0,-0.6129644724446734,-0.4465585065990594,-0.16640596584561407
2026.01.07 16:23,98.24583,-0.6677362585661655,-0.4832035000345447,-0.18453275853162077,-0.41598853131579006,-0.2283114005786233,-0.18767713073716674,0.0,0.0,-0.6677362585661655,-0.48320350003454215,-0.18453275853162332
2026.01.07 16:24,97.99723,-0.7228704356292468,-0.5248248842547343,-0.19804555137451252,-0.4694480583350753,-0.27653873212991376,-0.19290932620516155,0.0,0.0,-0.7228704356292468,-0.5248248842547317,-0.19804555137451507
2026.01.07 16:25,97.75877,-0.7768513386202187,-0.5704193097412174,-0.20643202887900136,-0.5152483488554651,-0.32428065547502405,-0.19096769338044106,0.0,0.0,-0.7768513386202187,-0.5704193097412147,-0.20643202887900403
2026.01.07 16:26,97.53471,-0.8281647943696129,-0.6188383499211367,-0.20932644444847615,-0.551606067740849,-0.36974573792818904,-0.18186032981265993,0.0,0.0,-0.8281647943696129,-0.6188383499211341,-0.2093264444484788
2026.01.07 16:27,97.32898,-0.8753413788528093,-0.6688213014400154,-0.20652007741279388,-0.5770003221821582,-0.4111966547789829,-0.16580366740317537,0.0,0.0,-0.8753413788528093,-0.6688213014400127,-0.20652007741279654
2026.01.07 16:28,97.14505,-0.9170001686461831,-0.7190313799956946,-0.1979687886504885,-0.5902198790720377,-0.44700129963759383,-0.14321857943444383,0.0,0.0,-0.9170001686461688,-0.7190313799956903,-0.1979687886504785
2026.01.07 16:29,96.98587,-0.9518867969042759,-0.7680939867527262,-0.1837928101515497,-0.5903955116037025,-0.47568014203081554,-0.11471536957288697,0.0,0.0,-0.9518867969042617,-0.7680939867527203,-0.18379281015154136
2026.01.07 16:30,96.85374,-0.9789121974266664,-0.8146364268288752,-0.1642757705977912,-0.5770304702440399,-0.49595020767346043,-0.08108026257057943,0.0,0.0,-0.9789121974266379,-0.8146364268288662,-0.16427577059777176
2026.01.07 16:31,96.75031,-0.9971810759279407,-0.8573271605492382,-0.1398539153787025,-0.5500098545335419,-0.5067621370454767,-0.04324771748806522,0.0,0.0,-0.9971810759279265,-0.8573271605492275,-0.13985391537869896
2026.01.07 16:32,96.67648,-1.006019985569381,-0.8949142413273733,-0.1111057442420077,-0.5096087430883642,-0.5073314582540542,-0.0022772848343100005,0.0,0.0,-1.0060199855693668,-0.8949142413273611,-0.1111057442420057
2026.01.07 16:33,96.63241,-1.0049959975611529,-0.9262615259864739,-0.07873447157467894,-0.45648321185279883,-0.4971618089738032,0.040678597121004356,0.0,1.0,-1.0049959975611387,-0.9262615259864602,-0.0787344715746785
2026.01.07 16:34,96.61749,-0.9939309813431976,-0.9503814862890272,-0.043549495054170384,-0.3916550049575278,-0.47606044817054816,0.08440544321302035,0.0,0.0,-0.9939309813431834,-0.9503814862890118,-0.043549495054171605
2026.01.07 16:35,96.63039,-0.9729059004733642,-0.9664638314116663,-0.006442069061697975,-0.31648059385442195,-0.444144477307323,0.12766388345290103,0.0,0.0,-0.97290590047335,-0.9664638314116493,-0.00644206906170075
2026.01.07 16:36,96.6691,-0.9422580348292087,-0.973899015409044,0.03164098057983533,-0.23261146741270977,-0.4018378753284004,0.1692264079156906,1.0,0.0,-0.9422580348291802,-0.9738990154090238,0.03164098057984355
2026.01.07 16:37,96.73096,-0.9025734901241833,-0.9722960511288218,0.06972256100463847,-0.1419507370897719,-0.3498604476806747,0.2079097105909028,0.0,0.0,-0.9025734901241549,-0.9722960511288,0.06972256100464513
2026.01.07 16:38,96.81278,-0.8546689210234035,-0.9614940649198359,0.10682514389643238,-0.04659561976758653,-0.2892074820980571,0.24261186233047055,0.0,0.0,-0.8546689210233751,-0.9614940649198126,0.10682514389643749
2026.01.07 16:39,96.91089,-0.79957059570485,-0.9415672202840786,0.14199662457922857,0.05121829785458942,-0.2211223261075278,0.2723406239621172,0.0,0.0,-0.7995705957048216,-0.9415672202840553,0.14199662457923368
2026.01.07 16:40,97.02129,-0.7384836388802967,-0.9128230606121182,0.1743394217318215,0.1491840026247928,-0.14706106036106367,0.2962450629858565,0.0,0.0,-0.7384836388802682,-0.9128230606120932,0.17433942173182493
2026.01.07 16:41,97.13974,-0.6727587167085716,-0.8757940307386949,0.20303531403012332,0.24498715971485296,-0.06865141634588035,0.3136385760607333,0.0,0.0,-0.6727587167085574,-0.8757940307386699,0.20303531403011255
2026.01.07 16:42,97.2619,-0.6038531085488614,-0.8312225986262181,0.22736949007735663,0.33637320142939586,0.0123535072091749,0.324019694220221,0.0,0.0,-0.6038531085488472,-0.8312225986261931,0.22736949007734586
2026.01.07 16:43,97.38343,-0.5332910154488104,-0.7800403801935084,0.246749364744698,0.42120854640423033,0.09412451504818599,0.32708403135604436,0.0,0.0,-0.5332910154488104,-0.780040380193485,0.24674936474467457
2026.01.07 16:44,97.50016,-0.46261813891231895,-0.7233417400200589,0.26072360110773996,0.49754547997439147,0.17480870803342707,0.3227367719409644,0.0,0.0,-0.46261813891233317,-0.7233417400200387,0.26072360110770554
2026.01.07 16:45,97.60817,-0.3933594676781951,-0.662353010336613,0.2689935426584179,0.5636745005569281,0.2525818665381273,0.31109263401880083,0.0,0.0,-0.3933594676781951,-0.6623530103365959,0.2689935426584008
2026.01.07 16:46,97.70394,-0.3269744749143655,-0.5983975642021888,0.2714230892878233,0.6181758651674727,0.3257006662639964,0.2924751989034763,0.0,0.0,-0.3269744749143655,-0.5983975642021748,0.27142308928780934
2026.01.07 16:47,97.7844,-0.26481877431689327,-0.5328586590125766,0.2680398846956833,0.6599544166168982,0.3925514163345768,0.26740300028232145,0.0,0.0,-0.26481877431689327,-0.5328586590125658,0.2680398846956725
2026.01.07 16:48,97.84708,-0.20810329636368863,-0.46714007019689197,0.25903677383320334,0.6882754306921157,0.4516962192060846,0.23657921148603112,0.0,0.0,-0.20810329636370284,-0.4671400701968859,0.2590367738331831
2026.01.07 16:49,97.89014,-0.15786155954721437,-0.40262650582654946,0.2447649462793351,0.7027826232092309,0.5019135000067139,0.20086912320251704,0.0,0.0,-0.15786155954722858,-0.40262650582654813,0.24476494627931955
2026.01.07 16:50,97.91245,-0.11491966820042876,-0.3406443893256447,0.22572472112521597,0.7035098272491638,0.5422327654552039,0.16127706179395984,0.0,0.0,-0.11491966820044297,-0.34064438932564656,0.2257247211252036
2026.01.07 16:51,97.91358,-0.07987596793500984,-0.28242470703521677,0.20254873910020693,0.6908747364410459,0.5719611596523724,0.11891357678867354,0.0,0.0,-0.07987596793500984,-0.28242470703522016,0.20254873910021032
2026.01.07 16:52,97.89388,-0.053081319944311645,-0.2290680742013836,0.17598675425707194,0.6656727050627609,0.5907034687344501,0.07496923632831076,0.0,0.0,-0.053081319944311645,-0.22906807420138697,0.17598675425707533
2026.01.07 16:53,97.8544,-0.03463284849924264,-0.1815141530443751,0.14688130454513246,0.6290477574692375,0.5983723264814076,0.030675430987829877,0.0,0.0,-0.03463284849924264,-0.18151415304437693,0.1468813045451343
2026.01.07 16:54,97.79691,-0.024370338409823944,-0.14051536090344496,0.11614502249362102,0.5824624878474083,0.5951903587546077,-0.012727870907199401,0.0,-1.0,-0.024370338409823944,-0.1405153609034468,0.11614502249362285
2026.01.07 16:55,97.7238,-0.021884322374972953,-0.10661645506573468,0.08473213269076173,0.527650870545699,0.581682461112826,-0.05403159056712692,0.0,0.0,-0.021884322374972953,-0.10661645506573653,0.08473213269076357
2026.01.07 16:56,97.63806,-0.02652685314680525,-0.0801395749357249,0.053612721788919654,0.4665717788095236,0.5586603246521655,-0.09208854584264192,0.0,0.0,-0.02652685314680525,-0.08013957493572674,0.053612721788921486
2026.01.07 16:57,97.54316,-0.03743223363018444,-0.06117612352089111,0.023743889890706665,0.40135014895527377,0.5271982895127872,-0.12584814055751348,0.0,0.0,-0.03743223363018444,-0.061176123520891364,0.023743889890706922
2026.01.07 16:58,97.44297,-0.053542121659845066,-0.049585074866738965,-0.0039570467931061,0.3342169868631686,0.48860202898286353,-0.15438504211969495,-1.0,0.0,-0.053542121659845066,-0.04958507486673764,-0.003957046793107426
2026.01.07 16:59,97.34161,-0.07363936018269612,-0.04499837397587978,-0.028640986206816342,0.26744054393530803,0.44436973197335244,-0.17692918803804442,0.0,0.0,-0.07363936018269612,-0.04499837397587688,-0.028640986206819243
2026.01.07 17:00,97.24338,-0.09638187628824824,-0.04683236379290627,-0.049549512495341966,0.20326490914615647,0.39614876740791327,-0.1928838582617568,0.0,0.0,-0.09638187628824824,-0.04683236379290337,-0.049549512495344866
2026.01.07 17:01,97.15258,-0.12034502279500714,-0.05430610855409466,-0.06603891424091249,0.14384025822663205,0.34568706557165707,-0.20184680734502503,0.0,0.0,-0.12034502279500714,-0.05430610855409176,-0.06603891424091538
2026.01.07 17:02,97.07345,-0.14406047920009257,-0.06646473418752243,-0.07759574501257015,0.09116668745448919,0.2947829899482235,-0.2036163024937343,0.0,0.0,-0.14406047920009257,-0.06646473418751953,-0.07759574501257305
2026.01.07 17:03,97.00996,-0.16606397946959817,-0.0822084720830529,-0.08385550738654526,0.04702829754852189,0.24523205146828317,-0.19820375391976128,0.0,0.0,-0.16606397946959817,-0.08220847208304999,-0.08385550738654818
2026.01.07 17:04,96.96577,-0.1849358502850862,-0.10032530851750993,-0.08461054176757626,0.012946961613081953,0.19877503349724296,-0.185828071884161,0.0,0.0,-0.1849358502850862,-0.10032530851750703,-0.08461054176757916
2026.01.07 17:05,96.94408,-0.19934422941076946,-0.11952723921350594,-0.07981699019726352,-0.009863973134386583,0.15704723217091704,-0.16691120530530362,0.0,0.0,-0.19934422941078367,-0.11952723921350462,-0.07981699019727904
2026.01.07 17:06,96.94756,-0.20808350958718336,-0.13848849209761693,-0.06959501748956642,-0.02053284753213802,0.12153121623030605,-0.14206406376244407,0.0,0.0,-0.20808350958719757,-0.13848849209761718,-0.06959501748958039
2026.01.07 17:07,96.97822,-0.21011338995802475,-0.15588529968630357,-0.05422809027172118,-0.018560740873709847,0.09351282480950288,-0.11207356568321272,0.0,0.0,-0.21011338995803897,-0.1558852996863054,-0.05422809027173356
2026.01.07 17:08,97.03743,-0.20458599264222244,-0.17043492551513983,-0.0341510671270826,-0.0038284114464914865,0.074044577558304,-0.07787298900479549,0.0,0.0,-0.20458599264223665,-0.17043492551514325,-0.0341510671270934
2026.01.07 17:09,97.12578,-0.1908760831481544,-0.1809342818329072,-0.009941801315247217,0.02339152992072968,0.06391396803078914,-0.040522438110059456,0.0,0.0,-0.19087608314816862,-0.18093428183291216,-0.00994180131525646
2026.01.07 17:10,97.24316,-0.16859582832347542,-0.18629548244718144,0.017699654123706027,0.062450749395125627,0.06362132430365644,-0.0011705749085308137,1.0,0.0,-0.16859582832348963,-0.186295482447188,0.017699654123698366
2026.01.07 17:11,97.38868,-0.1376100351893399,-0.1855787664459867,0.0479687312566468,0.1123382295482287,0.07336470535257089,0.038973524195657805,0.0,1.0,-0.1376100351893541,-0.18557876644599483,0.04796873125664072
2026.01.07 17:12,97.56072,-0.09804122250375258,-0.17802068233867052,0.07997945983491794,0.1717095098632626,0.09303366625470924,0.07867584360855337,0.0,0.0,-0.09804122250375258,-0.17802068233867865,0.07997945983492608
2026.01.07 17:13,97.75698,-0.050266668718691676,-0.16305743994240446,0.11279077122371278,0.23892657403537498,0.12221224781084239,0.1167143262245326,0.0,0.0,-0.050266668718691676,-0.16305743994241262,0.11279077122372094
2026.01.07 17:14,97.97454,0.005091590443015548,-0.14034234884753946,0.145433939290555,0.3121055454541306,0.16019090733950003,0.15191463811463057,0.0,0.0,0.005091590443015548,-0.14034234884754604,0.1454339392905616
2026.01.07 17:15,98.20994,0.06718376966722417,-0.10975709559704974,0.1769408652642739,0.38917132293806844,0.20598699045921373,0.1831843324788547,0.0,0.0,0.06718376966722417,-0.10975709559705472,0.17694086526427888
2026.01.07 17:16,98.45924,0.13495304091506455,-0.07141638105559538,0.20636942197065994,0.467912609716322,0.2583721143106354,0.2095404954056866,0.0,0.0,0.13495304091506455,-0.07141638105559878,0.20636942197066332
2026.01.07 17:17,98.71819,0.20716767746633025,-0.02566597326575619,0.23283365073208645,0.5460510945417667,0.31590791035686167,0.23014318418490504,0.0,0.0,0.20716767746633025,-0.02566597326575801,0.23283365073208825
2026.01.07 17:18,98.98232,0.2824554106336592,0.0269264149322231,0.2555289957014361,0.6213069317945212,0.3769877146443936,0.2443192171501276,0.0,0.0,0.2824554106336592,0.026926414932222857,0.25552899570143633
2026.01.07 17:19,99.24703,0.3593391285210856,0.08558585458161877,0.27375327393946686,0.691459486783927,0.4398820690723003,0.25157741771162667,0.0,0.0,0.3593391285210856,0.0855858545816201,0.2737532739394655
2026.01.07 17:20,99.50779,0.4362819943471692,0.14935163564123088,0.2869303587059383,0.7544182684952716,0.5027893089568947,0.25162895953837694,0.0,0.0,0.4362819943471692,0.1493516356412338,0.2869303587059354
2026.01.07 17:21,99.76019,0.5117274647881516,0.21710371200699802,0.29462375278115355,0.8082772380297172,0.5638868947714591,0.24439034325825804,0.0,0.0,0.5117274647881516,0.21710371200700093,0.2946237527811506
2026.01.07 17:22,100.00011,0.5841444292101414,0.28759383399909055,0.29655059521105087,0.8513725394479223,0.6213840237067518,0.22998851574117052,0.0,0.0,0.5841444292101414,0.2875938339990935,0.29655059521104793
2026.01.07 17:23,100.22383,0.6520710602620028,0.3594804417567558,0.292590618505247,0.8823319463265165,0.6735736082307048,0.20875833809581168,0.0,0.0,0.652071060262017,0.3594804417567603,0.2925906185052567
2026.01.07 17:24,100.42811,0.7141547619663271,0.4313661075677673,0.2827886543985598,0.9001123579728443,0.7188813581791327,0.1812309997937116,0.0,0.0,0.7141547619663413,0.4313661075677733,0.282788654398568
2026.01.07 17:25,100.6103,0.7691909982079892,0.5018369917114256,0.2673540064965636,0.9040316365363026,0.7559114138505667,0.14812022268573588,0.0,0.0,0.7691909982079892,0.5018369917114316,0.2673540064965576
2026.01.07 17:26,100.7684,0.8161568129476535,0.5695024512093504,0.24665436173830313,0.8937879952085979,0.7834867301221731,0.1103012650864248,0.0,0.0,0.8161568129476535,0.5695024512093565,0.24665436173829702
2026.01.07 17:27,100.9011,0.8542382140918647,0.6330338738158177,0.22120434027604707,0.8694668557753431,0.8006827552528072,0.06878410052253592,0.0,0.0,0.8542382140918647,0.6330338738158238,0.22120434027604097
2026.01.07 17:28,101.00786,0.8828556285029379,0.6912023738138012,0.19165325468913663,0.8315440078184508,0.806855005765936,0.024689002052514786,0.0,0.0,0.8828556285029379,0.6912023738138073,0.19165325468913053
2026.01.07 17:29,101.08885,0.9016763876170018,0.7429128619548937,0.15876352566210805,0.7808658739820942,0.8016571794091678,-0.020791305427073636,0.0,-1.0,0.9016763876170018,0.7429128619548998,0.15876352566210195
2026.01.07 17:30,101.14501,0.9106264822207208,0.7872349750029569,0.12339150721776393,0.718631090591316,0.7850519616455975,-0.06642087105428152,0.0,0.0,0.9106264822207066,0.7872349750029615,0.12339150721774517
2026.01.07 17:31,101.17797,0.9098904425829346,0.8234289764888229,0.08646146609411176,0.6463534310996693,0.7573122555364119,-0.11095882443674265,0.0,0.0,0.9098904425829204,0.8234289764888258,0.08646146609409455
2026.01.07 17:32,101.19002,0.8999059050595122,0.8509661814663239,0.04893972359318832,0.5658197256199315,0.7190137495531159,-0.15319402393318438,0.0,0.0,0.899905905059498,0.8509661814663237,0.04893972359317422
2026.01.07 17:33,101.18401,0.8813484935518829,0.8695432627536078,0.011805230798275113,0.4790355027445088,0.6710181001913945,-0.19198259744688573,0.0,0.0,0.8813484935518687,0.8695432627536045,0.011805230798264232
2026.01.07 17:34,101.16332,0.8551148692247779,0.879090359533251,-0.023975490308473124,0.38817356170753214,0.614449192494622,-0.2262756307870899,-1.0,0.0,0.8551148692247637,0.8790903595332461,-0.02397549030848245
2026.01.07 17:35,101.13169,0.8222933701739379,0.8797721992250603,-0.05747882905112245,0.2955063051214495,0.5506606150199875,-0.25515430989853805,0.0,0.0,0.8222933701739237,0.8797721992250539,-0.05747882905113022
2026.01.07 17:36,101.09316,0.7841340376392338,0.8719828462858791,-0.08784880864664524,0.20334447851097082,0.4811973877181842,-0.2778529092072134,0.0,0.0,0.7841340376392196,0.8719828462858712,-0.08784880864665157
2026.01.07 17:37,101.05192,0.7420113236859436,0.8563334790839908,-0.11432215539804724,0.11396961977369813,0.407751834129287,-0.2937822143555889,0.0,0.0,0.7420113236859294,0.8563334790839813,-0.1143221553980519
2026.01.07 17:38,101.01219,0.6973838831392385,0.8336343119197949,-0.13625042878055638,0.029568651176560934,0.3321151975387418,-0.30254654636218087,0.0,0.0,0.6973838831392243,0.8336343119197838,-0.13625042878055948
2026.01.07 17:39,100.9781,0.651752539313307,0.8048705404856378,-0.15311800117233076,-0.047827771979996214,0.2561266036349942,-0.3039543756149904,0.0,0.0,0.6517525393132928,0.8048705404856267,-0.15311800117233387
2026.01.07 17:40,100.95357,0.6066172979760296,0.7711735244182039,-0.16455622644217427,-0.11640209188783501,0.18162086453042836,-0.2980229564182634,0.0,0.0,0.6066172979760296,0.7711735244181944,-0.16455622644216483
2026.01.07 17:41,100.94216,0.5634317123359978,0.73378750300448,-0.17035579066848228,-0.1746054569582185,0.11037560023269899,-0.2849810571909175,0.0,0.0,0.5634317123359978,0.7337875030044722,-0.1703557906684744
2026.01.07 17:42,100.94701,0.5235628721640495,0.6940335450724986,-0.17047067290844908,-0.22119762234700602,0.04406095571675799,-0.265258578063764,0.0,0.0,0.5235628721640495,0.6940335450724923,-0.17047067290844276
2026.01.07 17:43,100.9707,0.48824987348614,0.6532707677682055,-0.16502089428206546,-0.25528559407240436,-0.015808354241074483,-0.23947723983132987,0.0,0.0,0.48824987348614,0.6532707677682007,-0.16502089428206068
2026.01.07 17:44,101.01522,0.4585703460491999,0.6128570984210123,-0.15428675237181244,-0.2763441884915494,-0.06791552109116947,-0.20842866740037994,0.0,0.0,0.4585703460491999,0.6128570984210092,-0.15428675237180933
2026.01.07 17:45,101.08186,0.4354072935439035,0.57410968241042,-0.13870238886651653,-0.28423426051227807,-0.1111792689753912,-0.17305499153688686,0.0,0.0,0.4354072935439035,0.5741096824104185,-0.13870238886651498
2026.01.07 17:46,101.1712,0.41942453396234214,0.5382667057744643,-0.1188421718121222,-0.27920414753641865,-0.14478424468759668,-0.13441990284882196,0.0,0.0,0.41942453396234214,0.5382667057744643,-0.1188421718121222
2026.01.07 17:47,101.28308,0.41104756239316487,0.5064515590249006,-0.09540399663173571,-0.2618818138830221,-0.1682037585266818,-0.09367805535634033,0.0,0.0,0.41104756239316487,0.5064515590249022,-0.09540399663173738
2026.01.07 17:48,101.41658,0.4104496779740856,0.4796401299872093,-0.06919045201312368,-0.23325896697534176,-0.1812148002164138,-0.05204416675892795,0.0,0.0,0.4104496779740856,0.47964012998721256,-0.06919045201312696
2026.01.07 17:49,101.5701,0.4175503704893515,0.45863269359980063,-0.041082323110449126,-0.19465558822177798,-0.18390295781748667,-0.010752630404291308,0.0,0.0,0.4175503704893515,0.45863269359980385,-0.041082323110452346
2026.01.07 17:50,101.74133,0.4320145555598316,0.4440307872913377,-0.012016231731506122,-0.14768722998657324,-0.17665981225130398,0.028972582264730734,0.0,1.0,0.4320145555598316,0.44403078729134093,-0.012016231731509341
2026.01.07 17:51,101.92737,0.45326444921265363,0.4362198514078493,0.01704459780480433,-0.09421378412355352,-0.1601706066257539,0.06595682250220036,1.0,0.0,0.45326444921265363,0.4362198514078525,0.01704459780480111
2026.01.07 17:52,102.12479,0.4804964234510578,0.4353583569595068,0.045138066491551,-0.03628529632851496,-0.13539354456630612,0.09910824823779116,0.0,0.0,0.4804964234510578,0.4353583569595101,0.045138066491547724
2026.01.07 17:53,102.3297,0.5127023699517963,0.4413730262820175,0.07132934366977878,0.023914100313348285,-0.10353201559037524,0.1274461159037235,0.0,0.0,0.5127023699517963,0.4413730262820208,0.0713293436697755
2026.01.07 17:54,102.53791,0.5487015317976471,0.45396127497687794,0.0947402568207692,0.0841345725867626,-0.06599869795494767,0.15013327054171027,0.0,0.0,0.5487015317976471,0.45396127497688116,0.09474025682076598
2026.01.07 17:55,102.74502,0.5871745898615046,0.4726001700767849,0.11457441978471972,0.14212544063617827,-0.024373870236722488,0.16649931087290076,0.0,0.0,0.5871745898615046,0.4726001700767881,0.1145744197847165
2026.01.07 17:56,102.94653,0.6267007226481667,0.49656163232734063,0.13013909032082605,0.1956982600356696,0.01964055581775593,0.17605770421791367,0.0,0.0,0.6267007226481667,0.49656163232734385,0.13013909032082283
2026.01.07 17:57,103.138,0.665800562037731,0.5249339527788568,0.14086660925887418,0.24279358585438615,0.06427116182508197,0.17852242402930418,0.0,0.0,0.665800562037731,0.52493395277886,0.14086660925887096
2026.01.07 17:58,103.31515,0.7029784924764186,0.5566481885551976,0.14633030392122104,0.2815394585761197,0.10772482117528953,0.1738146374008302,0.0,0.0,0.7029784924764186,0.5566481885552008,0.14633030392121782
2026.01.07 17:59,103.47399,0.7367663468944556,0.5905094987034891,0.14625684819096652,0.31030624168414533,0.1482411052770607,0.16206513640708464,0.0,0.0,0.7367663468944556,0.5905094987034923,0.1462568481909633
2026.01.07 18:00,103.61095,0.7657676989667834,0.6252320820095035,0.1405356169572799,0.3277568440973653,0.1841442530411216,0.14361259105624366,0.0,0.0,0.7657676989667834,0.6252320820095068,0.14053561695727668
2026.01.07 18:01,103.72295,0.788697331513859,0.6594766273498148,0.1292207041640442,0.3328832717091643,0.21389205677473017,0.11899121493443415,0.0,0.0,0.788697331513859,0.659476627349818,0.12922070416404097
2026.01.07 18:02,103.8075,0.8044188689052874,0.6918895716779805,0.11252929722730687,0.32503635678889964,0.23612091677756408,0.08891544001133556,0.0,0.0,0.8044188689052874,0.6918895716779837,0.11252929722730365
2026.01.07 18:03,103.86279,0.8119797444238657,0.721142706414227,0.09083703800963872,0.3039479578630875,0.24968632499466875,0.05426163286841873,0.0,0.0,0.8119797444238657,0.7211427064142302,0.0908370380096355
2026.01.07 18:04,103.88771,0.8106380971016733,0.7459719849964679,0.06466611210520545,0.2697368817785559,0.2536964363514462,0.01604044542710975,0.0,0.0,0.8106380971016733,0.7459719849964712,0.06466611210520212
2026.01.07 18:05,103.88191,0.7998862298594815,0.7652148191310584,0.03467141072842317,0.22290853748283723,0.2475388565777244,-0.024630319094887165,0.0,-1.0,0.7998862298594815,0.7652148191310617,0.03467141072841984
2026.01.07 18:06,103.84577,0.7794639266941346,0.7778440818706588,0.001619844823475769,0.16433710039768812,0.23089850534171716,-0.06656140494402904,0.0,0.0,0.7794639266941488,0.7778440818706637,0.0016198448234850948
2026.01.07 18:07,103.78045,0.7493700546791757,0.7829986998931874,-0.033628645214011654,0.09524702845359911,0.20376820996409356,-0.10852118151049445,-1.0,0.0,0.7493700546791899,0.7829986998931938,-0.03362864521400388
2026.01.07 18:08,103.68779,0.709860724129797,0.7800091862526698,-0.07014846212287285,0.017173148419615814,0.16644919765519803,-0.14927604923558221,0.0,0.0,0.7098607241298112,0.7800091862526778,-0.07014846212286663
2026.01.07 18:09,103.57031,0.6614449155896409,0.7684177658774317,-0.1069728502877908,-0.06807901885346723,0.11954355435346499,-0.1876225732069322,0.0,0.0,0.6614449155896409,0.7684177658774397,-0.10697285028779879
2026.01.07 18:10,103.43109,0.6048685993192748,0.7479923511891445,-0.1431237518698697,-0.15848871671032327,0.06393710014070735,-0.22242581685103063,0.0,0.0,0.6048685993192748,0.7479923511891526,-0.1431237518698778
2026.01.07 18:11,103.27374,0.5410971994000988,0.7187343879107903,-0.17763718851069144,-0.2518720467525384,0.0007752707620581958,-0.25264731751459657,0.0,0.0,0.5410971994000988,0.7187343879107984,-0.17763718851069954
2026.01.07 18:12,103.10223,0.47128579263265635,0.6808795043784337,-0.20959371174577734,-0.3459499744687946,-0.06856977828411236,-0.27738019618468224,0.0,0.0,0.47128579263265635,0.6808795043784417,-0.20959371174578534
2026.01.07 18:13,102.92083,0.39674881248572547,0.6348918060877728,-0.23814299360204738,-0.438409684307544,-0.1425377594887987,-0.2958719248187453,0.0,0.0,0.39674881248571126,0.6348918060877793,-0.23814299360206803
2026.01.07 18:14,102.73396,0.31892253103171697,0.5814513951069101,-0.26252886407519316,-0.5269720474186244,-0.21942461707476385,-0.3075474303438605,0.0,0.0,0.31892253103171697,0.5814513951069166,-0.2625288640751996
2026.01.07 18:15,102.54608,0.2393255010488815,0.5214360144796598,-0.2821105134307783,-0.6094554078616312,-0.29743077523213735,-0.31202463262949387,0.0,0.0,0.2393255010488815,0.5214360144796646,-0.2821105134307831
2026.01.07 18:16,102.36155,0.15951545760307795,0.45589661480453786,-0.2963811572014599,-0.6838388352778821,-0.3747123872412863,-0.30912644803659584,0.0,0.0,0.15951545760309216,0.4558966148045427,-0.29638115720145053
2026.01.07 18:17,102.1845,0.081044734588815,0.38602817152220653,-0.3049834369333915,-0.7483213225087724,-0.4494341742947835,-0.2988871482139889,0.0,0.0,0.08104473458882921,0.38602817152221136,-0.30498343693338215
2026.01.07 18:18,102.01874,0.005418216733303893,0.3131363160937246,-0.3077180993604207,-0.8013703115308459,-0.519821401741996,-0.28154890978884994,0.0,0.0,0.005418216733318104,0.31313631609373105,-0.30771809936041294
2026.01.07 18:19,101.86764,-0.06594863590828481,0.23860106773510686,-0.3045497036433917,-0.8417651498712502,-0.5842101513678468,-0.25755499850340335,0.0,0.0,-0.0659486359082706,0.23860106773511486,-0.30454970364338546
2026.01.07 18:20,101.734,-0.13177202603021954,0.1638378204650715,-0.29560984649529104,-0.8686366588373318,-0.6410954528617439,-0.2275412059755879,0.0,0.0,-0.13177202603020532,0.16383782046508108,-0.29560984649528643
2026.01.07 18:21,101.62003,-0.19093300659834256,0.0902579538838494,-0.28119096048219194,-0.8814867547821592,-0.689173713245827,-0.19231304153633222,0.0,0.0,-0.19093300659832835,0.09025795388386054,-0.2811909604821889
2026.01.07 18:22,101.52725,-0.24250958104234144,0.019229243491841963,-0.2617388245341834,-0.880204473749103,-0.7273798653464822,-0.1528246084026208,0.0,0.0,-0.24250958104232723,0.01922924349185627,-0.2617388245341835
2026.01.07 18:23,101.45648,-0.28580040625011804,-0.04796219398391749,-0.23783821226620055,-0.8650658189227443,-0.7549170560617348,-0.1101487628610095,0.0,0.0,-0.28580040625010383,-0.04796219398390159,-0.23783821226620225
2026.01.07 18:24,101.40776,-0.32034723048697344,-0.11014805304345693,-0.21019917744351652,-0.8367318515669382,-0.7712800151627754,-0.06545183640416274,0.0,0.0,-0.32034723048695923,-0.11014805304343946,-0.2101991774435198
2026.01.07 18:25,101.38044,-0.3459425232026092,-0.1663100509107555,-0.1796324722918537,-0.7962211686887031,-0.7762682458679611,-0.019952922820742014,0.0,0.0,-0.345942523202595,-0.16631005091073803,-0.17963247229185697
2026.01.07 18:26,101.37311,-0.3626381796242413,-0.215608152489984,-0.14703002713425728,-0.7448877351684189,-0.7699921437280527,0.025104408559633806,0.0,1.0,-0.36263817962422706,-0.2156081524899665,-0.14703002713426055
2026.01.07 18:27,101.38372,-0.3707398115258087,-0.25740348896321874,-0.11333632256258996,-0.6843759370263314,-0.7528689023877084,0.06849296536137706,0.0,0.0,-0.3707398115257945,-0.25740348896320125,-0.11333632256259324
2026.01.07 18:28,101.4096,-0.3707977873856976,-0.29127561690515347,-0.07952217048054411,-0.6165751256355065,-0.7256101470372681,0.10903502140176158,0.0,0.0,-0.3707977873856976,-0.2912756169051376,-0.07952217048055998
2026.01.07 18:29,101.44754,-0.3635910415507482,-0.3170332852963233,-0.046557756254424876,-0.5435665607713958,-0.6892014297840937,0.14563486901269795,0.0,0.0,-0.3635910415507482,-0.317033285296309,-0.0465577562544392
2026.01.07 18:30,101.49391,-0.35010221171935996,-0.3347187525319919,-0.015383459187368054,-0.4675609666784766,-0.6448733371629702,0.17731237048449366,0.0,0.0,-0.35010221171935996,-0.3347187525319792,-0.015383459187380766
2026.01.07 18:31,101.54476,-0.33148786114813333,-0.3446052280993021,0.013117366951168774,-0.39083432311633715,-0.5940655343536436,0.20323121123730647,1.0,0.0,-0.33148786114813333,-0.34460522809929095,0.013117366951157616
2026.01.07 18:32,101.59592,-0.3090451892060031,-0.34718798176106713,0.03814279255506403,-0.3156644843531069,-0.5383853243535363,0.22272084000042935,0.0,0.0,-0.3090451892059889,-0.347187981761056,0.038142792555067084
2026.01.07 18:33,101.64316,-0.2841715836763399,-0.3431684654487745,0.05899688177243462,-0.2442619867218525,-0.47956065682719956,0.23529867010534705,0.0,0.0,-0.28417158367632567,-0.34316846544876334,0.05899688177243767
2026.01.07 18:34,101.68228,-0.25832460972944205,-0.3334331417295337,0.07510853200009165,-0.1787090820234738,-0.4193903418664544,0.2406812598429806,0.0,0.0,-0.25832460972944205,-0.33343314172952415,0.0751085320000821
2026.01.07 18:35,101.70926,-0.2329780106573196,-0.31902645628876464,0.08604844563144504,-0.12089815874078624,-0.3596919052413208,0.23879374650053453,0.0,0.0,-0.2329780106573196,-0.31902645628875664,0.08604844563143704
2026.01.07 18:36,101.72036,-0.20957907394090114,-0.3011197076682193,0.09154063372731819,-0.0724790542232654,-0.3022493350377097,0.22977028081444428,0.0,0.0,-0.20957907394090114,-0.30111970766821294,0.0915406337273118
2026.01.07 18:37,101.71226,-0.18950436199567378,-0.28097599373599447,0.09147163174032069,-0.03480889583262581,-0.2487612471966929,0.2139523513640671,0.0,0.0,-0.18950436199567378,-0.2809759937359881,0.09147163174031431
2026.01.07 18:38,101.68213,-0.17402025022096268,-0.2599125724771294,0.08589232225616672,-0.00891557647437935,-0.20079211305223021,0.19187653657785086,0.0,0.0,-0.17402025022096268,-0.259912572477123,0.08589232225616034
2026.01.07 18:39,101.62773,-0.16424528800177995,-0.23926180317517606,0.07501651517339611,0.004531973820945723,-0.15972729567759505,0.16425926949854078,0.0,0.0,-0.16424528800177995,-0.23926180317516968,0.07501651517338973
2026.01.07 18:40,97.5098,-0.48321094110070817,-0.2561199231699066,-0.22709101793080155,-0.5655333168119796,-0.24088849990447198,-0.3246448169075076,-1.0,-1.0,-0.48321094110070817,-0.25611992316990023,-0.22709101793080794
2026.01.07 18:41,97.63073,-0.717959291065938,-0.30155482337656603,-0.416404467689372,-0.9219099154751547,-0.37709278301860855,-0.5448171324565461,0.0,0.0,-0.7179592910659522,-0.3015548233765628,-0.41640446768938943
2026.01.07 18:42,97.76394,-0.8830706274653011,-0.3680991615753395,-0.5149714658899616,-1.1153674189794174,-0.5247477102107703,-0.5906197087686471,0.0,0.0,-0.8830706274653153,-0.36809916157533945,-0.5149714658899758
2026.01.07 18:43,97.90863,-0.9908256559552342,-0.44948816671153863,-0.5413374892436955,-1.1864549873236996,-0.6570891656333562,-0.5293658216903434,0.0,0.0,-0.9908256559552484,-0.4494881667115401,-0.5413374892437083
2026.01.07 18:44,98.06394,-1.0515682491487155,-0.5404426376550271,-0.5111256114936884,-1.1674233310338593,-0.7591559987134568,-0.40826733232040247,0.0,0.0,-1.0515682491487297,-0.5404426376550302,-0.5111256114936995
2026.01.07 18:45,98.22891,-1.0740149161903503,-0.6364910645716325,-0.43752385161871776,-1.0838051026567541,-0.8240858195021163,-0.25971928315463777,0.0,0.0,-1.0740149161903645,-0.6364910645716372,-0.4375238516187273
2026.01.07 18:46,98.40252,-1.0655126192435915,-0.7338253153769567,-0.3316873038666348,-0.9557016018358837,-0.8504089759688699,-0.10529262586701382,0.0,0.0,-1.0655126192435915,-0.7338253153769614,-0.33168730386663015
2026.01.07 18:47,98.58372,-1.0322539806756765,-0.8291846187608138,-0.2030693619148627,-0.7988301516888896,-0.8400932111128738,0.04126305942398423,0.0,1.0,-1.0322539806756765,-0.8291846187608185,-0.20306936191485803
2026.01.07 18:48,98.77136,-0.9794646315905595,-0.9197645458262338,-0.05970008576432573,-0.625389429991543,-0.7971524548886078,0.17176302489706474,0.0,0.0,-0.9794646315905595,-0.9197645458262385,-0.059700085764321065
2026.01.07 18:49,98.9643,-0.911552239782111,-0.9673580234575008,0.0558057836753898,-0.44474805707193354,-0.7266715753252729,0.2819235182533394,1.0,0.0,-0.911552239782111,-0.9673580234575054,0.05580578367539446
2026.01.07 18:50,99.16132,-0.8322397705329365,-0.9800558545093895,0.14781608397645296,-0.26401896829838734,-0.6341410539198958,0.3701220856215085,0.0,0.0,-0.8322397705329365,-0.9800558545093926,0.14781608397645607
2026.01.07 18:51,99.3612,-0.7446713143344965,-0.9646781530504112,0.22000683871591464,-0.08851384877044666,-0.5250156128900061,0.43650176411955943,0.0,0.0,-0.7446713143344965,-0.9646781530504127,0.2200068387159162
2026.01.07 18:52,99.5627,-0.6515031926481356,-0.9269756571274002,0.27547246447926454,0.07788468127239412,-0.40443555405752607,0.4823202353299202,0.0,0.0,-0.6515031926481356,-0.9269756571274002,0.27547246447926454
2026.01.07 18:53,99.76454,-0.5549824911257986,-0.8717994617915205,0.3168169706657219,0.23241877373988018,-0.27706468849804483,0.509483462237925,0.0,0.0,-0.5549824911257986,-0.8717994617915189,0.31681697066572034
2026.01.07 18:54,99.96548,-0.4570068703761052,-0.8032430122566043,0.3462361418804991,0.37322119710916013,-0.14700751137660384,0.520228708485764,0.0,0.0,-0.4570068703761052,-0.8032430122566012,0.346236141880496
2026.01.07 18:55,100.16427,-0.359179396906967,-0.7247615431080905,0.3655821462011235,0.4991182874897504,-0.017782351603332996,0.5169006390930834,0.0,0.0,-0.359179396906967,-0.7247615431080874,0.3655821462011204
2026.01.07 18:56,100.35966,-0.26285406131825084,-0.6392726631794876,0.37641860186123677,0.6094729172130258,0.10766870215993876,0.501804215053087,0.0,0.0,-0.26285406131823663,-0.639272663179483,0.3764186018612463
2026.01.07 18:57,100.55046,-0.1691694928505143,-0.5492398699861493,0.38007037713563496,0.7040669300853466,0.22694834774502035,0.4771185823403262,0.0,0.0,-0.1691694928505001,-0.549239869986143,0.38007037713564296
2026.01.07 18:58,100.73547,-0.07908341222366744,-0.45674333359076663,0.3776599213670992,0.7829960335388932,0.33815788490379495,0.4448381486350983,0.0,0.0,-0.07908341222363902,-0.45674333359075725,0.37765992136711823
2026.01.07 18:59,100.91356,0.006604695529276228,-0.3635383929171874,0.37014308844646365,0.8465976802429651,0.43984584397162896,0.40675183627133615,0.0,0.0,0.006604695529304649,-0.3635383929171749,0.37014308844647953
2026.01.07 19:00,101.08365,0.08723241874848497,-0.27110464479685614,0.3583370635453411,0.8953898360859114,0.5309546423944855,0.36443519369142585,0.0,0.0,0.0872324187485134,-0.27110464479684043,0.35833706354535383
2026.01.07 19:01,101.2447,0.16225547917663619,-0.18068701459410372,0.34294249377073993,0.9300205464227105,0.6107678232001306,0.3192527232225799,0.0,0.0,0.1622554791766646,-0.18068701459408487,0.3429424937707495
2026.01.07 19:02,101.39574,0.23123393986335827,-0.0933296333730863,0.3245635732364446,0.9512321773873254,0.6788606940375695,0.2723714833497558,0.0,0.0,0.2312339398633867,-0.09332963337306428,0.32456357323645096
2026.01.07 19:03,101.53587,0.2938202103174774,-0.00990440218491044,0.30372461250238786,0.9598326806650448,0.7350550913630646,0.22477758930198022,0.0,0.0,0.2938202103174916,-0.009904402184886862,0.3037246125023785
2026.01.07 19:04,101.66427,0.34974939417391226,0.06886546349074281,0.28088393068316947,0.9566740233649114,0.779378877763434,0.1772951456014774,0.0,0.0,0.3497493941739265,0.06886546349076797,0.28088393068315853
2026.01.07 19:05,101.78019,0.398829986720429,0.14238591327281835,0.25644407344761067,0.9426334267606222,0.8120297875628717,0.13060363919775053,0.0,0.0,0.39882998672044323,0.1423859132728435,0.25644407344759973
2026.01.07 19:06,101.88299,0.44093894114610066,0.21017573927244224,0.23076320187365842,0.9186042130255032,0.8333446726553981,0.08525954037010508,0.0,0.0,0.44093894114611487,0.21017573927246738,0.2307632018736475
2026.01.07 19:07,101.97208,0.476012236594741,0.27185303358559876,0.20415920300914225,0.8854794671727149,0.8437716315588616,0.04170783561385327,0.0,0.0,0.4760122365947552,0.2718530335856223,0.20415920300913293
2026.01.07 19:08,102.04702,0.5040447930106922,0.3271241555279783,0.17692063748271386,0.8441538677874121,0.8438480788045718,0.00030578898284028266,0.0,0.0,0.5040447930107064,0.3271241555280003,0.1769206374827061
2026.01.07 19:09,102.10742,0.5250817555245106,0.3757740818364256,0.14930767368808506,0.7955097918691934,0.8341804214174962,-0.038670629548302804,0.0,-1.0,0.5250817555245106,0.3757740818364444,0.14930767368806624
2026.01.07 19:10,102.15302,0.5392174753797718,0.41765874808121844,0.12155872729855338,0.7404184195683285,0.8154280210476628,-0.07500960147933422,0.0,0.0,0.5392174753797718,0.4176587480812341,0.12155872729853773
2026.01.07 19:11,102.18364,0.5465901621566331,0.45269832833602675,0.0938918338206064,0.6797328474709019,0.7882889863323106,-0.10855613886140869,0.0,0.0,0.5465901621566331,0.4526983283360393,0.09389183382059385
2026.01.07 19:12,102.19923,0.547381182712229,0.4808717697132214,0.06650941299900764,0.6142900364783941,0.7534891963615273,-0.13919915988313325,0.0,0.0,0.547381182712229,0.4808717697132323,0.06650941299899671
2026.01.07 19:13,102.19983,0.5418108292134747,0.5022119291620617,0.03959890005141298,0.5449061209494488,0.7117725812791117,-0.1668664603296629,0.0,0.0,0.5418108292134747,0.502211929162071,0.03959890005140365
2026.01.07 19:14,102.18558,0.5301353576208498,0.5168014148176641,0.013333942803185783,0.47237435411025785,0.6638929358453409,-0.19151858173508307,0.0,0.0,0.5301353576208356,0.5168014148176702,0.013333942803165466
2026.01.07 19:15,102.15672,0.5126442575682688,0.524768672197905,-0.012124414629636204,0.3974635616487774,0.6106070610060282,-0.21314349935725085,-1.0,0.0,0.5126442575682546,0.5247686721979079,-0.012124414629653302
2026.01.07 19:16,102.11362,0.4896601278112058,0.52628510455529,-0.03662497674408416,0.3209212657699396,0.5526699019588105,-0.23174863618887087,0.0,0.0,0.4896601278111916,0.5262851045552898,-0.03662497674409815
2026.01.07 19:17,102.05671,0.4615326172857266,0.5215615294747382,-0.06002891218901163,0.2434658338319764,0.4908290883334437,-0.2473632545014673,0.0,0.0,0.4615326172857124,0.5215615294747349,-0.06002891218902251
2026.01.07 19:18,101.98654,0.4286381561357331,0.5108455739870963,-0.08220741785136321,0.16578967666801248,0.4258212060003575,-0.260031529332345,0.0,0.0,0.4286381561357189,0.5108455739870913,-0.08220741785137242
2026.01.07 19:19,101.90375,0.39137704661780504,0.4944188596802111,-0.10304181306240606,0.08855731651298981,0.358368428102884,-0.2698111115898942,0.0,0.0,0.3913770466177908,0.49441885968020455,-0.10304181306241372
2026.01.07 19:20,101.80905,0.35016931640724636,0.47259432126361256,-0.1224250048563662,0.012401401228700593,0.2891750227280473,-0.2767736214993467,0.0,0.0,0.35016931640724636,0.472594321263606,-0.12242500485635965
2026.01.07 19:21,101.70326,0.3054544358558928,0.44571357161290853,-0.1402591357570157,-0.06207405858680204,0.21892520646507743,-0.28099926505187944,0.0,0.0,0.3054544358558928,0.445713571612902,-0.14025913575700916
2026.01.07 19:22,101.58725,0.2576860885765484,0.4141441559865834,-0.15645806741003498,-0.13429965094981355,0.14828023498209925,-0.2825798859319128,0.0,0.0,0.2576860885765484,0.41414415598657683,-0.15645806741002843
2026.01.07 19:23,101.46199,0.20733190095226917,0.37827710524562996,-0.1709452042933608,-0.20373712386917475,0.07787676321184445,-0.2816138870810192,0.0,0.0,0.20733190095226917,0.378277105245625,-0.17094520429335586
2026.01.07 19:24,101.32848,0.15486748727566635,0.33852413076867416,-0.1836566434930078,-0.26988646481174783,0.008324117607125987,-0.2782105824188738,0.0,0.0,0.15486748727566635,0.3385241307686708,-0.18365664349300442
2026.01.07 19:25,101.1878,0.10077568183359631,0.2953147478822731,-0.19453906604867677,-0.3322830413439135,-0.059797314183081915,-0.2724857271608316,0.0,0.0,0.10077568183359631,0.2953147478822713,-0.194539066048675
2026.01.07 19:26,101.04108,0.045543461822461495,0.24909373060857695,-0.20355026878611546,-0.39049920725490495,-0.12593769279744654,-0.2645615144574584,0.0,0.0,0.045543461822461495,0.24909373060857673,-0.20355026878611523
2026.01.07 19:27,100.88948,-0.01034210612726838,0.2003181459126879,-0.21066025203995628,-0.4441475008592164,-0.1895796544098005,-0.2545678464494159,0.0,0.0,-0.01034210612726838,0.20031814591268926,-0.21066025203995764
2026.01.07 19:28,100.7342,-0.06639624504937558,0.14945444683855671,-0.2158506918879323,-0.49288055719809165,-0.2502398349674587,-0.24264072223063293,0.0,0.0,-0.06639624504937558,0.14945444683855966,-0.21585069188793524
2026.01.07 19:29,100.57648,-0.12213830551483795,0.09697582218054734,-0.2191141276953853,-0.5363901112344394,-0.30746989022085486,-0.2289202210135845,0.0,0.0,-0.12213830551483795,0.09697582218055029,-0.21911412769538824
2026.01.07 19:30,100.41755,-0.17709714712721336,0.04335897962686888,-0.22045612675408224,-0.5744124278781584,-0.3608583977523156,-0.2135540301258428,0.0,0.0,-0.17709714712721336,0.043358979626871824,-0.22045612675408519
2026.01.07 19:31,100.25867,-0.23081205554571227,-0.01091859194227119,-0.21989346360344109,-0.6067252413112527,-0.41003176646410305,-0.19669347484714966,0.0,0.0,-0.23081205554571227,-0.010918591942268248,-0.21989346360344403
2026.01.07 19:32,100.10108,-0.28283733073918427,-0.06538183990798824,-0.21745549083119603,-0.6331515782600263,-0.45465572882328775,-0.17849584943673857,0.0,0.0,-0.28283733073918427,-0.0653818399079853,-0.21745549083119897
2026.01.07 19:33,99.94604,-0.33274251978548364,-0.11956072958144934,-0.2131817902040343,-0.6535554602493789,-0.494435675108506,-0.15911978514087294,0.0,0.0,-0.33274251978548364,-0.11956072958144641,-0.2131817902040372
2026.01.07 19:34,99.79477,-0.38011721183275426,-0.17299327332215497,-0.2071239385105993,-0.6678462015143651,-0.5291177803896778,-0.1387284211246873,0.0,0.0,-0.38011721183275426,-0.17299327332215203,-0.20712393851060223
2026.01.07 19:35,99.64847,-0.4245729709941912,-0.22522843252400526,-0.19934453847018596,-0.6759771719252399,-0.5584896586967902,-0.11748751322844964,0.0,0.0,-0.424572970994177,-0.22522843252400074,-0.19934453847017627
2026.01.07 19:36,99.50831,-0.4657453980181714,-0.27582879828966117,-0.18991659972851022,-0.6779449504022352,-0.5823807170378792,-0.09556423336435604,0.0,0.0,-0.4657453980181572,-0.27582879828965506,-0.1899165997285021
2026.01.07 19:37,99.37541,-0.5032970670766446,-0.32437333407046887,-0.1789237330061757,-0.6737901429114714,-0.6006626022125976,-0.07312754069887384,0.0,0.0,-0.5032970670766304,-0.32437333407046115,-0.1789237330061692
2026.01.07 19:38,99.25084,-0.5369195192782712,-0.3704601355997392,-0.16645938367853197,-0.6635964524717366,-0.6132493722644254,-0.05034708020731116,0.0,0.0,-0.536919519278257,-0.3704601355997299,-0.16645938367852708
2026.01.07 19:39,99.13564,-0.5663328989886338,-0.4137085524732304,-0.1526243465154034,-0.6474856911844,-0.6200966360484204,-0.027389055135979667,0.0,0.0,-0.5663328989886338,-0.4137085524732211,-0.15262434651541273
2026.01.07 19:40,99.03074,-0.5912917246991753,-0.4537618490458374,-0.13752987565333796,-0.6256242342969216,-0.6212021556981207,-0.004422078598800949,0.0,0.0,-0.5912917246991753,-0.4537618490458281,-0.13752987565334723
2026.01.07 19:41,98.93703,-0.6115834345897753,-0.49028919391812525,-0.12129424067165001,-0.5982159489120562,-0.6166049143409078,0.0183889654288516,0.0,1.0,-0.6115834345897753,-0.490289193918116,-0.12129424067165928
2026.01.07 19:42,98.85533,-0.6270292650215623,-0.5229877211665784,-0.10404154385498388,-0.5655000623372786,-0.6063839439401819,0.04088388160290335,0.0,0.0,-0.6270292650215623,-0.5229877211665692,-0.10404154385499309
2026.01.07 19:43,98.78634,-0.6374885422541894,-0.551584535657849,-0.08590400659634034,-0.5277553177327263,-0.5906582186986908,0.06290290096596451,0.0,0.0,-0.6374885422541894,-0.5515845356578397,-0.08590400659634967
2026.01.07 19:44,98.73072,-0.642855229063187,-0.5758381198877375,-0.06701710917544956,-0.485289935054837,-0.56958456196992,0.08429462691508305,0.0,0.0,-0.6428552290631728,-0.5758381198877282,-0.06701710917544468
2026.01.07 19:45,98.68899,-0.6430628015880302,-0.5955400536177218,-0.04752274797030842,-0.43844746322825756,-0.5433571422215875,0.10490967899332992,0.0,0.0,-0.643062801588016,-0.5955400536177125,-0.047522747970303536
2026.01.07 19:46,98.66162,-0.6380804404426641,-0.6105159839917239,-0.02756445645094019,-0.3875965711305156,-0.5122050280033731,0.12460845687285749,0.0,0.0,-0.6380804404426499,-0.6105159839917147,-0.027564456450935193
2026.01.07 19:47,98.64895,-0.627916021420603,-0.620626706451983,-0.007289314968619953,-0.3331340309220536,-0.47639082858710924,0.1432567976650556,0.0,0.0,-0.6279160214205888,-0.6206267064519737,-0.007289314968615068
2026.01.07 19:48,98.65122,-0.6126156245067875,-0.6257692315095557,0.01315360700276813,-0.2754811787873592,-0.4362088986271593,0.16072771983980005,1.0,0.0,-0.6126156245067733,-0.6257692315095448,0.013153607002771461
2026.01.07 19:49,98.66859,-0.5922611183833482,-0.6258769419189082,0.03361582353556003,-0.21507735098573733,-0.3919825890988749,0.17690523811313758,0.0,0.0,-0.592261118383334,-0.6258769419188958,0.033615823535561806
2026.01.07 19:50,98.70109,-0.5669718487039148,-0.6209200990427015,0.053948250338786696,-0.15238131274612954,-0.34406233382832585,0.1916810210821963,0.0,0.0,-0.5669718487039006,-0.6209200990426874,0.05394825033878681
2026.01.07 19:51,98.74867,-0.5369015451236976,-0.6109059079429388,0.07400436281924117,-0.08786402992537035,-0.29282267304773474,0.2049586431223644,0.0,0.0,-0.5369015451236834,-0.6109059079429231,0.07400436281923972
2026.01.07 19:52,98.81115,-0.5022394947959015,-0.595878236003129,0.09363874120722748,-0.022009792802364814,-0.23866009699866075,0.21665030419629594,0.0,0.0,-0.5022394947958873,-0.5958782360031117,0.09363874120722449
2026.01.07 19:53,98.88826,-0.4632078656809995,-0.5759174178495525,0.11270955216855305,0.044689637423331874,-0.18199015011426223,0.2266797875375941,0.0,0.0,-0.46320786568098526,-0.5759174178495354,0.11270955216855016
2026.01.07 19:54,98.97965,-0.4200584369934859,-0.5511391551168254,0.13108071812333955,0.11174129951112377,-0.12324386018918504,0.2349851597003088,0.0,0.0,-0.4200584369934717,-0.5511391551168082,0.13108071812333655
2026.01.07 19:55,99.08483,-0.37307448646059527,-0.5216940491188178,0.14861956265822251,0.17864749133283908,-0.06286558988478022,0.2415130812176193,0.0,0.0,-0.37307448646058106,-0.5216940491188006,0.14861956265821952
2026.01.07 19:56,99.20324,-0.3225663259409828,-0.48776630517663777,0.165199979235655,0.2449139182153175,-0.001309688264760682,0.24622360648007818,0.0,0.0,-0.32256632594096857,-0.48776630517662056,0.165199979235652
2026.01.07 19:57,99.33423,-0.2688690910502203,-0.44957224590368583,0.18070315485346555,0.3100529596286776,0.06096284131392698,0.24909011831475064,0.0,0.0,-0.26886909105020607,-0.4495722459036686,0.18070315485346256
2026.01.07 19:58,99.47705,-0.21234152421499175,-0.4073589576627573,0.19501743344776556,0.3735848454741131,0.12348724214596421,0.2500976033281489,0.0,0.0,-0.21234152421497754,-0.40735895766274016,0.19501743344776262
2026.01.07 19:59,99.63089,-0.15336156131886014,-0.3614022590644179,0.20804069774555778,0.43504440213399675,0.18579867414357074,0.24924572799042602,0.0,0.0,-0.15336156131884593,-0.36140225906440077,0.20804069774555484
2026.01.07 20:00,99.79484,-0.09232584610029448,-0.3120049591729287,0.2196791130726342,0.49398011651008744,0.2474349626168741,0.24654515389321335,0.0,0.0,-0.09232584610028027,-0.3120049591729115,0.21967911307263122
2026.01.07 20:01,99.96793,-0.02964594561737499,-0.2594945648197591,0.22984861920238409,0.5499591926284637,0.307939808619192,0.2420193840092717,0.0,0.0,-0.02964594561736078,-0.2594945648197419,0.22984861920238114
2026.01.07 20:02,100.14913,0.03425478491045908,-0.20422093697626367,0.23847572188672275,0.6025709256334295,0.3668660320220395,0.23570489361139002,0.0,0.0,0.03425478491047329,-0.20422093697624652,0.2384757218867198
2026.01.07 20:03,100.33735,0.09894379276093446,-0.14655402255910585,0.2454978153200403,0.6514287716919114,0.42377857995601387,0.2276501917358975,0.0,0.0,0.09894379276094867,-0.1465540225590887,0.24549781532003737
2026.01.07 20:04,100.53145,0.16398225996275073,-0.08688105073428963,0.2508633106970404,0.6961728311251676,0.4782574301898447,0.2179154009353229,0.0,0.0,0.16398225996275073,-0.08688105073427405,0.2508633106970248
2026.01.07 20:05,100.73026,0.2289290674859643,-0.025603784797962173,0.25453285228392647,0.7364739204074766,0.5299007282333711,0.20657319217410552,0.0,0.0,0.2289290674859643,-0.025603784797948177,0.2545328522839125
2026.01.07 20:06,100.93255,0.2933415341496044,0.03686406244646279,0.2564774717031416,0.7720315101454247,0.5783268846157819,0.19370462552964285,0.0,0.0,0.2933415341496044,0.03686406244647521,0.2564774717031292
2026.01.07 20:07,101.1371,0.3567815973857904,0.1000999648465497,0.2566816325392407,0.8025815779666772,0.6231778232859609,0.17940375468071623,0.0,0.0,0.3567815973857904,0.10009996484656053,0.2566816325392299
2026.01.07 20:08,101.34265,0.4188166144809742,0.16367531771319796,0.2551412967677762,0.8278940799389858,0.664121074616566,0.16377300532241978,0.0,0.0,0.4188166144809742,0.1636753177132072,0.255141296767767
2026.01.07 20:09,101.54795,0.4790239171683055,0.2271586247430424,0.2518652924252631,0.8477773978643199,0.7008523392661168,0.14692505859820315,0.0,0.0,0.4790239171682913,0.2271586247430485,0.2518652924252428
2026.01.07 20:10,101.75173,0.5369918732091605,0.29011838239043525,0.24687349081872528,0.8620761301076385,0.7330970974344212,0.1289790326732173,0.0,0.0,0.5369918732091605,0.29011838239043974,0.2468734908187208
2026.01.07 20:11,101.95275,0.5923245809538997,0.3521261375063731,0.2401984434475266,0.8706756037293673,0.7606127986934105,0.11006280503595678,0.0,0.0,0.5923245809538997,0.352126137506376,0.24019844344752372
2026.01.07 20:12,102.14977,0.6446429749880451,0.41275937997605205,0.23188359501199307,0.8734995486316279,0.783190148681054,0.09030939995057397,0.0,0.0,0.6446429749880451,0.4127593799760534,0.23188359501199174
2026.01.07 20:13,102.3416,0.6935894891174996,0.47160462765991307,0.22198486145758656,0.8705143683562113,0.8006549926160855,0.0698593757401258,0.0,0.0,0.6935894891174996,0.4716046276599144,0.22198486145758523
2026.01.07 20:14,102.52706,0.7388282738158694,0.5282600950299026,0.2105681787859668,0.8617250785044348,0.8128690097937554,0.04885606871067938,0.0,0.0,0.7388282738158694,0.5282600950299039,0.21056817878596545
2026.01.07 20:15,102.70504,0.7800499054306584,0.5823388029500197,0.19771110248063872,0.847179688923319,0.8197311456196682,0.027448543303650763,0.0,0.0,0.7800499054306442,0.5823388029500194,0.19771110248062485
2026.01.07 20:16,102.87445,0.8169707859786399,0.6334709350158919,0.183499850962748,0.8269637043712379,0.8211776573699822,0.005786047001255734,0.0,0.0,0.8169707859786257,0.63347093501589,0.1834998509627357
2026.01.07 20:17,103.03428,0.8493371649153403,0.6813065517308214,0.16803061318451884,0.8012034560177597,0.8171828170995377,-0.015979361081778,0.0,-1.0,0.8493371649153261,0.681306551730818,0.16803061318450807
2026.01.07 20:18,103.18359,0.8769271522313886,0.7255180222933862,0.15140912993800237,0.7700655117844803,0.8077593560365262,-0.037693844252045805,0.0,0.0,0.8769271522313744,0.7255180222933828,0.1514091299379916
2026.01.07 20:19,103.3215,0.899551134860971,0.765802384699143,0.13374875016182808,0.7337533393072277,0.7929581526906665,-0.05920481338343875,0.0,0.0,0.8995511348609568,0.7658023846991379,0.13374875016181897
2026.01.07 20:20,103.4472,0.9170525328202217,0.8018832682398455,0.11516926458037624,0.6925049583839069,0.7728675138293146,-0.08036255544540771,0.0,0.0,0.9170525328202075,0.8018832682398388,0.11516926458036869
2026.01.07 20:21,103.55997,0.9293096106193843,0.8335128944211053,0.09579671619827901,0.6465927331019969,0.7476125576838512,-0.10101982458185421,0.0,0.0,0.9293096106193843,0.8335128944210987,0.09579671619828567
2026.01.07 20:22,103.6592,0.9362380948139588,0.8604738506096008,0.07576424420435801,0.5963246177018391,0.7173549696874488,-0.12103035198560974,0.0,0.0,0.9362380948139588,0.8604738506095941,0.07576424420436467
2026.01.07 20:23,103.74433,0.9377880115497277,0.8825804881355851,0.05520752341414259,0.5420350213963872,0.6822909800292365,-0.14025595863284934,0.0,0.0,0.9377880115497277,0.8825804881355784,0.05520752341414925
2026.01.07 20:24,103.81494,0.9339479974646565,0.8996802761393626,0.034267721325293876,0.48408994437309616,0.6426507728980084,-0.15856082852491227,0.0,0.0,0.9339479974646565,0.8996802761393575,0.03426772132529898
2026.01.07 20:25,103.87068,0.9247426531248948,0.9116549280445021,0.013087725080392687,0.42287919681912456,0.5986964576822317,-0.17581726086310712,0.0,0.0,0.9247426531248948,0.9116549280444985,0.01308772508039624
2026.01.07 20:26,103.91132,0.9102340482646838,0.9184212484166514,-0.00818720015196761,0.3588168458197032,0.550720535309726,-0.1919036894900228,-1.0,0.0,0.9102340482646838,0.9184212484166494,-0.008187200151965612
2026.01.07 20:27,103.93671,0.8905192832230426,0.9199314851935019,-0.02941220197045924,0.2923346090934871,0.49904335006647826,-0.2067087409729912,0.0,0.0,0.8905192832230426,0.9199314851935014,-0.029412201970458796
2026.01.07 20:28,103.94682,0.8657313700625195,0.9161737335492295,-0.05044236348670994,0.22388186052076264,0.44401105215733516,-0.22012919163657252,0.0,0.0,0.8657313700625195,0.9161737335492306,-0.05044236348671105
2026.01.07 20:29,103.94173,0.836038715933185,0.9071721983395588,-0.07113348240637374,0.15392313707423,0.38599346914071414,-0.23207033206648414,0.0,0.0,0.8360387159331992,0.9071721983395631,-0.07113348240636386
2026.01.07 20:30,103.92161,0.801642719496428,0.8929869882147858,-0.09134426871835788,0.08293256297555729,0.3253812879076828,-0.2424487249321255,0.0,0.0,0.8016427194964422,0.8929869882147917,-0.09134426871834955
2026.01.07 20:31,103.88675,0.7627779049719408,0.8737136337878949,-0.11093572881595415,0.011393375730392563,0.2625837054722247,-0.25119032974183214,0.0,0.0,0.762777904971955,0.8737136337879023,-0.11093572881594738
2026.01.07 20:32,103.83752,0.7197084587778733,0.8494825723688,-0.12977411359092672,-0.06020889646215721,0.19802518508534833,-0.25823408154750555,0.0,0.0,0.7197084587778875,0.849482572368809,-0.1297741135909215
2026.01.07 20:33,103.77439,0.6727267734830633,0.8204579919264008,-0.14773121844333748,-0.13138895946426032,0.1321423561754266,-0.2635313156396869,0.0,0.0,0.6727267734830633,0.8204579919264098,-0.14773121844334647
2026.01.07 20:34,103.69795,0.6221535810329044,0.7868369839161796,-0.1646834028832752,-0.2016612109730005,0.06538164274574118,-0.2670428537187417,0.0,0.0,0.6221535810329044,0.7868369839161886,-0.1646834028832842
2026.01.07 20:35,103.60885,0.5683329478479351,0.7488479727587631,-0.18051502491082805,-0.27054839705414224,-0.0018043652142354996,-0.26874403183990675,0.0,0.0,0.5683329478479351,0.7488479727587721,-0.18051502491083704
2026.01.07 20:36,103.50784,0.5116312785679895,0.7067493055748684,-0.19511802700687886,-0.3375822221951239,-0.06895993661041318,-0.26862228558471074,0.0,0.0,0.5116312785679895,0.7067493055748773,-0.19511802700688774
2026.01.07 20:37,103.39575,0.4524346855017427,0.6608274517347821,-0.20839276623303937,-0.40230682563736764,-0.1356293144158041,-0.2666775112215636,0.0,0.0,0.4524346855017427,0.660827451734791,-0.20839276623304825
2026.01.07 20:38,103.2735,0.3911475007860048,0.6113950944962065,-0.22024759371020175,-0.46427987791894054,-0.2013594271164314,-0.26292045080250914,0.0,0.0,0.3911475007859906,0.6113950944962122,-0.22024759371022162
2026.01.07 20:39,103.14204,0.3281861167404969,0.5587888053011031,-0.23060268856060617,-0.5230818697946944,-0.265703915652084,-0.2573779541426104,0.0,0.0,0.3281861167404827,0.5587888053011056,-0.23060268856062294
2026.01.07 20:40,103.00242,0.2639796065425628,0.5033667721422833,-0.2393871655997205,-0.5783123780703221,-0.32822560813573165,-0.25008676993459045,0.0,0.0,0.2639796065425486,0.5033667721422828,-0.23938716559973416
2026.01.07 20:41,102.85573,0.19896527967475208,0.4455064189086032,-0.24654113923385113,-0.6295957711370903,-0.3884996407360034,-0.2410961304010869,0.0,0.0,0.19896527967473787,0.44550641890859943,-0.24654113923386156
2026.01.07 20:42,102.70311,0.133585903585427,0.38560187780886584,-0.25201597422343885,-0.67658335563587,-0.4461163837159767,-0.2304669719198933,0.0,0.0,0.13358590358541278,0.38560187780886046,-0.2520159742234477
2026.01.07 20:43,102.54574,0.06828666700735653,0.32406110958380496,-0.25577444257644844,-0.7189557790462828,-0.500684262782038,-0.2182715162642448,0.0,0.0,0.06828666700734232,0.324061109583798,-0.2557744425764557
2026.01.07 20:44,102.38483,0.0035119754774370904,0.26130322376486076,-0.25779124828742367,-0.7564254979504028,-0.5518325098157111,-0.20459298813469173,0.0,0.0,0.0035119754774228795,0.2613032237648522,-0.25779124828742933
2026.01.07 20:45,102.22161,-0.06029784809132366,0.19775554302493709,-0.25805339111626074,-0.7887391749451211,-0.5992138428415932,-0.18952533210352795,0.0,0.0,-0.06029784809133787,0.19775554302492696,-0.2580533911162648
2026.01.07 20:46,102.05734,-0.12270830418546552,0.13385076639302507,-0.2565590705784906,-0.8156770815021162,-0.6425064905736978,-0.17317059092841836,0.0,0.0,-0.12270830418547973,0.13385076639301335,-0.2565590705784931
2026.01.07 20:47,101.89325,-0.1832968005078186,0.07002362180482247,-0.25332042231264107,-0.8370603004134836,-0.681417252541655,-0.1556430478718286,0.0,0.0,-0.1832968005078328,0.07002362180481075,-0.25332042231264357
2026.01.07 20:48,101.73062,-0.24165090103947762,0.006708397607047514,-0.24835929864652512,-0.8527432677991413,-0.7156824555931522,-0.1370608122059891,0.0,0.0,-0.24165090103949183,0.0067083976070358,-0.24835929864652762
2026.01.07 20:49,101.57068,-0.29737481568921,-0.055664315974260574,-0.2417104997149494,-0.8626217936668752,-0.7450703232078968,-0.1175514704589784,0.0,0.0,-0.29737481568921,-0.05566431597427071,-0.24171049971493927
2026.01.07 20:50,101.41465,-0.3500911041960961,-0.11667058084879926,-0.23342052334729685,-0.8666317248147237,-0.7693826035292622,-0.09724912128546148,0.0,0.0,-0.3500911041960961,-0.11667058084880783,-0.2334205233472883
2026.01.07 20:51,101.26372,-0.3994433974228997,-0.17589605873861333,-0.22354733868428636,-0.8647495934035732,-0.7884560015041244,-0.07629359189944873,0.0,0.0,-0.3994433974228997,-0.17589605873862033,-0.22354733868427937
2026.01.07 20:52,101.11906,-0.44509749157583656,-0.23293874302563478,-0.21215874855020178,-0.8569903363571285,-0.8021628684747253,-0.054827467882403225,0.0,0.0,-0.44509749157582235,-0.2329387430256386,-0.21215874855018374
2026.01.07 20:53,100.98177,-0.4867459415067543,-0.28741184491276717,-0.19933409659398715,-0.8434114960144399,-0.8104125939826683,-0.03299890203177158,0.0,0.0,-0.4867459415067401,-0.28741184491276783,-0.19933409659397228
2026.01.07 20:54,100.85292,-0.5241081636291796,-0.33894632441697337,-0.1851618392122062,-0.8241090106008926,-0.8131518773063132,-0.010957133294579369,0.0,0.0,-0.5241081636291653,-0.33894632441697087,-0.18516183921219448
2026.01.07 20:55,100.73351,-0.5569334013190712,-0.38719355743181844,-0.16973984388725277,-0.7992185722665823,-0.8103652162983671,0.01114664403178478,0.0,1.0,-0.556933401319057,-0.38719355743181283,-0.16973984388724417
2026.01.07 20:56,100.62446,-0.5850035060468457,-0.4318276358250437,-0.153175870221802,-0.7689165197886183,-0.8020754769964173,0.033158957207799045,0.0,0.0,-0.5850035060468315,-0.43182763582503486,-0.15317587022179663
2026.01.07 20:57,100.52666,-0.6081307561207723,-0.47254761972296533,-0.13558313639780695,-0.7334118515125709,-0.7883427518996481,0.05493090038707715,0.0,0.0,-0.6081307561207581,-0.47254761972295334,-0.13558313639780473
2026.01.07 20:58,100.44087,-0.6261637781887117,-0.5090797266673545,-0.11708405152135726,-0.6929535067936001,-0.7692649028784386,0.0763113960848385,0.0,0.0,-0.6261637781886975,-0.5090797266673408,-0.1170840515213567
2026.01.07 20:59,100.3678,-0.6389853905987621,-0.5411790918232062,-0.09780629877555591,-0.647822515217527,-0.7449764253462564,0.09715391012872943,0.0,0.0,-0.6389853905987621,-0.5411790918231927,-0.09780629877556946
2026.01.07 21:00,100.30806,-0.6465145126796017,-0.5686314379628398,-0.07788307471676192,-0.5983322427515816,-0.7156475888273215,0.1173153460757399,0.0,0.0,-0.6465145126796017,-0.5686314379628262,-0.07788307471677547
2026.01.07 21:01,100.26217,-0.648706451487314,-0.5912546557307817,-0.05745179575653225,-0.544825732480362,-0.6814832175579297,0.1366574850775677,0.0,0.0,-0.648706451487314,-0.5912546557307697,-0.057451795756544244
2026.01.07 21:02,100.23055,-0.64555350951062,-0.6088999410645446,-0.03665356844607537,-0.48767391051951847,-0.6427213561502476,0.15504744563072914,0.0,0.0,-0.64555350951062,-0.6088999410645342,-0.036653568446085805
2026.01.07 21:03,100.21353,-0.6370842414717686,-0.62145283860261,-0.01563140286915854,-0.4272715933847735,-0.5996314035971528,0.17235981021237934,0.0,0.0,-0.6370842414717686,-0.6214528386026011,-0.01563140286916742
2026.01.07 21:04,100.21131,-0.6233656498006042,-0.6288341995450025,0.0054685497443983655,-0.3640391427190366,-0.5525129514215296,0.18847380870249297,1.0,0.0,-0.6233656498006326,-0.6288341995449984,0.005468549744365836
2026.01.07 21:05,100.22403,-0.6044988825391471,-0.6310003524885915,0.026501469949444467,-0.29841240676047676,-0.501692842489319,0.20328043572884225,0.0,0.0,-0.6044988825391755,-0.6310003524885922,0.02650146994941671
2026.01.07 21:06,100.25169,-0.5806218553965437,-0.6279438079636772,0.04732195256713356,-0.23084605090706134,-0.4475234841728675,0.21667743326580619,0.0,0.0,-0.5806218553965579,-0.6279438079636811,0.04732195256712324
2026.01.07 21:07,100.2942,-0.5519068984569344,-0.6196930435490353,0.0677861450921009,-0.16180767383779937,-0.39038032210585394,0.22857264826805457,0.0,0.0,-0.5519068984569486,-0.6196930435490423,0.06778614509209369
2026.01.07 21:08,100.35137,-0.5185593179662789,-0.6063123688120927,0.08775305084581386,-0.09177418911471591,-0.33065909550762634,0.23888490639291043,0.0,0.0,-0.5185593179662931,-0.6063123688121013,0.0877530508458082
2026.01.07 21:09,100.42289,-0.48081748917198297,-0.5879015884223573,0.10708409925037432,-0.021231302232948224,-0.26877353685269073,0.2475422346197425,0.0,0.0,-0.4808174891719972,-0.5879015884223675,0.10708409925037032
2026.01.07 21:10,100.50838,-0.43894856360184065,-0.5645951564350825,0.12564659283324187,0.04933475181030644,-0.2051518791200913,0.25448663093039775,0.0,0.0,-0.43894856360185486,-0.5645951564350943,0.12564659283323942
2026.01.07 21:11,100.60734,-0.39324876649017426,-0.5365612960994774,0.14331252960930319,0.11943643441581742,-0.14023421641290956,0.259670650828727,0.0,0.0,-0.3932487664901885,-0.5365612960994908,0.1433125296093023
2026.01.07 21:12,100.71917,-0.34404170303812975,-0.5040010140512954,0.15995931101316563,0.18858777924376113,-0.07446981728157542,0.26305759652533656,0.0,0.0,-0.34404170303814396,-0.5040010140513103,0.1599593110131663
2026.01.07 21:13,100.84321,-0.2916735285040346,-0.4671463339072321,0.17547280540319748,0.25631253244117147,-0.008313347337026045,0.2646258797781975,0.0,0.0,-0.2916735285040488,-0.46714633390724536,0.17547280540319654
2026.01.07 21:14,100.97868,-0.2365136934302683,-0.42625909067291223,0.18974539724264394,0.3221415307934592,0.05777762828907101,0.2643639025043882,0.0,0.0,-0.2365136934302825,-0.42625909067292395,0.18974539724264144
2026.01.07 21:15,101.12474,-0.1789504757123126,-0.38162893737466436,0.20267846166235176,0.3856196520290638,0.12334603303706958,0.2622736189919942,0.0,0.0,-0.1789504757123268,-0.381628937374676,0.2026784616623492
2026.01.07 21:16,101.28048,-0.1193880632470865,-0.3335712890180146,0.21418322577092808,0.446309268952632,0.18793868022018206,0.25837058873244995,0.0,0.0,-0.11938806324710072,-0.33357128901802624,0.21418322577092552
2026.01.07 21:17,101.4449,-0.05824568238976724,-0.28242532950951327,0.22417964711974603,0.5037897293957627,0.25110889005529824,0.2526808393404645,0.0,0.0,-0.05824568238979566,-0.28242532950952653,0.22417964711973087
2026.01.07 21:18,101.61697,0.004048042582667222,-0.22855138153677435,0.23259942411944157,0.5576653851382645,0.3124201890718915,0.24524519606637296,0.0,0.0,0.0040480425826388,-0.22855138153678922,0.23259942411942802
2026.01.07 21:19,101.79557,0.06705482946895813,-0.17232878230668558,0.2393836117756437,0.6075622982353224,0.3714486109045777,0.23611368733074467,0.0,0.0,0.06705482946892971,-0.17232878230670204,0.23938361177563175
2026.01.07 21:20,101.97956,0.13033222854546977,-0.11415311619161403,0.2444853447370838,0.6531355499358256,0.42778599871082734,0.22534955122499822,0.0,0.0,0.13033222854544135,-0.11415311619163207,0.24448534473707342
2026.01.07 21:21,102.16776,0.19343637621456367,-0.054433329607981425,0.24786970582254508,0.6940709128303979,0.48104298153474145,0.21302793129565645,0.0,0.0,0.19343637621453524,-0.05443332960800104,0.24786970582253628
2026.01.07 21:22,102.35894,0.255923370813278,0.006410770316164417,0.24951260049711357,0.7300839343890431,0.5308511721056017,0.19923276228344133,0.0,0.0,0.25592337081324956,0.006410770316143221,0.24951260049710633
2026.01.07 21:23,102.55188,0.31735513728447984,0.06795175150669198,0.24940338577778787,0.7609271164598681,0.576866360976455,0.18406075548341305,0.0,0.0,0.3173551372844514,0.06795175150666921,0.2494033857777822
2026.01.07 21:24,102.74531,0.37729916928005025,0.12975726761695452,0.24754190166309573,0.7863854724305952,0.6187701832672832,0.16761528916331203,0.0,0.0,0.37729916928002183,0.12975726761693018,0.24754190166309165
2026.01.07 21:25,102.93798,0.4353338476893356,0.1913930354987792,0.24394081219055638,0.8062825048387054,0.6562726475815677,0.15000985725713778,0.0,0.0,0.43533384768930716,0.19139303549875328,0.24394081219055389
2026.01.07 21:26,103.12865,0.49105168578560665,0.2524260764071541,0.23862560937845256,0.820481866843437,0.6891144914339415,0.1313673754094955,0.0,0.0,0.49105168578560665,0.25242607640713133,0.23862560937847532
2026.01.07 21:27,103.31606,0.5440593175045194,0.31242732917624877,0.23163198832827064,0.8288831006329787,0.717068213273749,0.11181488735922962,0.0,0.0,0.5440593175045194,0.3124273291762292,0.23163198832829024
2026.01.07 21:28,103.499,0.5939829113868029,0.37097489383378707,0.22300801755301586,0.8314275018835957,0.7399400709957185,0.09148743088787725,0.0,0.0,0.5939829113868029,0.37097489383377064,0.2230080175530323
2026.01.07 21:29,103.67628,0.6404697964924537,0.4276568458278964,0.2128129506645573,0.8280966364614955,0.7575713840888739,0.07052525237262153,0.0,0.0,0.6404697964924537,0.4276568458278831,0.21281295066457062
2026.01.07 21:30,103.84675,0.683191090561067,0.4820740363108412,0.20111705425022575,0.8189128289562149,0.7698396730623421,0.04907315589387273,0.0,0.0,0.683191090561067,0.48207403631083107,0.2011170542502359
2026.01.07 21:31,104.0093,0.7218434880158213,0.5338429382222349,0.18800054979358638,0.8039381312335507,0.7766593646965839,0.027278766536966814,0.0,0.0,0.7218434880158213,0.533842938222228,0.18800054979359337
2026.01.07 21:32,104.16288,0.756151964790746,0.5825981412784867,0.17355382351225923,0.7832750530432975,0.7779825023659267,0.0052925506773707776,0.0,0.0,0.756151964790746,0.5825981412784829,0.17355382351226312
2026.01.07 21:33,104.30649,0.7858707774800422,0.6279949866340414,0.15787579084600079,0.7570642056131902,0.7737988430153795,-0.01673463740218928,0.0,-1.0,0.785870777480028,0.6279949866340391,0.1578757908459889
2026.01.07 21:34,104.43922,0.8107871033479626,0.6697120150405556,0.141075088307407,0.7254869060262763,0.7641364556175589,-0.03864954959128264,0.0,0.0,0.8107871033479341,0.6697120150405532,0.1410750883073809
2026.01.07 21:35,104.56021,0.8307203261407778,0.707452975080019,0.12326735106075881,0.688759784485768,0.7490611213912007,-0.06030133690543271,0.0,0.0,0.8307203261407494,0.7074529750800136,0.12326735106073583
2026.01.07 21:36,104.66868,0.8455235026748511,0.7409489956545003,0.10457450702035076,0.6471338748178681,0.7286756720765342,-0.08154179725866606,0.0,0.0,0.8455235026748369,0.7409489956544932,0.10457450702034365
2026.01.07 21:37,104.76395,0.8550857235756268,0.7699604192310363,0.08512530434459054,0.6008953951842528,0.7031196166980779,-0.10222422151382504,0.0,0.0,0.8550857235756126,0.7699604192310276,0.08512530434458498
2026.01.07 21:38,104.84542,0.8593319567762308,0.7942784370403448,0.06505351973588591,0.5503619822935661,0.6725680898171755,-0.12220610752360939,0.0,0.0,0.8593319567762308,0.7942784370403362,0.06505351973589457
2026.01.07 21:39,104.9126,0.8582249092065979,0.8137266391120705,0.04449827009452734,0.4958829272429739,0.6372310573023352,-0.1413481300593613,0.0,0.0,0.8582249092065979,0.8137266391120619,0.044498270094536
2026.01.07 21:40,104.96506,0.8517620667038273,0.8281620367440712,0.023600029959756075,0.43783083686886926,0.5973510132156421,-0.15952017634677285,0.0,0.0,0.8517620667038273,0.8281620367440625,0.023600029959764734
2026.01.07 21:41,105.00251,0.8399793602791163,0.8374761917983345,0.0025031684807818033,0.37660597014520647,0.553202004601555,-0.17659603445634853,0.0,0.0,0.8399793602791163,0.8374761917983259,0.002503168480790463
2026.01.07 21:42,105.02474,0.8229488141027161,0.8415959736452984,-0.018647159542582226,0.31262940770156433,0.5050874852215569,-0.19245807751999255,-1.0,0.0,0.8229488141027161,0.8415959736452913,-0.01864715954257512
2026.01.07 21:43,105.03164,0.8007778868807094,0.8404838384822703,-0.039705951601560874,0.24633998138283175,0.4533379844538119,-0.20699800307098015,0.0,0.0,0.8007778868807094,0.8404838384822663,-0.03970595160155688
2026.01.07 21:44,105.02324,0.7736117429104183,0.8341384403455636,-0.06052669743514527,0.17819672286260868,0.39830973213557125,-0.22011300927296257,0.0,0.0,0.7736117429104183,0.8341384403455628,-0.060526697435144494
2026.01.07 21:45,104.99962,0.7416274222167658,0.8225944314057764,-0.08096700918901056,0.1086666622577468,0.3403811181600064,-0.2317144559022596,0.0,0.0,0.7416274222167658,0.8225944314057771,-0.08096700918901134
2026.01.07 21:46,104.961,0.7050360892263967,0.8059222498114175,-0.10088616058502076,0.038228297431885494,0.2799505540143822,-0.2417222565824967,0.0,0.0,0.7050360892263825,0.8059222498114182,-0.10088616058503574
2026.01.07 21:47,104.90769,0.6640804170632606,0.7842276342877541,-0.12014721722449351,-0.032633977376093526,0.21743364773628707,-0.25006762511238056,0.0,0.0,0.6640804170632464,0.7842276342877533,-0.12014721722450694
2026.01.07 21:48,104.84012,0.619034572296556,0.7576509301866383,-0.1386163578900823,-0.10343023212782043,0.15326087176346556,-0.256691103891286,0.0,0.0,0.6190345722965418,0.757650930186636,-0.1386163578900942
2026.01.07 21:49,104.75878,0.5701990577665583,0.7263661514158306,-0.15616709364927228,-0.1736744615984236,0.08787380509108775,-0.26154826668951137,0.0,0.0,0.5701990577665441,0.7263661514158267,-0.1561670936492826
2026.01.07 21:50,104.66428,0.5179011582599742,0.6905796845248148,-0.1726785262648406,-0.24288308199619735,0.02172242767363073,-0.2646055096698281,0.0,0.0,0.51790115825996,0.6905796845248093,-0.17267852626484936
2026.01.07 21:51,104.55732,0.4624925913159501,0.650528993104063,-0.18803640178811287,-0.31057858681657535,-0.044737775224410484,-0.2658408115921649,0.0,0.0,0.4624925913159501,0.6505289931040577,-0.18803640178810754
2026.01.07 21:52,104.43867,0.40434579281203753,0.6064809826519884,-0.20213518983995082,-0.3762952430233213,-0.11104926878419265,-0.26524597423912866,0.0,0.0,0.40434579281203753,0.6064809826519829,-0.20213518983994538
2026.01.07 21:53,104.30919,0.34385236614586745,0.5587299407892605,-0.21487757464339308,-0.43958034756454367,-0.17675548454026285,-0.2628248630242808,0.0,0.0,0.34385236614586745,0.5587299407892551,-0.21487757464338764
2026.01.07 21:54,104.16981,0.2814200533316864,0.5075957886909184,-0.22617573535923197,-0.49999800073435097,-0.24140398777908048,-0.2585940129552705,0.0,0.0,0.2814200533316864,0.5075957886909129,-0.22617573535922653
2026.01.07 21:55,104.02152,0.21746938029114915,0.4534217099203353,-0.23595232962918616,-0.5571330696864294,-0.3045498041605503,-0.2525832655258791,0.0,0.0,0.21746938029114915,0.45342170992033143,-0.23595232962918228
2026.01.07 21:56,103.86539,0.1524324782760118,0.39657193894397436,-0.24413946066796255,-0.6105908889576313,-0.36575802111996647,-0.24483286783766478,0.0,0.0,0.1524324782760118,0.396571938943972,-0.24413946066796022
2026.01.07 21:57,103.70253,0.08674883734363448,0.33742907950476086,-0.2506802421611264,-0.6600024709957069,-0.4246069110951145,-0.23539555990059235,0.0,0.0,0.08674883734363448,0.3374290795047601,-0.2506802421611256
2026.01.07 21:58,103.5341,0.02086269316761502,0.2763917056604338,-0.2555290124928188,-0.705026272537495,-0.4806907833835906,-0.22433548915390433,0.0,0.0,0.02086269316761502,0.27639170566043464,-0.2555290124928196
2026.01.07 21:59,103.36127,-0.04478226529698759,0.21387132526521585,-0.25865359056220344,-0.745354549466299,-0.5336235366001323,-0.2117310128661667,0.0,0.0,-0.04478226529698759,0.21387132526521827,-0.2586535905622058
2026.01.07 22:00,103.18529,-0.10974145195388019,0.15028976490190138,-0.26003121685578157,-0.7807070990463814,-0.5830402490893821,-0.19766684995699924,0.0,0.0,-0.10974145195388019,0.1502897649019038,-0.260031216855784
2026.01.07 22:01,103.00739,-0.17357623976823788,0.08607620572631522,-0.25965244549455313,-0.8108404554497497,-0.6286002903614556,-0.1822401650882941,0.0,0.0,-0.17357623976823788,0.08607620572631763,-0.2596524454945555
2026.01.07 22:02,102.82883,-0.23585527592172184,0.02166424549658308,-0.2575195214183049,-0.8355462627964556,-0.6699894848484556,-0.16555677794800006,0.0,0.0,-0.23585527592172184,0.021664245496585483,-0.2575195214183073
2026.01.07 22:03,102.65086,-0.296158620191008,-0.042511162672605185,-0.25364745751840284,-0.8546548731105474,-0.7069225625008739,-0.1477323106096735,0.0,0.0,-0.296158620191008,-0.042511162672602784,-0.25364745751840523
2026.01.07 22:04,102.47474,-0.35407926176733895,-0.10601656734577053,-0.24806269442156842,-0.8680339274019957,-0.7391448354810983,-0.12888909192089737,0.0,0.0,-0.35407926176733895,-0.10601656734576813,-0.2480626944215708
2026.01.07 22:05,102.30172,-0.4092257557457373,-0.16842303779263154,-0.24080271795310573,-0.8755891143197232,-0.7664336912488233,-0.10915542307089987,0.0,0.0,-0.4092257557457373,-0.16842303779262913,-0.24080271795310815
2026.01.07 22:06,102.13301,-0.4612265045237365,-0.2293091868890061,-0.2319173176347304,-0.8772677866755316,-0.7886005103341651,-0.08866727634136651,0.0,0.0,-0.4612265045237365,-0.2293091868890037,-0.23191731763473278
2026.01.07 22:07,101.96979,-0.5097320882725995,-0.2882641626045855,-0.22146792566801404,-0.873058741134372,-0.8054921564942066,-0.0675665846401654,0.0,0.0,-0.5097320882726137,-0.28826416260458465,-0.2214679256680291
2026.01.07 22:08,101.81322,-0.5544160403462541,-0.34489013761005954,-0.2095259027361946,-0.8629892956630414,-0.8169915843279736,-0.045997711335067804,0.0,0.0,-0.5544160403462541,-0.3448901376100587,-0.20952590273619542
2026.01.07 22:09,101.66439,-0.5949791818244989,-0.39880544092901715,-0.19617374089548179,-0.8471290269214364,-0.8230190728466662,-0.024109954074770235,0.0,0.0,-0.5949791818244989,-0.3988054409290164,-0.19617374089548256
2026.01.07 22:10,101.52436,-0.6311495156684401,-0.4496469160290396,-0.18150259963940052,-0.825585237252696,-0.8235323057278723,-0.0020529315248236646,0.0,0.0,-0.6311495156684401,-0.44964691602903883,-0.1815025996394013
2026.01.07 22:11,101.39412,-0.6626850249117808,-0.49707244369460174,-0.1656125812171791,-0.7985040977292641,-0.8185266641281507,0.020022566398886554,0.0,1.0,-0.6626850249117808,-0.49707244369460096,-0.16561258121717987
2026.01.07 22:12,101.27457,-0.6893771187643978,-0.5407633879805339,-0.14861373078386386,-0.766072822893463,-0.8080358958812133,0.04196307298775026,0.0,0.0,-0.6893771187643978,-0.5407633879805331,-0.14861373078386464
2026.01.07 22:13,101.16657,-0.7110489630219803,-0.5804266881199385,-0.1306222749020418,-0.7285125483574291,-0.7921312263764565,0.06361867801902743,0.0,0.0,-0.7110489630219803,-0.5804266881199377,-0.1306222749020426
2026.01.07 22:14,101.07087,-0.7275593941295284,-0.6157970923848042,-0.11176230174472424,-0.6860819162103837,-0.770921364343242,0.08483944813285826,0.0,0.0,-0.7275593941295284,-0.6157970923848034,-0.11176230174472501
2026.01.07 22:15,100.98816,-0.7388015906482082,-0.6466387686208566,-0.0921628220273516,-0.6390709692593504,-0.7445512853264638,0.10548031606711339,0.0,0.0,-0.7388015906482082,-0.6466387686208558,-0.09216282202735238
2026.01.07 22:16,100.91903,-0.7447048319018847,-0.6727468512463327,-0.07195798065555203,-0.5878012076808261,-0.7132012697973362,0.1254000621165101,0.0,0.0,-0.7447048319018847,-0.6727468512463304,-0.07195798065555437
2026.01.07 22:17,100.86396,-0.7452362621502004,-0.6939490981134379,-0.05128716403676259,-0.5326256454589355,-0.6770861449296561,0.1444604994707206,0.0,0.0,-0.7452362621502004,-0.6939490981134355,-0.05128716403676492
2026.01.07 22:18,100.82335,-0.7403994481037159,-0.7101069054777953,-0.030292542625920627,-0.4739231748995252,-0.63645355092363,0.1625303760241048,0.0,0.0,-0.7403994481037017,-0.7101069054777914,-0.0302925426259103
2026.01.07 22:19,100.7975,-0.7302344291430387,-0.7211163403083063,-0.009118088834732418,-0.4120962057502453,-0.5915820818889531,0.1794858761387078,0.0,0.0,-0.7302344291430245,-0.7211163403083007,-0.009118088834723759
2026.01.07 22:20,100.78659999999999,-0.7148181387420323,-0.7269089085116676,0.012090769769635301,-0.34756921560747855,-0.5427795086326582,0.19521029302517967,1.0,0.0,-0.714818138742018,-0.7269089085116605,0.012090769769642407
2026.01.07 22:21,100.79075,-0.6942627187555672,-0.7274517529551309,0.03318903419956365,-0.28078371514388323,-0.49038034993490326,0.20959663479102003,0.0,0.0,-0.694262718755553,-0.7274517529551221,0.03318903419956909
2026.01.07 22:22,100.80992,-0.6687169883529975,-0.7227482002141328,0.05403121186113524,-0.21219935387347277,-0.4347441507226172,0.2225447968491444,0.0,0.0,-0.6687169883529691,-0.7227482002141209,0.054031211861151784
2026.01.07 22:23,100.844,-0.6383631883127805,-0.7128375106789385,0.07447432236615803,-0.14228650866421333,-0.3762526223109364,0.2339661136467231,0.0,0.0,-0.6383631883127521,-0.7128375106789235,0.07447432236617146
2026.01.07 22:24,100.89277,-0.6034164425455089,-0.6977947164453052,0.09437827389979636,-0.07152450207641436,-0.315306998264032,0.24378249618761766,0.0,0.0,-0.6034164425454946,-0.6977947164452887,0.09437827389979403
2026.01.07 22:25,100.9559,-0.5641239614737685,-0.6777301752866256,0.11360621381285707,-0.00039953662177083515,-0.2523255059355798,0.25192596931380895,0.0,0.0,-0.5641239614737543,-0.6777301752866075,0.11360621381285319
2026.01.07 22:26,101.03296,-0.5207632545204319,-0.652788729994429,0.13202547547399712,0.07059892144671664,-0.18774062045912052,0.2583395419058372,0.0,0.0,-0.5207632545204035,-0.6527887299944078,0.13202547547400434
2026.01.07 22:27,101.12345,-0.4736379911863793,-0.623148568114725,0.14951057692834568,0.14098554609766722,-0.12199538714776298,0.2629809332454302,0.0,0.0,-0.47363799118635086,-0.6231485681147022,0.14951057692835135
2026.01.07 22:28,101.22675,-0.42307844878861545,-0.5890201258531224,0.1659416770645069,0.2102776262466648,-0.055540784468877426,0.26581841071554224,0.0,0.0,-0.42307844878860124,-0.5890201258530996,0.16594167706449836
2026.01.07 22:29,101.34215,-0.3694391668668686,-0.5506446845336598,0.18120551766679116,0.2779986991029375,0.011167112245485562,0.26683158685745195,0.0,0.0,-0.3694391668668544,-0.550644684533637,0.1812055176667826
2026.01.07 22:30,101.46888,-0.3130944398128719,-0.508292653540027,0.19519821372715507,0.3436856375920456,0.07767081731479758,0.26601482027724804,0.0,0.0,-0.3130944398128719,-0.5082926535400057,0.19519821372713386
2026.01.07 22:31,101.60606,-0.2544385489322565,-0.4622617158266113,0.20782316689435482,0.40688657714242993,0.14351396928032406,0.26337260786210587,0.0,0.0,-0.2544385489322565,-0.46226171582659326,0.20782316689433677
2026.01.07 22:32,101.75277,-0.19388013244251567,-0.4128747096188041,0.21899457717628845,0.46716950346741726,0.2082450761177427,0.2589244273496746,0.0,0.0,-0.19388013244251567,-0.41287470961878925,0.21899457717627357
2026.01.07 22:33,101.90799,-0.13184239721614688,-0.36047759347109726,0.22863519625495038,0.5241195575042923,0.27141997239505267,0.2526995851092396,0.0,0.0,-0.13184239721614688,-0.36047759347108393,0.22863519625493706
2026.01.07 22:34,102.07068,-0.06875673688534789,-0.3054367907390505,0.2366800538537026,0.577348369417038,0.3326056517994498,0.24474271761758826,0.0,0.0,-0.06875673688534789,-0.30543679073903873,0.23668005385369084
2026.01.07 22:35,102.23971,-0.005063222530623079,-0.24813678718462728,0.2430735646540042,0.6264902000296928,0.39138256144549843,0.23510763858419437,0.0,0.0,-0.005063222530623079,-0.2481367871846187,0.24307356465399563
2026.01.07 22:36,102.41393,0.058794695810334474,-0.18897759974054798,0.24777229555088245,0.6712088180676972,0.4473478127699382,0.22386100529775899,0.0,0.0,0.058794695810334474,-0.18897759974054257,0.24777229555087704
2026.01.07 22:37,102.59215,0.12237278344714753,-0.12837190726990766,0.2507446907170552,0.7111988468732591,0.5001180195906023,0.21108082728265676,0.0,0.0,0.12237278344714753,-0.1283719072699038,0.2507446907170513
2026.01.07 22:38,102.77314,0.1852280625535201,-0.0667422151120867,0.25197027766560676,0.7461860204856521,0.5493316197696123,0.19685440071603977,0.0,0.0,0.1852280625535201,-0.06674221511208442,0.25197027766560454
2026.01.07 22:39,102.95567,0.24692358820603033,-0.004517989776653117,0.25144157798268346,0.7759322942999916,0.5946517546756882,0.18128053962430335,0.0,0.0,0.24692358820604454,-0.004517989776649263,0.2514415779826938
2026.01.07 22:40,103.13848,0.30702972838159326,0.05786737436933019,0.24916235401226305,0.800234220801542,0.6357682479008591,0.164465972900683,0.0,0.0,0.30702972838159326,0.05786737436933404,0.24916235401225922
2026.01.07 22:41,103.32033,0.36512907207034573,0.11997950820409256,0.24514956386625317,0.81892797459804,0.6724001932402952,0.1465277813577448,0.0,0.0,0.36512907207034573,0.11997950820409642,0.2451495638662493
2026.01.07 22:42,103.49996,0.42081694450945406,0.18138610172915934,0.23943084278029472,0.831886060136398,0.7042973666195158,0.12758869351688218,0.0,0.0,0.42081694450945406,0.1813861017291632,0.23943084278029086
2026.01.07 22:43,103.67614,0.4737056543177687,0.24165970075172785,0.23204595356604082,0.8390210371784548,0.7312421007313037,0.10777893644715109,0.0,0.0,0.4737056543177687,0.2416597007517317,0.23204595356603697
2026.01.07 22:44,103.84767,0.5234276274802028,0.3003809063084863,0.22304672117171648,0.8402868817662466,0.7530510569382923,0.08723582482795422,0.0,0.0,0.5234276274802028,0.3003809063084901,0.22304672117171265
2026.01.07 22:45,104.01337,0.5696368357700834,0.35714114408179176,0.21249569168829163,0.8356772010014026,0.7695762857509145,0.06610091525048811,0.0,0.0,0.5696368357700834,0.35714114408179554,0.21249569168828786
2026.01.07 22:46,104.1721,0.6120112657889933,0.4115454198975524,0.20046584589144095,0.8252255197991047,0.7807061325605527,0.04451938723855209,0.0,0.0,0.6120112657889933,0.4115454198975562,0.20046584589143712
2026.01.07 22:47,104.32277,0.6502553774472375,0.46321512155240985,0.18704025589482765,0.8090055384065096,0.7863660137297441,0.022639524676765443,0.0,0.0,0.6502553774472375,0.4632151215524137,0.18704025589482381
2026.01.07 22:48,104.46436,0.6841033238752345,0.511790647737877,0.17231267613735757,0.7871327299438065,0.7865193569725566,0.0006133729712498592,0.0,0.0,0.6841033238752345,0.5117906477378793,0.17231267613735524
2026.01.07 22:49,104.59588,0.7133179448786535,0.556933782904217,0.1563841619744365,0.7597582868717581,0.781167142952397,-0.021408856080638916,0.0,-1.0,0.7133179448786535,0.5569337829042192,0.15638416197443428
2026.01.07 22:50,104.71644,0.7376952354667736,0.5983300232815979,0.13936521218517572,0.7270734669333905,0.7703484077485957,-0.04327494081520522,0.0,0.0,0.7376952354667736,0.5983300232816001,0.1393652121851735
2026.01.07 22:51,104.82522,0.7570650758367492,0.6356909267624085,0.12137414907434074,0.6893068331324486,0.7541400928253663,-0.06483325969291776,0.0,0.0,0.7570650758367492,0.6356909267624107,0.12137414907433852
2026.01.07 22:52,104.92146,0.7712906194219329,0.6687559228850933,0.10253469653683955,0.6467194379150811,0.7326559618433093,-0.08593652392822815,0.0,0.0,0.7712906194219187,0.6687559228850941,0.10253469653682457
2026.01.07 22:53,105.00452,0.7802722205850046,0.697294211007849,0.08297800957715551,0.599608598926892,0.7060464892600258,-0.10643789033313378,0.0,0.0,0.7802722205849904,0.6972942110078483,0.08297800957714208
2026.01.07 22:54,105.07381,0.7839445038827364,0.7211061741314772,0.06283832975125925,0.5482990959469589,0.6744970105974125,-0.1261979146504536,0.0,0.0,0.7839445038827222,0.7211061741314748,0.06283832975124737
2026.01.07 22:55,105.12888,0.782280856849539,0.7400250175826489,0.04225583926689003,0.4931485148310628,0.6382273114441426,-0.14507879661307976,0.0,0.0,0.7822808568495105,0.7400250175826434,0.04225583926686716
2026.01.07 22:56,105.16934,0.7752901264748004,0.7539177674746004,0.02137235900020007,0.43453816642363563,0.5974894824400413,-0.16295131601640567,0.0,0.0,0.7752901264747862,0.7539177674745932,0.021372359000193075
2026.01.07 22:57,105.19491,0.7630176154806492,0.7626860220974242,0.00033159338322497067,0.37287264331823167,0.5525661146156794,-0.17969347129744773,0.0,0.0,0.763017615480635,0.7626860220974154,0.0003315933832195306
2026.01.07 22:58,105.20544,0.7455470428729143,0.7662670329856754,-0.020719990112761155,0.3085811204051936,0.5037691157735822,-0.1951879953683886,-1.0,0.0,0.7455470428729143,0.7662670329856667,-0.020719990112752384
2026.01.07 22:59,105.20085,0.7229968558683026,0.7646338796969564,-0.04163702382865375,0.24210848603101454,0.4514369898250687,-0.20932850379405415,0.0,0.0,0.7229968558682884,0.7646338796969461,-0.04163702382865764
2026.01.07 23:00,105.18117,0.6955201354986684,0.7577955529927252,-0.06227541749405674,0.1739138261609412,0.3959323570922432,-0.22201853093130203,0.0,0.0,0.6955201354986542,0.7577955529927133,-0.06227541749405907
2026.01.07 23:01,105.14656,0.6633057234085129,0.7457972312134563,-0.08249150780494341,0.10447121964901385,0.33764012960359735,-0.2331689099545835,0.0,0.0,0.6633057234084987,0.7457972312134444,-0.08249150780494574
2026.01.07 23:02,105.09724,0.6265731130996102,0.728719552603968,-0.10214643950435787,0.03425937169478743,0.2769639780218354,-0.242704606327048,0.0,0.0,0.626573113099596,0.7287195526039562,-0.1021464395043602
2026.01.07 23:03,105.03357,0.5855744798023323,0.7066784388172564,-0.1211039590149241,-0.03623495854797909,0.21432419070787254,-0.25055914925585165,0.0,0.0,0.5855744798023039,0.706678438817243,-0.12110395901493909
2026.01.07 23:04,104.95599,0.5405911120645612,0.6798240227300367,-0.1392329106654755,-0.10652386852504492,0.15015457886128905,-0.25667844738633394,0.0,0.0,0.5405911120645328,0.6798240227300233,-0.13923291066549048
2026.01.07 23:05,104.86504,0.4919318796538761,0.6483397730832674,-0.15640789342939132,-0.17612086303580554,0.08489949048187014,-0.26102035351767566,0.0,0.0,0.49193187965383345,0.6483397730832507,-0.1564078934294173
2026.01.07 23:06,104.76136,0.439931718880203,0.6124413401276623,-0.17250962124745928,-0.24454312005475742,0.01901096837454462,-0.26355408842930206,0.0,0.0,0.43993171888016036,0.6124413401276425,-0.17250962124748215
2026.01.07 23:07,104.64566,0.3849477556657348,0.5723747526601979,-0.18742699699446308,-0.31131772089199217,-0.04705476947876274,-0.2642629514132294,0.0,0.0,0.38494775566569217,0.5723747526601733,-0.18742699699448118
2026.01.07 23:08,104.51875,0.32735840835336205,0.5284149251585378,-0.20105651680517578,-0.37598193344756226,-0.11284020227252264,-0.2631417311750396,0.0,0.0,0.32735840835333363,0.5284149251585117,-0.2010565168051781
2026.01.07 23:09,104.3815,0.26755925124705016,0.4808637157972469,-0.21330446455019675,-0.4380892423288003,-0.17789001028377818,-0.26019923204502216,0.0,0.0,0.26755925124702173,0.4808637157972192,-0.21330446455019747
2026.01.07 23:10,104.23488,0.20596276916948852,0.43004783199291086,-0.22408506282342233,-0.49720784180684063,-0.2417535765883907,-0.25545426521844994,0.0,0.0,0.2059627691694743,0.43004783199288316,-0.22408506282340884
2026.01.07 23:11,104.0799,0.14299318612673062,0.3763167289959242,-0.2333235428691936,-0.5529280668757082,-0.3039884746458542,-0.24893959222985396,0.0,0.0,0.14299318612673062,0.37631672899589813,-0.2333235428691675
2026.01.07 23:12,103.91763,0.07908387535390204,0.3200399951683208,-0.24095611981441878,-0.6048644493646407,-0.36416366958961155,-0.24070077977502913,0.0,0.0,0.07908387535391626,0.3200399951682995,-0.24095611981438325
2026.01.07 23:13,103.7492,0.01467522588397685,0.26160489670381143,-0.24692967081983458,-0.6526567753824537,-0.42186229074818005,-0.23079448463427366,0.0,0.0,0.01467522588397685,0.2616048967037933,-0.24692967081981643
2026.01.07 23:14,103.57578,-0.049788704337586864,0.20141372070476,-0.25120242504234686,-0.6959732139657007,-0.4766844753916842,-0.21928873857401648,0.0,0.0,-0.049788704337586864,0.20141372070474656,-0.2512024250423334
2026.01.07 23:15,103.39858,-0.11386285246743455,0.13988099055502248,-0.253743843022457,-0.7345119212860283,-0.5282499645705531,-0.2062619567154752,0.0,0.0,-0.11386285246743455,0.1398809905550138,-0.25374384302244835
2026.01.07 23:16,103.21883,-0.17710484484875622,0.07743070160896792,-0.25453554645772414,-0.768004327604288,-0.5762008371773001,-0.19180349042698797,0.0,0.0,-0.17710484484875622,0.07743070160896398,-0.2545355464577202
2026.01.07 23:17,103.03777,-0.23907865831161246,0.014493249757304094,-0.25357190806891655,-0.7962180329925275,-0.6202042763403456,-0.17601375665218189,0.0,0.0,-0.23907865831161246,0.014493249757303298,-0.2535719080689158
2026.01.07 23:18,102.85666,-0.29935661862226937,-0.048497402450398075,-0.2508592161718713,-0.818956468201776,-0.6599547147126317,-0.15900175348914436,0.0,0.0,-0.29935661862225516,-0.048497402450394134,-0.250859216171861
2026.01.07 23:19,102.67676,-0.3575224665166701,-0.11110687308219347,-0.2464155934344766,-0.8360605224160338,-0.6951758762533121,-0.14088464616272167,0.0,0.0,-0.3575224665166701,-0.11110687308218796,-0.2464155934344821
2026.01.07 23:20,102.49932,-0.41317442749928546,-0.17290327459619526,-0.2402711529030902,-0.8474100272836154,-0.7256227064593728,-0.1217873208242426,0.0,0.0,-0.41317442749928546,-0.17290327459618973,-0.24027115290309572
2026.01.07 23:21,102.32559,-0.4659266541665943,-0.23346000009847262,-0.23246665406812167,-0.8529222215174173,-0.7510826094709817,-0.10183961204643555,0.0,0.0,-0.4659266541665801,-0.23346000009846712,-0.23246665406811295
2026.01.07 23:22,102.15676,-0.515414961052187,-0.29235890975804635,-0.22305605129414063,-0.8525580242070276,-0.771377692418191,-0.08118033178883666,0.0,0.0,-0.5154149610521728,-0.2923589097580393,-0.22305605129413347
2026.01.07 23:23,101.99402,-0.561296284554544,-0.34919308533770826,-0.21210319921683568,-0.8463165087489273,-0.7863654556843382,-0.05995105306458903,0.0,0.0,-0.5612962845545297,-0.3491930853376996,-0.21210319921683013
2026.01.07 23:24,101.8385,-0.6032528054232955,-0.4035697467772484,-0.19968305864604713,-0.8342382901394956,-0.7959400225753698,-0.0382982675641258,0.0,0.0,-0.6032528054232813,-0.4035697467772381,-0.1996830586460432
2026.01.07 23:25,101.69129,-0.6409932955008202,-0.45511290796081105,-0.18588038754000913,-0.8164036322257004,-0.800032744505436,-0.016370887720264404,0.0,0.0,-0.640993295500806,-0.45511290796079923,-0.18588038754000674
2026.01.07 23:26,101.55342,-0.67425546527096,-0.5034658865118496,-0.17078957875911038,-0.7929325627077333,-0.7986127081458956,0.0056801454381623095,0.0,1.0,-0.6742554652709458,-0.5034658865118362,-0.1707895787591096
2026.01.07 23:27,101.42586,-0.7028074733213998,-0.5482937592561975,-0.1545137140652023,-0.7639835064841662,-0.7916868678135498,0.027703361329383558,0.0,0.0,-0.7028074733213856,-0.5482937592561841,-0.15451371406520154
2026.01.07 23:28,101.3095,-0.7264503574256338,-0.5892857471349713,-0.13716461029066251,-0.7297537201527433,-0.7793002382813885,0.04954651812864519,0.0,0.0,-0.7264503574256196,-0.5892857471349563,-0.1371646102906633
2026.01.07 23:29,101.20516,-0.7450187668243871,-0.6261573403933159,-0.11886142643107112,-0.6904766781782001,-0.7615355262607508,0.0710588480825507,0.0,0.0,-0.7450187668243586,-0.6261573403932977,-0.1188614264310609
2026.01.07 23:30,101.11359,-0.7583811529137137,-0.6586522846985514,-0.09972886821516225,-0.6464188027438524,-0.7385121815573712,0.09209337881351876,0.0,0.0,-0.7583811529136852,-0.6586522846985317,-0.09972886821515359
2026.01.07 23:31,101.03543,-0.7664427243180256,-0.6865442583947557,-0.07989846592326988,-0.597881464022862,-0.7103860380504694,0.11250457402760738,0.0,0.0,-0.7664427243180114,-0.6865442583947359,-0.07989846592327554
2026.01.07 23:32,100.97124,-0.769144950069915,-0.7096385545631303,-0.059506395506784715,-0.545196638213568,-0.6773481580830891,0.13215151986952112,0.0,0.0,-0.7691449500699008,-0.7096385545631105,-0.059506395506790266
2026.01.07 23:33,100.92149,-0.7664655548604884,-0.7277733045005962,-0.03869225035989221,-0.488723927004969,-0.6396233118674651,0.1508993848624961,0.0,0.0,-0.7664655548604742,-0.7277733045005763,-0.03869225035989787
2026.01.07 23:34,100.88655,-0.7584188998689285,-0.7408205938748305,-0.017598305994098062,-0.4288485898826053,-0.5974683674704933,0.16861977758788793,0.0,0.0,-0.7584188998689143,-0.7408205938748106,-0.017598305994103725
2026.01.07 23:35,100.86667,-0.745057459065066,-0.7486874820741756,0.0036300230091095287,-0.3659817294757062,-0.5511710398715359,0.18518931039582975,1.0,0.0,-0.7450574590650518,-0.7486874820741557,0.0036300230091038665
2026.01.07 23:36,100.86202,-0.7264693506396611,-0.7513165795539823,0.02484722891432123,-0.3005534544663675,-0.5010475227905022,0.20049406832413474,0.0,0.0,-0.7264693506396469,-0.7513165795539626,0.024847228914315678
2026.01.07 23:37,100.87266,-0.7027783899002031,-0.7486863609400456,0.045907971039842455,-0.23301126816609496,-0.44744027186562085,0.2144290036995259,0.0,0.0,-0.7027783899002031,-0.7486863609400274,0.04590797103982425
2026.01.07 23:38,100.89855,-0.6741429261880967,-0.7408112675360133,0.06666834134791666,-0.16381646381432802,-0.39071551025536233,0.2268990464410343,0.0,0.0,-0.6741429261880967,-0.7408112675359982,0.06666834134790156
2026.01.07 23:39,100.93952,-0.6407569312434163,-0.727741909572647,0.08698497832923069,-0.09344489439571646,-0.33126138708343317,0.2378164926877167,0.0,0.0,-0.6407569312434163,-0.7277419095726351,0.08698497832921881
2026.01.07 23:40,100.99534,-0.6028448619136242,-0.7095643693054913,0.10671950739186709,-0.022376600745417363,-0.26948442981583004,0.24710782907041268,0.0,0.0,-0.6028448619136242,-0.709564369305481,0.10671950739185676
2026.01.07 23:41,101.04164,-0.5625781994824308,-0.6866125081291041,0.12403430864667331,0.04550805184042872,-0.2064859334845783,0.25199398532500705,0.0,0.0,-0.5625781994824308,-0.6866125081290954,0.12403430864666454
2026.01.07 23:42,101.10197,-0.5198064474410984,-0.6592059406380608,0.13939949319696243,0.11087446975011517,-0.14301385283763962,0.2538883225877548,0.0,0.0,-0.5198064474410984,-0.6592059406380536,0.13939949319695522
2026.01.07 23:43,101.17579,-0.4744833203723431,-0.627657542916218,0.15317422254387492,0.17411888131761089,-0.07958730600658953,0.2537061873242004,0.0,0.0,-0.4744833203723431,-0.6276575429162123,0.15317422254386925
2026.01.07 23:44,101.26244,-0.4266542798441577,-0.5922794118916727,0.16562513204751494,0.23542281572360935,-0.01658528166054976,0.2520080973841591,0.0,0.0,-0.4266542798441577,-0.5922794118916686,0.16562513204751084
2026.01.07 23:45,101.36121,-0.37644013948909105,-0.5533872773193871,0.17694713783029603,0.29480775506583257,0.045693325684726706,0.24911442938110587,0.0,0.0,-0.37644013948907684,-0.553387277319383,0.17694713783030613
2026.01.07 23:46,101.47129,-0.324027349871983,-0.5113038284273627,0.18727647855537966,0.35217130277351316,0.106988921102484,0.24518238167102918,0.0,0.0,-0.3240273498719688,-0.511303828427357,0.1872764785553882
2026.01.07 23:47,101.59178,-0.2696588411990746,-0.46636115231747133,0.19670231111839676,0.4073179367155433,0.16705472422509587,0.2402632124904474,0.0,0.0,-0.26965884119906036,-0.46636115231746406,0.1967023111184037
2026.01.07 23:48,101.72173,-0.21362301427643615,-0.4189018282100291,0.20527881393359293,0.4599893246442548,0.2256416443089277,0.2343476803353271,0.0,0.0,-0.21362301427642194,-0.41890182821002026,0.20527881393359831
2026.01.07 23:49,101.86012,-0.15624619245070903,-0.36927975382526074,0.2130335613745517,0.5098849165245127,0.28249029875204473,0.227394617772468,0.0,0.0,-0.15624619245069482,-0.3692797538252503,0.21303356137455548
2026.01.07 23:50,102.00587,-0.09788547800090441,-0.31764722921620225,0.21976175121529784,0.556679390839605,0.3373281171695568,0.21935127367004825,0.0,0.0,-0.09788547800090441,-0.3176472292161918,0.2197617512152874
2026.01.07 23:51,102.15786,-0.03892120909578978,-0.26421553606672354,0.22529432697093377,0.6000387788307364,0.3898702495017928,0.21016852932894364,0.0,0.0,-0.03892120909578978,-0.2642155360667131,0.22529432697092333
2026.01.07 23:52,102.3149,0.02024682163154523,-0.20924552028851373,0.22949234192005896,0.6396280773972052,0.43982181508087526,0.19980626231632992,0.0,0.0,0.02024682163154523,-0.20924552028850327,0.2294923419200485
2026.01.07 23:53,102.4758,0.07920813548763306,-0.1530385852516481,0.23224672073928115,0.6751268384075786,0.48688281974621594,0.18824401866136264,0.0,0.0,0.07920813548763306,-0.15303858525163763,0.2322467207392707
2026.01.07 23:54,102.63933,0.1375453684462542,-0.09592908436994307,0.23347445281619728,0.7062342122071072,0.5307530982383942,0.17548111396871302,0.0,0.0,0.1375453684462542,-0.09592908436993418,0.2334744528161884
2026.01.07 23:55,102.80424,0.19483892283324167,-0.038277276291584776,0.23311619912482645,0.7326749633396048,0.5711374712586363,0.16153749208096846,0.0,0.0,0.19483892283324167,-0.03827727629157746,0.23311619912481912
2026.01.07 23:56,102.96927,0.25067143498449695,0.01953719883992317,0.2311342361445738,0.754204519901748,0.6077508809872587,0.14645363891448926,0.0,0.0,0.25067143498449695,0.019537198839928906,0.23113423614456804
2026.01.07 23:57,103.13319,0.3046344409721229,0.07712136053420751,0.22751308043791538,0.7706173917424906,0.6403241831383051,0.13029320860418547,0.0,0.0,0.3046344409721229,0.07712136053421166,0.22751308043791124
2026.01.07 23:58,103.29473,0.35632791357244287,0.13407403898122439,0.22225387459121848,0.7817420551426011,0.6686077575391643,0.11313429760343674,0.0,0.0,0.35632791357244287,0.13407403898122697,0.2222538745912159
2026.01.07 23:59,103.45267,0.4053669828339679,0.189990979073988,0.2153760037599799,0.7874491929344885,0.6923760446182292,0.09507314831625924,0.0,0.0,0.4053669828339679,0.18999097907399054,0.21537600375997734
2026.01.08 00:00,103.60581,0.4513846355849154,0.244469406260733,0.20691522932418238,0.7876519223882497,0.7114312201722333,0.0762207022160164,0.0,0.0,0.45138463558490116,0.244469406260734,0.20691522932416717
2026.01.08 00:01,103.75299,0.4940352223774198,0.2971125618991635,0.1969226604782563,0.7823074747590653,0.7256064710895996,0.05670100366946562,0.0,0.0,0.4940352223774056,0.2971125618991629,0.1969226604782427
2026.01.08 00:02,103.89307,0.5329953661906046,0.3475333653106048,0.1854620008799998,0.7714141235307608,0.734768001577832,0.03664612195292882,0.0,0.0,0.5329953661905904,0.34753336531060264,0.18546200087998777
2026.01.08 00:03,104.02499,0.5679692068853939,0.395358236248287,0.1726109706371069,0.7550161797501431,0.7388176372122942,0.016198542537848915,0.0,0.0,0.5679692068853797,0.39535823624828326,0.1726109706370964
2026.01.08 00:04,104.14772,0.5986882079210716,0.4402303790358236,0.15845782888524795,0.7331988207854323,0.7376938739269219,-0.004495053141489569,0.0,-1.0,0.5986882079210574,0.4402303790358183,0.15845782888523907
2026.01.08 00:05,104.26031,0.6249146821465104,0.4818129620538251,0.14310172009268524,0.7060901239197932,0.7313731239254961,-0.025283000005702938,0.0,0.0,0.6249146821464961,0.48181296205381824,0.1431017200926779
2026.01.08 00:06,104.36189,0.6464442026120594,0.5197918244582626,0.12665237815379682,0.6738609181415711,0.7198706827687111,-0.046009764627140015,0.0,0.0,0.6464442026120452,0.519791824458254,0.12665237815379116
2026.01.08 00:07,104.45163,0.6631039214655488,0.5538780475574966,0.10922587390805216,0.6367174241508451,0.7032400310451379,-0.06652260689429279,0.0,0.0,0.6631039214655488,0.553878047557488,0.10922587390806071
2026.01.08 00:08,104.52884,0.6747588701802272,0.5838104794848588,0.09094839069536842,0.5949088833732219,0.6815738015107548,-0.08666491813753285,0.0,0.0,0.6747588701802272,0.5838104794848502,0.09094839069537697
2026.01.08 00:09,104.59286,0.6813076890287135,0.6093574854230586,0.07195020360565496,0.5487156049781703,0.6550021622042379,-0.10628655722606761,0.0,0.0,0.6813076890286993,0.6093574854230499,0.07195020360564941
2026.01.08 00:10,104.64316,0.6826868754310311,0.6303187802067931,0.05236809522423802,0.498453467077951,0.6236924231789805,-0.12523895610102953,0.0,0.0,0.6826868754310169,0.6303187802067846,0.05236809522423236
2026.01.08 00:11,104.67929,0.6788696924079858,0.646527038675391,0.03234265373259482,0.444468446700526,0.5878476278832897,-0.14337918118276372,0.0,0.0,0.6788696924079716,0.6465270386753824,0.032342653732589155
2026.01.08 00:12,104.7009,0.6698664898411266,0.6578489590038057,0.012017530837320933,0.38713427084722696,0.5477049564760772,-0.16057068562885024,0.0,0.0,0.6698664898411124,0.6578489590037973,0.01201753083731516
2026.01.08 00:13,104.70775,0.6557253312506646,0.6641864171515383,-0.008461085900873688,0.3268508672160664,0.503534138624075,-0.17668327140800866,-1.0,0.0,0.6557253312506646,0.6641864171515314,-0.008461085900866805
2026.01.08 00:14,104.6997,0.6365312573550028,0.6654771477302597,-0.028945890375256855,0.2640405646354651,0.4556354238263531,-0.19159485919088798,0.0,0.0,0.6365312573549886,0.6654771477302527,-0.02894589037526407
2026.01.08 00:15,104.6767,0.6124044899740113,0.6616949574371432,-0.049290467463131926,0.19914283205265804,0.4043369054716141,-0.20519407341895607,0.0,0.0,0.6124044899739971,0.6616949574371362,-0.04929046746313914
2026.01.08 00:16,104.63881,0.5835002193481813,0.6528501016463246,-0.06934988229814332,0.13261239883838982,0.3499920041449693,-0.21737960530657946,0.0,0.0,0.5835002193481529,0.6528501016463145,-0.06934988229816164
2026.01.08 00:17,104.58621,0.5500088367285372,0.638988986818359,-0.08898015008982185,0.06491835361192955,0.2929772740383614,-0.22805892042643183,0.0,0.0,0.5500088367285088,0.6389889868183458,-0.08898015008983706
2026.01.08 00:18,104.51917,0.5121533222917236,0.6201940571809157,-0.10804073488919208,-0.0034617187259868842,0.23368947548549174,-0.23715119421147862,0.0,0.0,0.5121533222917094,0.6201940571809025,-0.10804073488919308
2026.01.08 00:19,104.43806,0.470187624971814,0.5965830293521138,-0.12639540438029984,-0.07204520536633652,0.17254253931512611,-0.24458774468146263,0.0,0.0,0.4701876249717998,0.5965830293521006,-0.12639540438030084
2026.01.08 00:20,104.34335,0.42439504017734464,0.5683080679931537,-0.14391302781580906,-0.14034757636591166,0.10996451617891856,-0.2503120925448302,0.0,0.0,0.4243950401773162,0.5683080679931388,-0.1439130278158226
2026.01.08 00:21,104.23561,0.37508660433918806,0.5355547473818272,-0.16046814304263912,-0.20788514666158164,0.046394583610818524,-0.25427973027240014,0.0,0.0,0.37508660433917385,0.5355547473818123,-0.16046814304263846
2026.01.08 00:22,104.11548,0.3225971277783515,0.4985405025515702,-0.1759433747732187,-0.2741817448226129,-0.017720682075867765,-0.2564610627467452,0.0,0.0,0.32259712777833727,0.49854050255155374,-0.17594337477321648
2026.01.08 00:23,103.98373,0.26728660195115594,0.4575133186178094,-0.19022671666665347,-0.3387651421760154,-0.0819295740958973,-0.2568355680801181,0.0,0.0,0.26728660195115594,0.4575133186177946,-0.19022671666663865
2026.01.08 00:24,103.84115,0.20953224009851112,0.4127497352983094,-0.20321749519979826,-0.40118051987080605,-0.14577976325087905,-0.255400756619927,0.0,0.0,0.20953224009851112,0.4127497352982961,-0.203217495199785
2026.01.08 00:25,103.68867,0.14973161767723298,0.36455322400153733,-0.21482160632430436,-0.4609827845821144,-0.20882036751712613,-0.25216241706498826,0.0,0.0,0.14973161767723298,0.36455322400152723,-0.21482160632429426
2026.01.08 00:26,103.52725,0.08829612583517132,0.31325181168005223,-0.2249556858448809,-0.5177469590873045,-0.27060568583116185,-0.24714127325614266,0.0,0.0,0.08829612583518553,0.3132518116800469,-0.22495568584486136
2026.01.08 00:27,103.35791,0.02564807808616365,0.25919567343499,-0.23354759534882635,-0.5710709629030788,-0.33069874124554527,-0.24037222165753352,0.0,0.0,0.02564807808617786,0.25919567343498784,-0.23354759534880998
2026.01.08 00:28,103.18175,-0.037780085570034316,0.20275481670811796,-0.24053490227815227,-0.6205744065780863,-0.38867387431205347,-0.2319005322660328,0.0,0.0,-0.037780085570020105,0.20275481670811896,-0.24053490227813906
2026.01.08 00:29,102.99991,-0.10154972848506816,0.144316509078961,-0.24586623756402914,-0.6659031167392158,-0.444119722797486,-0.22178339394172975,0.0,0.0,-0.10154972848505395,0.14431650907896673,-0.24586623756402068
2026.01.08 00:30,102.81356,-0.16521996463232824,0.08428244585990362,-0.24950241049223187,-0.7067332196101006,-0.496642422160009,-0.21009079745009163,0.0,0.0,-0.16521996463231403,0.08428244585991251,-0.24950241049222655
2026.01.08 00:31,102.62391,-0.22834997911087385,0.023066100649989693,-0.25141607976086355,-0.7427719219910358,-0.5458683221262144,-0.19690359986482142,0.0,0.0,-0.22834997911085964,0.023066100650001746,-0.2514160797608614
2026.01.08 00:32,102.43219,-0.29050244083495613,-0.03891045965957832,-0.25159198117537784,-0.7737601803841585,-0.5914466937778032,-0.18231348660635527,0.0,0.0,-0.29050244083495613,-0.038910459659566264,-0.2515919811753899
2026.01.08 00:33,102.23966,-0.35124533887137943,-0.10121907954512172,-0.2500262593262577,-0.7994723141932099,-0.6330518178608846,-0.16642049633232525,0.0,0.0,-0.35124533887137943,-0.10121907954510966,-0.25002625932626976
2026.01.08 00:34,102.04757,-0.4101565514199166,-0.16342887611147167,-0.24672767530844492,-0.8197205416173574,-0.6703855626121792,-0.14933497900517823,0.0,0.0,-0.4101565514199166,-0.16342887611145962,-0.24672767530845696
2026.01.08 00:35,101.85717,-0.4668265150813511,-0.2251091695466408,-0.24171734553471028,-0.8343556723036443,-0.7031795845504722,-0.13117608775317202,0.0,0.0,-0.4668265150813511,-0.22510916954663035,-0.24171734553472074
2026.01.08 00:36,101.66971,-0.5208601730487885,-0.2858323085616355,-0.23502786448715302,-0.8432664799716605,-0.7311969636347099,-0.11206951633695061,0.0,0.0,-0.5208601730487885,-0.2858323085616266,-0.2350278644871619
2026.01.08 00:37,101.48641,-0.571880729313321,-0.3451768245331118,-0.2267039047802092,-0.8463823782715707,-0.754234046562082,-0.09214833170948866,0.0,0.0,-0.571880729313321,-0.3451768245331045,-0.22670390478021651
2026.01.08 00:38,101.30847,-0.6195315841722788,-0.402730364053913,-0.21680122011836583,-0.8436726013375875,-0.7721217575171833,-0.07155084382040422,0.0,0.0,-0.619531584172293,-0.40273036405390883,-0.2168012201183842
2026.01.08 00:39,101.13705,-0.6634792159373006,-0.4580925030877988,-0.20538671284950183,-0.8351471817455831,-0.7847268423628633,-0.050420339382719837,0.0,0.0,-0.6634792159373006,-0.45809250308779625,-0.20538671284950438
2026.01.08 00:40,100.97327,-0.7034151756855351,-0.5108775249294278,-0.1925376507561073,-0.8208562711411957,-0.7919527281185299,-0.028903543022665845,0.0,0.0,-0.7034151756855351,-0.5108775249294268,-0.1925376507561083
2026.01.08 00:41,100.8182,-0.7390581620901742,-0.560717049513341,-0.17834111257683316,-0.8008897018574004,-0.7937401228663041,-0.00714957899109625,0.0,0.0,-0.7390581620901742,-0.56071704951334,-0.17834111257683416
2026.01.08 00:42,100.67284,-0.7701569330671276,-0.6072627822017574,-0.16289415086537018,-0.7753780997623636,-0.7900677182455161,0.014689618483152533,0.0,1.0,-0.7701569330671276,-0.6072627822017564,-0.16289415086537118
2026.01.08 00:43,100.53814,-0.7964906489827825,-0.6501887930420759,-0.14630185594070666,-0.7444893370473409,-0.7809520420058812,0.036462704958540315,0.0,0.0,-0.7964906489827825,-0.6501887930420749,-0.14630185594070766
2026.01.08 00:44,100.41497,-0.8178711882445242,-0.6891937567268729,-0.12867743151765132,-0.7084288942335917,-0.7664474124514233,0.05801851821783166,0.0,0.0,-0.8178711882445242,-0.6891937567268719,-0.12867743151765232
2026.01.08 00:45,100.30412,-0.8341445886547945,-0.7240031362386513,-0.11014145241614315,-0.6674386409871857,-0.7466456581585759,0.07920701717139011,0.0,0.0,-0.8341445886547945,-0.7240031362386503,-0.11014145241614415
2026.01.08 00:46,100.2063,-0.8451917873961037,-0.7543710315811827,-0.090820755814921,-0.6217945190063858,-0.7216754303281379,0.09988091132175203,0.0,0.0,-0.8451917873961037,-0.7543710315811817,-0.090820755814922
2026.01.08 00:47,100.12213,-0.850929600798608,-0.7800819223174414,-0.07084767848116658,-0.5718049150402749,-0.6917013272705653,0.11989641223029046,0.0,0.0,-0.850929600798608,-0.7800819223174389,-0.07084767848116913
2026.01.08 00:48,100.05214,-0.8513110830849229,-0.8009521297782883,-0.050358953306634535,-0.5178081169202216,-0.6569226852004966,0.13911456828027502,0.0,0.0,-0.8513110830849229,-0.8009521297782859,-0.05035895330663698
2026.01.08 00:49,99.99676,-0.8463261921914551,-0.8168311316122795,-0.029495060579175614,-0.4601705974219499,-0.6175722676447872,0.15740167022283735,0.0,0.0,-0.8463261921914693,-0.8168311316122785,-0.029495060579190824
2026.01.08 00:50,99.95632,-0.8360018908681894,-0.8276026570320589,-0.008399233836130504,-0.399284484363875,-0.5739147109886048,0.17463022662472982,0.0,0.0,-0.8360018908682036,-0.8276026570320596,-0.008399233836144049
2026.01.08 00:51,99.93105,-0.8204018041805057,-0.8331854204891009,0.012783616308595258,-0.3355645207730902,-0.5262446729455019,0.19068015217241174,1.0,0.0,-0.8204018041805199,-0.8331854204891032,0.012783616308583268
2026.01.08 00:52,99.92108,-0.7996255333661679,-0.8335337409761437,0.033908207609975816,-0.26944474630340665,-0.4748846876170829,0.20543994131367627,0.0,0.0,-0.7996255333661821,-0.8335337409761476,0.03390820760996549
2026.01.08 00:53,99.92643,-0.7738085059946371,-0.828637887392823,0.05482938139818583,-0.20137648692568177,-0.4201830474788027,0.21880656055312092,0.0,0.0,-0.7738085059946513,-0.8286378873928284,0.05482938139817706
2026.01.08 00:54,99.94702,-0.7431206525725571,-0.8185241167170189,0.07540346414446175,-0.13182447253603868,-0.3625113324902499,0.23068685995421123,0.0,0.0,-0.7431206525725713,-0.8185241167170259,0.07540346414445454
2026.01.08 00:55,99.98267,-0.7077649765003002,-0.8032544710619296,0.09548949456162936,-0.061263181988763904,-0.3022617023899527,0.2409985204011888,0.0,0.0,-0.7077649765003144,-0.8032544710619381,0.0954894945616237
2026.01.08 00:56,100.03308,-0.6679776522100696,-0.7829264767743143,0.11494882456424471,0.00982371686376382,-0.2398446185392094,0.24966833540297323,0.0,0.0,-0.6679776522100838,-0.7829264767743243,0.11494882456424049
2026.01.08 00:57,100.09787,-0.6240245331540706,-0.7576724156708863,0.1336478825168157,0.08095025250536025,-0.1756856443302955,0.25663589683565574,0.0,0.0,-0.6240245331540848,-0.7576724156708978,0.13364788251681303
2026.01.08 00:58,100.17655,-0.5762004708377901,-0.7276584466315902,0.15145797579380005,0.15162930541517028,-0.11022265438120232,0.2618519597963726,0.0,0.0,-0.5762004708378043,-0.7276584466316017,0.15145797579379738
2026.01.08 00:59,100.26855,-0.5248260576744599,-0.6930833540545092,0.16825729638004927,0.22137823146124447,-0.04390247721271297,0.2652807086739574,0.0,0.0,-0.5248260576744741,-0.6930833540545207,0.1682572963800466
2026.01.08 01:00,100.37318,-0.4702479726299913,-0.6541773727711186,0.18392940014112735,0.2897175003918875,0.022821518308207125,0.26689598208368037,0.0,0.0,-0.4702479726300055,-0.6541773727711302,0.1839294001411247
2026.01.08 01:01,100.4897,-0.4128333706990617,-0.6112004658081068,0.19836709510904516,0.35618007754555947,0.08949323015567759,0.2666868473898819,0.0,0.0,-0.4128333706990759,-0.6112004658081184,0.1983670951090425
2026.01.08 01:02,100.61726,-0.3529700401754212,-0.5644406362726384,0.2114705960972172,0.4203095616788062,0.15565649646030333,0.26465306521850285,0.0,0.0,-0.35297004017543543,-0.56444063627265,0.21147059609721452
2026.01.08 01:03,100.75496,-0.2910615044070397,-0.5142118420320254,0.2231503376249857,0.4816675313365266,0.220858703435548,0.2608088279009786,0.0,0.0,-0.2910615044070539,-0.514211842032037,0.22315033762498304
2026.01.08 01:04,100.90181,-0.22752619570637478,-0.460851977499367,0.23332578179299224,0.539832884241747,0.28465353959678785,0.25517934464495917,0.0,0.0,-0.227526195706389,-0.4608519774993785,0.23332578179298952
2026.01.08 01:05,101.05676,-0.16279424506389262,-0.4047204878164585,0.24192624275256586,0.5944055167951063,0.3466039350364516,0.24780158175865474,0.0,0.0,-0.16279424506390683,-0.40472048781646996,0.24192624275256314
2026.01.08 01:06,101.21873,-0.0973024404857199,-0.3461958108533084,0.24889337036758852,0.6450128714368333,0.40628572231652793,0.23872714912030535,0.0,0.0,-0.09730244048573411,-0.3461958108533199,0.2488933703675858
2026.01.08 01:07,101.38655,-0.03149498743459844,-0.2856729793640649,0.25417799192946644,0.691305504828648,0.463289678818952,0.22801582600969605,0.0,0.0,-0.031494987434612653,-0.2856729793640764,0.2541779919294637
2026.01.08 01:08,101.55906,0.03418395712036215,-0.22356075549797355,0.2577447126183357,0.732967774055183,0.5172252978661982,0.2157424761889848,0.0,0.0,0.03418395712034794,-0.22356075549798504,0.257744712618333
2026.01.08 01:09,101.73502,0.09928895405522553,-0.16027887475517166,0.2595678288103972,0.7697117670162328,0.5677225916962052,0.20198917532002758,0.0,0.0,0.09928895405521132,-0.16027887475518318,0.25956782881039453
2026.01.08 01:10,101.91321,0.16338023137963376,-0.09625514119087217,0.25963537257050595,0.8012866307707327,0.6144353995111107,0.186851231259622,0.0,0.0,0.16338023137961954,-0.09625514119088369,0.25963537257050323
2026.01.08 01:11,102.09237,0.2260242779286159,-0.03192243917931249,0.2579467171079284,0.8274756206124749,0.6570434437313836,0.17043217688109136,0.0,0.0,0.2260242779286017,-0.031922439179324,0.2579467171079257
2026.01.08 01:12,102.27124,0.28679742804045816,0.032284108870409486,0.25451331917004866,0.8480988214433864,0.6952545192737842,0.1528443021696022,0.0,0.0,0.28679742804044395,0.03228410887039798,0.25451331917004594
2026.01.08 01:13,102.44857,0.3452893555863028,0.09593028123626256,0.24935907435004023,0.8630154348756633,0.7288067023941601,0.13420873248150322,0.0,0.0,0.3452893555862886,0.09593028123625105,0.24935907435003754
2026.01.08 01:14,102.6231,0.4011040639987158,0.15858564890988572,0.24251841508883007,0.8721214047807422,0.7574696428714766,0.11465176190926563,0.0,0.0,0.4011040639987016,0.1585856489098742,0.24251841508882738
2026.01.08 01:15,102.79362,0.4538652849600453,0.21982650729274852,0.23403877766729678,0.8753551538288491,0.7810467450629511,0.09430840876589797,0.0,0.0,0.4538652849600169,0.21982650729273542,0.23403877766728146
2026.01.08 01:16,102.95892,0.5032164947165114,0.2792388941984274,0.22397760051808402,0.8726931632668027,0.7993760287037215,0.0733171345630812,0.0,0.0,0.5032164947164972,0.2792388941984143,0.2239776005180829
2026.01.08 01:17,103.11785,0.5488254881756802,0.3364212865379072,0.21240420163777302,0.8641541561668333,0.8123316541963439,0.05182250197048943,0.0,0.0,0.548825488175666,0.3364212865378941,0.2124042016377719
2026.01.08 01:18,103.2693,0.5903860900234434,0.3909876349788203,0.19939845504462317,0.8497977583594292,0.819824875028961,0.029972883330468214,0.0,0.0,0.5903860900234292,0.3909876349788072,0.19939845504462206
2026.01.08 01:19,103.4122,0.6276191987073361,0.44256974245967606,0.18504945624766,0.8297221519623861,0.821804330415646,0.007917821546740034,0.0,0.0,0.6276191987073219,0.442569742459663,0.18504945624765884
2026.01.08 01:20,103.54555,0.6602756890014518,0.4908198992455467,0.16945578975590514,0.8040653052950404,0.8182565253915249,-0.014191220096484547,0.0,-1.0,0.6602756890014376,0.49081989924553365,0.16945578975590397
2026.01.08 01:21,103.66841,0.6881375467646365,0.5354132457704553,0.1527243009941811,0.7730029457857484,0.8092058094703697,-0.036202863684621334,0.0,0.0,0.6881375467646222,0.5354132457704424,0.15272430099417988
2026.01.08 01:22,103.77992,0.7110199988951678,0.5760499839158848,0.13497001497928296,0.7367485378291576,0.7947143551421273,-0.05796581731296968,0.0,0.0,0.7110199988951535,0.5760499839158718,0.13497001497928174
2026.01.08 01:23,103.87929,0.7287720055627318,0.6124575329785532,0.1163144725841786,0.6955503701256163,0.7748815581388251,-0.07933118801320882,0.0,0.0,0.7287720055627176,0.6124575329785402,0.11631447258417738
2026.01.08 01:24,103.96583,0.7412786545978491,0.6443923518271981,0.09688630277065102,0.6496923485692463,0.7498437162249094,-0.10015136765566313,0.0,0.0,0.7412786545978491,0.6443923518271882,0.0968863027706609
2026.01.08 01:25,104.03893,0.7484610302852133,0.671641744668165,0.07681928561704832,0.5994902271616525,0.719773018412258,-0.12028279125060559,0.0,0.0,0.7484610302852133,0.6716417446681567,0.07681928561705653
2026.01.08 01:26,104.09805,0.7502749026296271,0.6940250129408257,0.0562498896888014,0.5452861749520679,0.68487564972022,-0.1395894747681521,0.0,0.0,0.7502749026296129,0.6940250129408175,0.05624988968879541
2026.01.08 01:27,104.1428,0.7467156869150813,0.7113949681510078,0.0353207187640735,0.48745506093122515,0.645391531962421,-0.1579364710311959,0.0,0.0,0.7467156869150671,0.7113949681509995,0.035320718764067616
2026.01.08 01:28,104.17284,0.7378139003932489,0.723638823893887,0.014175076499361894,0.4263931829453895,0.6015918621590148,-0.1751986792136253,0.0,0.0,0.7378139003932347,0.7236388238938787,0.01417507649935601
2026.01.08 01:29,104.18795,0.7236367867320581,0.7306789458639543,-0.0070421591318962085,0.36251919067152016,0.5537773278615159,-0.19125813718999574,-1.0,0.0,0.7236367867320581,0.7306789458639477,-0.007042159131889547
2026.01.08 01:30,104.18802,0.7042883724763698,0.7324734820541469,-0.02818510957777709,0.2962721086447573,0.5022762840181643,-0.20600417537340698,0.0,0.0,0.7042883724763698,0.7324734820541418,-0.028185109577771983
2026.01.08 01:31,104.17303,0.6799074966637733,0.7290165373617697,-0.04910904069799649,0.22810597500728136,0.44744222221598773,-0.21933624720870637,0.0,0.0,0.6799074966637733,0.7290165373617662,-0.049109040697992934
2026.01.08 01:32,104.14308,0.6506682635152714,0.7203383438009409,-0.06967008028566946,0.15848935970309697,0.3896516497134096,-0.23116229001031263,0.0,0.0,0.6506682635152714,0.7203383438009389,-0.06967008028566746
2026.01.08 01:33,104.09837,0.6167783997833709,0.7065049821548878,-0.08972658237151687,0.08790120113606292,0.3293015599979403,-0.24140035886187738,0.0,0.0,0.6167783997833709,0.7065049821548857,-0.08972658237151476
2026.01.08 01:34,104.03919,0.5784767868904623,0.6876178439999154,-0.1091410571094531,0.016825626841693975,0.26680637336669105,-0.24998074652499708,0.0,0.0,0.5784767868904623,0.6876178439999134,-0.1091410571094511
2026.01.08 01:35,103.96594,0.53603276782178,0.6638131623545991,-0.12778039453281909,-0.054249524747874034,0.20259519374377805,-0.2568447184916521,0.0,0.0,0.53603276782178,0.6638131623545986,-0.12778039453281864
2026.01.08 01:36,103.87911,0.4897436615107438,0.6352607150874505,-0.14551705357670675,-0.12483722339699455,0.13710871031562355,-0.2619459337126181,0.0,0.0,0.48974366151072957,0.63526071508745,-0.1455170535767204
2026.01.08 01:37,103.7793,0.43993409204755096,0.6021629586045952,-0.16222886655704427,-0.19445207231422046,0.07079655378965476,-0.26524862610387523,0.0,0.0,0.43993409204753675,0.6021629586045947,-0.16222886655705793
2026.01.08 01:38,103.66718,0.3869519610772727,0.5647535335318413,-0.17780157245456862,-0.2626170222336981,0.004113838584984188,-0.2667308608186823,0.0,0.0,0.3869519610772585,0.5647535335318392,-0.17780157245458073
2026.01.08 01:39,103.54352,0.3311674201623589,0.5232956499413957,-0.19212822977903676,-0.3288640466050623,-0.06248173845302512,-0.2663823081520372,0.0,0.0,0.3311674201623447,0.5232956499413919,-0.1921282297790472
2026.01.08 01:40,103.40916,0.27296941893088444,0.4780803079710747,-0.20511088904019026,-0.39273907446397516,-0.12853320565521514,-0.26420586880876,0.0,0.0,0.27296941893087023,0.4780803079710694,-0.20511088904019914
2026.01.08 01:41,103.26503,0.21276438185289237,0.42942432111969925,-0.21665993926680688,-0.4538026321521187,-0.19358709095459586,-0.2602155411975228,0.0,0.0,0.21276438185287816,0.42942432111969236,-0.2166599392668142
2026.01.08 01:42,103.1121,0.15097098377918883,0.377667941563679,-0.22669695778449017,-0.5116373644728469,-0.2571971456582461,-0.2544402188146008,0.0,0.0,0.15097098377918883,0.3776679415636721,-0.2266969577844833
2026.01.08 01:43,102.95142,0.08801910798038648,0.3231726439070039,-0.23515353592661742,-0.5658473352324762,-0.31892718357309213,-0.24692015165938408,0.0,0.0,0.08801910798038648,0.323172643906997,-0.23515353592661054
2026.01.08 01:44,102.78409,0.024346508901771813,0.2663186151381141,-0.2419721062363423,-0.6160615163023664,-0.378354050118947,-0.23770746618341937,0.0,0.0,0.024346508901771813,0.26631861513810723,-0.24197210623633542
2026.01.08 01:45,102.61127,-0.039603094466400535,0.2075023089184314,-0.24710540338483195,-0.6619343867604073,-0.4350701174472391,-0.22686426931316817,0.0,0.0,-0.039603094466400535,0.2075023089184261,-0.24710540338482664
2026.01.08 01:46,102.43413,-0.10338556896320483,0.1471334576950141,-0.2505190266582189,-0.7031529597331598,-0.48868668590442327,-0.21446627382873656,0.0,0.0,-0.10338556896320483,0.14713345769501038,-0.25051902665821524
2026.01.08 01:47,102.25389,-0.1665575296776325,0.0856324031666913,-0.2521899328443238,-0.739435279732362,-0.538836404670011,-0.20059887506235097,0.0,0.0,-0.1665575296776467,0.08563240316668758,-0.2521899328443343
2026.01.08 01:48,102.07178,-0.22868043303307672,0.023427086144976225,-0.25210751917805296,-0.770534323535756,-0.5851759884431601,-0.18535833509259592,0.0,0.0,-0.22868043303309094,0.023427086144972502,-0.25210751917806346
2026.01.08 01:49,101.88905,-0.28932293072715254,-0.039049841594805665,-0.25027308913234686,-0.7962384160485954,-0.6273884739642471,-0.16884994208434823,0.0,0.0,-0.28932293072716675,-0.039049841594809384,-0.25027308913235735
2026.01.08 01:50,101.70697,-0.3480626319891371,-0.10136395424392006,-0.24669867774521706,-0.8163705876441583,-0.6651848967002294,-0.15118569094392886,0.0,0.0,-0.3480626319891371,-0.1013639542439222,-0.24669867774521492
2026.01.08 01:51,101.52676,-0.4044929662315724,-0.1630821709117824,-0.24141079531978998,-0.8307970749459059,-0.6983073323493647,-0.13248974259654123,0.0,0.0,-0.4044929662315724,-0.16308217091178456,-0.24141079531978782
2026.01.08 01:52,101.34968,-0.45822119999721167,-0.22377553846484885,-0.23444566153236282,-0.8394192210344755,-0.726529710086387,-0.11288951094808852,0.0,0.0,-0.45822119999721167,-0.22377553846485101,-0.23444566153236066
2026.01.08 01:53,101.17694,-0.5088739050842861,-0.2830222511299664,-0.22585165395431972,-0.8421795266848449,-0.7496596734060785,-0.09251985327876633,0.0,0.0,-0.5088739050842861,-0.28302225112996854,-0.22585165395431755
2026.01.08 01:54,101.00972,-0.5560994272455559,-0.34041073254987253,-0.21568869469568341,-0.8390617287746664,-0.7675400844797962,-0.07152164429487029,0.0,0.0,-0.5560994272455559,-0.3404107325498747,-0.21568869469568125
2026.01.08 01:55,100.84917,-0.5995695722181296,-0.3955422884670864,-0.20402728375104318,-0.8300895112357694,-0.7800499698309908,-0.05003954140477851,0.0,0.0,-0.5995695722181296,-0.39554228846708855,-0.204027283751041
2026.01.08 01:56,100.6964,-0.6389814570573975,-0.4480338359537269,-0.19094762110367058,-0.8153256786630294,-0.7871051115973986,-0.02822056706563081,0.0,0.0,-0.6389814570573975,-0.44803383595372753,-0.19094762110366997
2026.01.08 01:57,100.55244,-0.6740618630476263,-0.4975206615108991,-0.1765412015367272,-0.7948758757917034,-0.7886592644362597,-0.006216611355443713,0.0,0.0,-0.6740618630476263,-0.49752066151089813,-0.17654120153672814
2026.01.08 01:58,100.41828,-0.7045671171647712,-0.5436589044484123,-0.1609082127163589,-0.768883982553703,-0.7847042080597484,0.015820225506045338,0.0,1.0,-0.7045671171647712,-0.5436589044484097,-0.16090821271636147
2026.01.08 01:59,100.29485,-0.7302842579441347,-0.5861279739989675,-0.1441562839451671,-0.7375303222393654,-0.7752694308956718,0.037739108656306364,0.0,0.0,-0.7302842579441347,-0.586127973998965,-0.14415628394516966
2026.01.08 02:00,100.18299,-0.7510339920824407,-0.6246325324268418,-0.1264014596555989,-0.7010332548034057,-0.7604221956772187,0.05938894087381297,0.0,0.0,-0.7510339920824407,-0.6246325324268392,-0.12640145965560146
2026.01.08 02:01,100.08347,-0.766671031739719,-0.6589047359537871,-0.10776629578593189,-0.6596459565887471,-0.7402669478595245,0.08062099127077738,0.0,0.0,-0.766671031739719,-0.6589047359537845,-0.10776629578593444
2026.01.08 02:02,99.99697,-0.777085566722036,-0.6887060316913148,-0.08837953503072116,-0.6136555808398043,-0.7149446744555805,0.1012890936157762,0.0,0.0,-0.7770855667220502,-0.6887060316913138,-0.08837953503073637
2026.01.08 02:03,99.92407,-0.7822048113182092,-0.7138288521438318,-0.06837595917437733,-0.5633826470626531,-0.684632268976995,0.12124962191434197,0.0,0.0,-0.7822048113182234,-0.7138288521438325,-0.06837595917439088
2026.01.08 02:04,99.86528,-0.7819914011149933,-0.7340979442434834,-0.04789345687150992,-0.5091749175718547,-0.6495407986959669,0.1403658811241122,0.0,0.0,-0.7819914011149933,-0.7340979442434841,-0.047893456871509255
2026.01.08 02:05,99.821,-0.7764449241624476,-0.7493716628107112,-0.027073261351736377,-0.45140751491383924,-0.6099141419395414,0.15850662702570217,0.0,0.0,-0.7764449241624476,-0.7493716628107118,-0.027073261351735822
2026.01.08 02:06,99.79151,-0.7656034972148689,-0.7595429554959604,-0.006060541718908463,-0.39048309603033715,-0.5660279327577006,0.17554483672736343,0.0,0.0,-0.7656034972148689,-0.759542955495961,-0.006060541718907908
2026.01.08 02:07,99.77704,-0.7495389775583163,-0.764539828873021,0.015000851314704633,-0.3268207200124209,-0.5181864902086446,0.1913657701962237,1.0,0.0,-0.7495389775583163,-0.7645398288730215,0.015000851314705188
2026.01.08 02:08,99.77766,-0.7283616020147861,-0.7643262004364266,0.03596459842164057,-0.2608626628558852,-0.46672172473809276,0.20585906188220754,0.0,0.0,-0.7283616020147861,-0.7643262004364273,0.035964598421641236
2026.01.08 02:09,99.79336,-0.7022168023494544,-0.7589020682438726,0.056685265894418246,-0.19306657962975748,-0.41199069571642577,0.21892411608666829,0.0,0.0,-0.7022168023494544,-0.7589020682438732,0.0566852658944188
2026.01.08 02:10,99.82404,-0.6712831068583966,-0.7483034099237257,0.07702030306532903,-0.12390046001378607,-0.35437264857589784,0.23047218856211177,0.0,0.0,-0.6712831068583966,-0.7483034099237263,0.0770203030653297
2026.01.08 02:11,99.86947,-0.6357733100279859,-0.7326020480688312,0.09682873804084535,-0.053843919150878605,-0.294266902690894,0.2404229835400154,0.0,0.0,-0.6357733100279859,-0.7326020480688302,0.09682873804084435
2026.01.08 02:12,99.92934,-0.5959310098329098,-0.711904959014909,0.11597394918199921,0.016618892468841295,-0.23208974365894697,0.24870863612778826,0.0,0.0,-0.5959310098328956,-0.7119049590149049,0.11597394918200932
2026.01.08 02:13,100.00323,-0.5520299369184158,-0.6863536852152893,0.13432374829687344,0.08700065848326233,-0.1682716632305051,0.25527232171376746,0.0,0.0,-0.5520299369184016,-0.6863536852152836,0.13432374829688198
2026.01.08 02:14,100.09061,-0.5043730856387612,-0.6561234809348797,0.15175039529611856,0.1568124944177498,-0.10325483170085412,0.26006732611860395,0.0,0.0,-0.5043730856387469,-0.6561234809348725,0.15175039529612555
2026.01.08 02:15,100.19089,-0.4532877111531377,-0.6214217269280207,0.16813401577488296,0.22557272128544525,-0.03748932110359425,0.2630620423890395,0.0,0.0,-0.4532877111531235,-0.6214217269280119,0.1681340157748884
2026.01.08 02:16,100.30335,-0.3991267173407067,-0.5824870313482863,0.18336031400757957,0.29280335857235684,0.02856921483159597,0.2642341437407609,0.0,0.0,-0.3991267173407067,-0.5824870313482775,0.1833603140075708
2026.01.08 02:17,100.42723,-0.34226227241826734,-0.539587105837562,0.19732483341929463,0.358040822858797,0.09446353643703619,0.2635772864217608,0.0,0.0,-0.34226227241826734,-0.5395871058375532,0.19732483341928586
2026.01.08 02:18,100.56165,-0.2830869691608626,-0.4930171243721629,0.20993015521130026,0.42083208583915166,0.15973724631745928,0.2610948395216924,0.0,0.0,-0.2830869691608626,-0.4930171243721541,0.2099301552112915
2026.01.08 02:19,100.70568,-0.22200891710267,-0.44309776995485994,0.22108885285218993,0.4807420589584126,0.22393820884564997,0.25680385011276263,0.0,0.0,-0.22200891710267,-0.4430977699548511,0.2210888528521811
2026.01.08 02:20,100.85832,-0.1594493160074677,-0.3901728817303579,0.2307235657228902,0.5373557843748529,0.28662172395149055,0.2507340604233623,0.0,0.0,-0.1594493160074677,-0.39017288173034914,0.23072356572288144
2026.01.08 02:21,101.01851,-0.09583960784448209,-0.3346071703983104,0.2387675625538283,0.5902811667880741,0.34735361251880725,0.24292755426926682,0.0,0.0,-0.09583960784448209,-0.3346071703983032,0.2387675625538211
2026.01.08 02:22,101.18513,-0.03161912870999117,-0.276783747264041,0.2451646185540498,0.6391505514846472,0.4057130003119752,0.23343755117267195,0.0,0.0,-0.03161912870999117,-0.2767837472640353,0.24516461855404414
2026.01.08 02:23,101.35703,0.03276921395901411,-0.21710126953095485,0.24987048348996896,0.6836256631706021,0.4612955328837006,0.22233013028690152,0.0,0.0,0.03276921395901411,-0.21710126953095077,0.24987048348996488
2026.01.08 02:24,101.533,0.09687997572009976,-0.15597152654503957,0.2528515022651393,0.7233961999466629,0.5137156662962932,0.20968053365036976,0.0,0.0,0.09687997572009976,-0.1559715265450371,0.25285150226513686
2026.01.08 02:25,101.71183,0.16027080073838817,-0.09381624675847347,0.2540870474968616,0.7581867612184681,0.5626098852807282,0.19557687593773987,0.0,0.0,0.16027080073838817,-0.09381624675847099,0.2540870474968592
2026.01.08 02:26,101.89226,0.22250280551638468,-0.031064571432401017,0.2535673769487857,0.7877537427475829,0.6076386567740991,0.1801150859734838,0.0,0.0,0.22250280551637047,-0.03106457143240012,0.2535673769487706
2026.01.08 02:27,102.07305,0.28314642401176116,0.03185025003122385,0.2512961739805373,0.8118922983765344,0.6484893850945862,0.16340291328194823,0.0,0.0,0.28314642401176116,0.03185025003122474,0.2512961739805364
2026.01.08 02:28,102.25293,0.3417818923598759,0.09449367330484007,0.2472882190550358,0.8304330526344188,0.6848781186025528,0.14555493403186603,0.0,0.0,0.3417818923598759,0.09449367330484096,0.24728821905503492
2026.01.08 02:29,102.43065,0.3980035055401885,0.1564328756990241,0.2415706298411644,0.8432459045349106,0.7165516757890243,0.1266942287458862,0.0,0.0,0.3980035055401885,0.15643287569902498,0.2415706298411635
2026.01.08 02:30,102.60497,0.4514219944359894,0.21723972039685424,0.23418227403913516,0.8502401025363753,0.7432893611384945,0.10695074139788074,0.0,0.0,0.4514219944359894,0.21723972039685513,0.23418227403913427
2026.01.08 02:31,102.77467,0.5016669986200384,0.27649373454463533,0.22517326407540306,0.8513645120806501,0.7649043913269257,0.08646012075372445,0.0,0.0,0.5016669986200384,0.2764937345446362,0.22517326407540217
2026.01.08 02:32,102.93856,0.5483895859594554,0.3337848869891288,0.21460469897032663,0.8466079639331952,0.7812451058481796,0.06536285808501552,0.0,0.0,0.5483895859594554,0.33378488698912967,0.21460469897032575
2026.01.08 02:33,103.09551,0.5912663756303971,0.388716709201384,0.20254966642901306,0.8360024298658288,0.7921965706517096,0.04380585921411928,0.0,0.0,0.5912663756303829,0.38871670920138335,0.20254966642899952
2026.01.08 02:34,103.2444,0.6299984886132677,0.44090867452081506,0.18908981409245262,0.8196166987215321,0.7976805962656741,0.021936102455857975,0.0,0.0,0.6299984886132535,0.44090867452081284,0.18908981409244063
2026.01.08 02:35,103.38419,0.6643160302538149,0.489999032824974,0.17431699742884094,0.7975605901752942,0.7976565950475981,-0.00009600487230387866,0.0,-1.0,0.6643160302538007,0.48999903282497176,0.17431699742882895
2026.01.08 02:36,103.5139,0.6939796764935267,0.5356471719896145,0.15833250450391212,0.7699835754969087,0.7921219911374603,-0.022138415640551634,0.0,0.0,0.6939796764935124,0.5356471719896108,0.15833250450390168
2026.01.08 02:37,103.63261,0.7187815682597574,0.5775360248673791,0.14124554339237827,0.7370723444661706,0.7811120618032025,-0.044039717337031825,0.0,0.0,0.7187815682597432,0.5775360248673738,0.1412455433923694
2026.01.08 02:38,103.73949,0.7385480467859082,0.6153743072280147,0.12317373955789357,0.6990519207069781,0.7647000335839576,-0.06564811287697947,0.0,0.0,0.738548046785894,0.6153743072280078,0.12317373955788624
2026.01.08 02:39,103.83377,0.7531390137589682,0.6488984204861235,0.10424059327284474,0.6561806786877327,0.7429961626047127,-0.08681548391698002,0.0,0.0,0.753139013758954,0.6488984204861149,0.10424059327283908
2026.01.08 02:40,103.91479,0.7624510361594048,0.6778744246571642,0.0845766115022406,0.6087525642371787,0.7161474429312059,-0.1073948786940272,0.0,0.0,0.7624510361593906,0.6778744246571541,0.0845766115022365
2026.01.08 02:41,103.98195,0.7664153723858647,0.7020995120378763,0.06431586034798831,0.5570900658946414,0.684335967523893,-0.12724590162925165,0.0,0.0,0.7664153723858504,0.7020995120378646,0.06431586034798586
2026.01.08 02:42,104.03477,0.7650008167526181,0.7214033388292342,0.043597477923383865,0.5015465165037227,0.6477780773198589,-0.1462315608161362,0.0,0.0,0.7650008167526039,0.7214033388292225,0.04359747792338142
2026.01.08 02:43,104.07286,0.7582131071624474,0.7356494075569209,0.02256369960552651,0.4425020381124938,0.6067228694783859,-0.16422083136589216,0.0,0.0,0.7582131071624332,0.7356494075569091,0.022563699605524068
2026.01.08 02:44,104.09593,0.7460948377437973,0.7447359417224745,0.0013588960213227752,0.38036083294484513,0.5614504621716778,-0.1810896292268327,0.0,0.0,0.746094837743783,0.7447359417224627,0.0013588960213203327
2026.01.08 02:45,104.10378,0.7287241726694162,0.7485964412975733,-0.019872268628157053,0.31554664420156087,0.5122696985776545,-0.1967230543760936,-1.0,0.0,0.728724172669402,0.7485964412975616,-0.019872268628159606
2026.01.08 02:46,104.09635,0.70621742171177,0.7472004250144636,-0.040983003302693555,0.24850555649230444,0.4595168701605845,-0.21101131366828008,0.0,0.0,0.7062174217117558,0.7472004250144519,-0.04098300330269611
2026.01.08 02:47,104.07364,0.6787242416542227,0.7405533355553874,-0.061829093901164645,0.17969539605041973,0.40355257533855154,-0.2238571792881318,0.0,0.0,0.6787242416542227,0.7405533355553773,-0.06182909390115454
2026.01.08 02:48,104.03577,0.646428283014771,0.7286965876949211,-0.08226830468015012,0.10958595745265143,0.34475925176137157,-0.23517329430872014,0.0,0.0,0.646428283014771,0.7286965876949125,-0.08226830468014157
2026.01.08 02:49,103.98299,0.6095481070663169,0.7117073733512447,-0.10215926628492777,0.03865965650558678,0.28353933271021464,-0.24487967620462786,0.0,0.0,0.6095481070663311,0.7117073733512392,-0.10215926628490812
2026.01.08 02:50,103.91561,0.5683319224107919,0.6896981011317922,-0.1213661787210003,-0.03259886620261909,0.2203116929276479,-0.252910559130267,0.0,0.0,0.5683319224107919,0.6896981011317883,-0.12136617872099642
2026.01.08 02:51,103.83407,0.5230587073967854,0.6628156445366997,-0.13975693713991433,-0.10370067947359018,0.1555092184474003,-0.2592098979209905,0.0,0.0,0.5230587073967854,0.6628156445366974,-0.139756937139912
2026.01.08 02:52,103.73889,0.4740347502502402,0.6312402715464545,-0.15720552129621423,-0.17415888180711647,0.08957559839649695,-0.26373448020361345,0.0,0.0,0.4740347502502402,0.6312402715464537,-0.15720552129621346
2026.01.08 02:53,103.63068,0.42159142484769063,0.5951843367802204,-0.1735929119325298,-0.2434920501383857,0.022962068689520422,-0.26645411882790615,0.0,0.0,0.42159142484769063,0.5951843367802212,-0.17359291193253057
2026.01.08 02:54,103.51016,0.366084757653681,0.5548910684451387,-0.1888063107914577,-0.31122416157377586,-0.04387517736313884,-0.267348984210637,0.0,0.0,0.366084757653681,0.5548910684451411,-0.18880631079146015
2026.01.08 02:55,103.37812,0.30789161660248965,0.5106326456552186,-0.20274102905272895,-0.37689054554972756,-0.1104782510004566,-0.26641229454927096,0.0,0.0,0.30789161660250386,0.5106326456552241,-0.2027410290527203
2026.01.08 02:56,103.23542,0.2474064876694797,0.4627084507680249,-0.2153019630985452,-0.44004215816902104,-0.1763910324341695,-0.2636511257348515,0.0,0.0,0.2474064876694939,0.46270845076803213,-0.21530196309853822
2026.01.08 02:57,103.083,0.1850395463382739,0.41144303558174744,-0.22640348924347353,-0.500247119515123,-0.24116224985036022,-0.2590848696647628,0.0,0.0,0.18503954633828812,0.4114430355817562,-0.2264034892434681
2026.01.08 02:58,102.92187,0.121214170123352,0.35718370925475135,-0.23596953913139934,-0.5570931085910047,-0.3043484215984891,-0.25274468699251557,0.0,0.0,0.12121417012336622,0.3571837092547601,-0.2359695391313939
2026.01.08 02:59,102.7531,0.05636404152052421,0.30029838915583273,-0.24393434763530852,-0.610190252848156,-0.3655167878484225,-0.24467346499973347,0.0,0.0,0.05636404152053842,0.30029838915584306,-0.24393434763530464
2026.01.08 03:00,102.5778,-0.009070834638620795,0.24117288448523205,-0.25024371912385285,-0.6591756542691058,-0.42424856113255915,-0.2349270931365467,0.0,0.0,-0.009070834638606584,0.241172884485244,-0.25024371912385057
2026.01.08 03:01,102.39714,-0.0746457281007622,0.18020838689067623,-0.2548541149914384,-0.7037132172879268,-0.4801414923636327,-0.2235717249242941,0.0,0.0,-0.07464572810074799,0.18020838689068974,-0.25485411499143773
2026.01.08 03:02,102.2123,-0.13991647678932395,0.11781862004211904,-0.257735096831443,-0.7435000869207897,-0.5328132112750641,-0.21068687564572564,0.0,0.0,-0.13991647678930974,0.11781862004213413,-0.25773509683144386
2026.01.08 03:03,102.02451,-0.20444043685256474,0.054426931763647296,-0.25886736861621207,-0.7782647028238614,-0.5819035095848236,-0.19636119323903778,0.0,0.0,-0.20444043685255053,0.05442693176366396,-0.2588673686162145
2026.01.08 03:04,101.83502,-0.2677796028639108,-0.009536537065952755,-0.258243065797958,-0.8077689586253314,-0.6270765993929253,-0.18069235923240612,0.0,0.0,-0.26777960286388236,-0.009536537065934504,-0.25824306579794787
2026.01.08 03:05,101.64508,-0.329504595005389,-0.0736377684742715,-0.2558668265311175,-0.83181168887225,-0.6680236172887902,-0.16378807158345976,0.0,0.0,-0.32950459500536056,-0.07363776847425167,-0.25586682653110887
2026.01.08 03:06,101.45594,-0.3891976846318528,-0.13744190524873,-0.25175577938312277,-0.8502300938074683,-0.704464912592526,-0.1457651812149423,0.0,0.0,-0.38919768463182436,-0.1374419052487086,-0.2517557793831158
2026.01.08 03:07,101.26885,-0.4464550319502223,-0.20051626103468273,-0.24593877091553956,-0.862899642865699,-0.7361518586471607,-0.12674778421853827,0.0,0.0,-0.4464550319502081,-0.2005162610346613,-0.24593877091554678
2026.01.08 03:08,101.08505,-0.5008890786304221,-0.26243327438478786,-0.23845580424563423,-0.869734296511055,-0.7628683462199396,-0.10686595029111545,0.0,0.0,-0.5008890786304079,-0.26243327438476644,-0.23845580424564145
2026.01.08 03:09,100.90574,-0.5521326299766685,-0.32277347386679317,-0.22935915610987528,-0.8706897262252937,-0.7844326222210105,-0.08625710400428321,0.0,0.0,-0.5521326299766685,-0.32277347386677335,-0.2293591561098951
2026.01.08 03:10,100.7321,-0.5998402257040709,-0.3811284180449386,-0.21871180765913234,-0.8657613945116225,-0.800698376679133,-0.06506301783248947,0.0,0.0,-0.5998402257040567,-0.38112841804491876,-0.21871180765913795
2026.01.08 03:11,100.56527,-0.6436905616647977,-0.43710331636443567,-0.206587245300362,-0.8549847407173274,-0.811555649486772,-0.043429091230555494,0.0,0.0,-0.6436905616647834,-0.4371033163644158,-0.20658724530036765
2026.01.08 03:12,100.40633,-0.6833897073700399,-0.4903199019774885,-0.19306980539255142,-0.8384367780220572,-0.816931875193829,-0.021504902828228145,0.0,0.0,-0.6833897073700257,-0.4903199019774686,-0.19306980539255708
2026.01.08 03:13,100.25633,-0.7186709217274796,-0.5404189374067739,-0.17825198432070566,-0.8162315026350342,-0.8167918006820701,0.0005602980470359453,0.0,1.0,-0.7186709217274654,-0.5404189374067556,-0.17825198432070977
2026.01.08 03:14,100.11622,-0.7492997828710202,-0.5870628471696219,-0.1622369357013983,-0.7885252547510788,-0.8111384914958719,0.022613236744793097,0.0,0.0,-0.7492997828710202,-0.5870628471696067,-0.1622369357014135
2026.01.08 03:15,99.98692,-0.7750722549023408,-0.6299377994218983,-0.14513445548044246,-0.7555089720941766,-0.8000125876155328,0.04450361552135629,0.0,0.0,-0.7750722549023408,-0.6299377994218863,-0.14513445548045445
2026.01.08 03:16,99.86924,-0.7958192087171625,-0.6687560412848916,-0.12706316743227086,-0.7174127670701722,-0.7834926235064608,0.06607985643628855,0.0,0.0,-0.7958192087171625,-0.6687560412848812,-0.1270631674322813
2026.01.08 03:17,99.76392,-0.8114063752818623,-0.7032579631350516,-0.1081484121468107,-0.6745018997060868,-0.7616944787463861,0.08719257904029931,0.0,0.0,-0.8114063752818623,-0.7032579631350429,-0.10814841214681947
2026.01.08 03:18,99.67163,-0.8217339117609583,-0.7332136611110839,-0.08852025064987445,-0.6270725263598393,-0.7347700882690767,0.1076975619092374,0.0,0.0,-0.8217339117609583,-0.733213661111075,-0.08852025064988334
2026.01.08 03:19,99.59294,-0.8267380624296408,-0.7584245318583694,-0.06831353057127132,-0.5754516399688328,-0.702906398609028,0.1274547586401953,0.0,0.0,-0.8267380624296408,-0.7584245318583621,-0.06831353057127865
2026.01.08 03:20,99.52831,-0.8263928464301245,-0.7787247857211835,-0.04766806070894092,-0.519997060091697,-0.6663245309055619,0.14632747081386488,0.0,0.0,-0.8263928464301245,-0.7787247857211779,-0.04766806070894658
2026.01.08 03:21,99.47811,-0.8207093541634833,-0.7939825242537883,-0.026726829909694994,-0.4610931823233386,-0.6252782611891173,0.1641850788657787,0.0,0.0,-0.8207093541634833,-0.7939825242537842,-0.0267268299096991
2026.01.08 03:22,99.44262,-0.8097347735652534,-0.804100730013541,-0.0056340435517123755,-0.39914672220641023,-0.580051953392576,0.18090523118616575,0.0,0.0,-0.8097347735652534,-0.8041007300135384,-0.005634043551714929
2026.01.08 03:23,99.42201,-0.793552811289544,-0.8090177331711548,0.01546492188161075,-0.3345853984815079,-0.5309586424103624,0.19637324392885447,1.0,0.0,-0.793552811289544,-0.8090177331711522,0.015464921881608196
2026.01.08 03:24,99.41635,-0.7722828088081144,-0.8087077947162408,0.03642498590812637,-0.2678544357747228,-0.4783378010832345,0.2104833653085117,0.0,0.0,-0.7722828088081144,-0.8087077947162382,0.03642498590812382
2026.01.08 03:25,99.42559,-0.7460802392422465,-0.8031812425523612,0.057101003310114695,-0.19941589049653885,-0.4225534189658954,0.22313752846935653,0.0,0.0,-0.7460802392422607,-0.8031812425523602,0.057101003310099485
2026.01.08 03:26,99.44959,-0.7151342916992576,-0.7924843443765163,0.0773500526772587,-0.12974287162471398,-0.3639913094976591,0.23424843787294514,0.0,0.0,-0.7151342916992718,-0.7924843443765168,0.07735005267724504
2026.01.08 03:27,99.48812,-0.6796655944311141,-0.7766989757843114,0.09703338135319728,-0.05931463735581133,-0.30305597506928955,0.24374133771347822,0.0,0.0,-0.6796655944311283,-0.7766989757843135,0.09703338135318518
2026.01.08 03:28,99.54081,-0.6399280613073017,-0.7559423089929403,0.11601424768563862,0.011380476829103259,-0.240168684689611,0.25154916151871426,0.0,0.0,-0.6399280613073159,-0.755942308992944,0.11601424768562807
2026.01.08 03:29,99.60724,-0.5962027796711737,-0.7303656349086125,0.13416285523743876,0.08185659208014329,-0.17576362933566017,0.25762022141580343,0.0,0.0,-0.596202779671188,-0.7303656349086177,0.13416285523742977
2026.01.08 03:30,99.68685,-0.5488000914414926,-0.700153494606169,0.1513534031646765,0.1516260294155245,-0.11028569758542324,0.2619117270009477,0.0,0.0,-0.5488000914414926,-0.7001534946061744,0.15135340316468182
2026.01.08 03:31,99.77901,-0.4980553061738817,-0.6655224426737945,0.16746713649991274,0.22020685294738485,-0.04418718747886163,0.2643940404262465,0.0,0.0,-0.4980553061738817,-0.6655224426737997,0.16746713649991796
2026.01.08 03:32,99.88301,-0.4443258555377412,-0.6267194475902608,0.1823935920525196,0.28712703943732265,0.022075657904375226,0.26505138153294744,0.0,0.0,-0.4443258555377412,-0.6267194475902661,0.18239359205252492
2026.01.08 03:33,99.99803,-0.3879912049762311,-0.5840203804978293,0.19602917552159826,0.35192332982582286,0.08804519228866475,0.2638781375371581,0.0,0.0,-0.3879912049762311,-0.5840203804978346,0.19602917552160348
2026.01.08 03:34,100.1232,-0.32944774707218016,-0.537727881367822,0.20828013429564185,0.41414914049541096,0.153265981930014,0.26088315856539696,0.0,0.0,-0.32944774707218016,-0.5377278813678257,0.2082801342956455
2026.01.08 03:35,100.25756,-0.2691077986052335,-0.48816938213515265,0.21906158352991917,0.473374346966537,0.2172876549373186,0.2560866920292184,0.0,0.0,-0.2691077986052335,-0.4881693821351547,0.21906158352992122
2026.01.08 03:36,100.40011,-0.2073946446940198,-0.4356948321643644,0.22830018747034458,0.5291921374726627,0.2796685514443874,0.2495235860282753,0.0,0.0,-0.2073946446940198,-0.4356948321643649,0.22830018747034508
2026.01.08 03:37,100.54975,-0.1447433173311765,-0.38067430505590605,0.23593098772472954,0.581214971682968,0.33997783549210353,0.24123713619086445,0.0,0.0,-0.1447433173311765,-0.38067430505590494,0.23593098772472842
2026.01.08 03:38,100.70537,-0.08159389199182954,-0.3234955397582011,0.24190164776637157,0.6290842937131913,0.3977991271363211,0.2312851665768702,0.0,0.0,-0.08159389199182954,-0.32349553975819845,0.2419016477663689
2026.01.08 03:39,100.86581,-0.018389369096439623,-0.26456101505319524,0.2461716459567556,0.6724710620543703,0.452733514119931,0.21973754793443934,0.0,0.0,-0.018389369096439623,-0.26456101505319257,0.24617164595675295
2026.01.08 03:40,101.02985,0.044425221423864514,-0.20428540087566788,0.2487106222995324,0.7110740955494208,0.504401630405829,0.20667246514359183,0.0,0.0,0.0444252214238503,-0.2042854008756668,0.2487106222995171
2026.01.08 03:41,101.19628,0.1064091288522917,-0.1430926248323309,0.2495017536846226,0.7446282364704047,0.5524469516187441,0.19218128485166053,0.0,0.0,0.1064091288522917,-0.1430926248323298,0.2495017536846215
2026.01.08 03:42,101.36384,0.16712598932923584,-0.08141293657616791,0.24853892590540375,0.7729006408533365,0.5965376894656627,0.17636295138767388,0.0,0.0,0.16712598932923584,-0.08141293657616681,0.24853892590540266
2026.01.08 03:43,101.53128,0.22614864651967537,-0.01968000395485063,0.245828650474526,0.7956958777537153,0.6363693271232732,0.1593265506304421,0.0,0.0,0.22614864651967537,-0.019680003954849527,0.2458286504745249
2026.01.08 03:44,101.69735,0.2830620258396124,0.041672198761243354,0.24138982707836903,0.8128570376364621,0.6716668692259111,0.141190168410551,0.0,0.0,0.2830620258396124,0.04167219876124446,0.24138982707836792
2026.01.08 03:45,101.8608,0.3374652486590435,0.10221218691158372,0.23525306174745975,0.8242654045450877,0.7021865762897465,0.12207882825534122,0.0,0.0,0.3374652486590435,0.10221218691158482,0.23525306174745866
2026.01.08 03:46,102.0204,0.38897472239324316,0.16151419132540812,0.22746053106783504,0.8298419270342094,0.7277176464386391,0.10212428059557033,0.0,0.0,0.38897472239324316,0.16151419132540923,0.22746053106783393
2026.01.08 03:47,102.17494,0.4372263645224166,0.2191608864936577,0.2180654780287589,0.829547017709146,0.7480835206927405,0.08146349701640543,0.0,0.0,0.4372263645224166,0.2191608864936588,0.21806547802875778
2026.01.08 03:48,102.32325,0.48187871816180916,0.274746229522352,0.20713248863945716,0.8233819825451292,0.7631432130632183,0.06023876948191087,0.0,0.0,0.48187871816180916,0.2747462295223531,0.20713248863945605
2026.01.08 03:49,102.4642,0.5226151351936892,0.32787844216344364,0.19473669303024554,0.811388661439338,0.7727923027384422,0.03859635870089573,0.0,0.0,0.522615135193675,0.32787844216344475,0.19473669303023022
2026.01.08 03:50,102.59672,0.5591467994187269,0.37818262778193645,0.18096417163679046,0.7936506210706966,0.7769639664048932,0.016686654665803435,0.0,0.0,0.5591467994187269,0.37818262778193756,0.18096417163678935
2026.01.08 03:51,102.71978,0.5912131825076443,0.42530342702398183,0.1659097554836625,0.770289684808219,0.7756291100855585,-0.005339425277339438,0.0,-1.0,0.5912131825076443,0.42530342702398294,0.16590975548366138
2026.01.08 03:52,102.83242,0.6185844720216807,0.46890740763531574,0.1496770643863649,0.7414663661968603,0.7687965613078189,-0.027330195110958577,0.0,0.0,0.6185844720216807,0.46890740763531685,0.1496770643863638
2026.01.08 03:53,102.93374,0.6410623259483827,0.5086852187585125,0.13237710718987028,0.707377300176276,0.7565127090815105,-0.04913540890523449,0.0,0.0,0.6410623259483827,0.5086852187585136,0.13237710718986917
2026.01.08 03:54,103.02294,0.6584832961080735,0.5443538906972936,0.11412940541077998,0.6682577030915837,0.7388617078835251,-0.0706040047919414,0.0,0.0,0.6584832961080593,0.5443538906972931,0.11412940541076622
2026.01.08 03:55,103.09929,0.670718719496918,0.5756587792643686,0.09505994023254938,0.6243773035171643,0.715964827010253,-0.09158752349308874,0.0,0.0,0.6707187194969038,0.5756587792643665,0.09505994023253728
2026.01.08 03:56,103.16215,0.6776758321861962,0.6023753867825663,0.0753004454036299,0.5760389050323909,0.6879796426146806,-0.11194073758228973,0.0,0.0,0.6776758321861962,0.6023753867825642,0.07530044540363201
2026.01.08 03:57,103.21095,0.679296637487667,0.624310711152106,0.054985926335560986,0.523573132140541,0.6550983405198527,-0.1315252083793117,0.0,0.0,0.679296637487667,0.624310711152104,0.054985926335562985
2026.01.08 03:58,103.24526,0.6755622070259761,0.6413048302445823,0.034257376781393845,0.46734339214965814,0.6175473508458139,-0.15020395869615577,0.0,0.0,0.6755622070259761,0.6413048302445818,0.03425737678139429
2026.01.08 03:59,103.2647,0.6664884258149613,0.6532316776219417,0.013256748193019585,0.4077351094561692,0.575584902567885,-0.16784979311171577,0.0,0.0,0.6664884258149613,0.6532316776219412,0.01325674819302003
2026.01.08 04:00,103.26903,0.6521294413810921,0.6600001508301025,-0.007870709449010471,0.34515981934123374,0.5294998859225547,-0.18434006658132096,-1.0,0.0,0.6521294413810921,0.6600001508301021,-0.007870709449010027
2026.01.08 04:01,103.25809,0.6325751437034768,0.6615546699058577,-0.028979526202380868,0.2800482074443096,0.47960955022690566,-0.19956134278259607,0.0,0.0,0.6325751437034768,0.6615546699058572,-0.028979526202380423
2026.01.08 04:02,103.23183,0.6079511766489105,0.6578756533170274,-0.049924476668116835,0.21284840719732756,0.42625732162099006,-0.2134089144236625,0.0,0.0,0.6079511766489105,0.657875653317027,-0.0499244766681165
2026.01.08 04:03,103.19031,0.5784185394791024,0.6489795692471416,-0.07056102976803924,0.14402374299132248,0.36981060589505654,-0.22578686290373406,0.0,0.0,0.5784185394791024,0.648979569247143,-0.07056102976804057
2026.01.08 04:04,103.13369,0.5441720740101204,0.6349188308597197,-0.09074675684959932,0.07404873243027055,0.31065823120209934,-0.2366094987718288,0.0,0.0,0.5441720740101204,0.6349188308597226,-0.0907467568496022
2026.01.08 04:05,103.06223,0.505438893668213,0.6157813932466104,-0.11034249957839737,0.0034054133455470037,0.2492076676307889,-0.24580225428524188,0.0,0.0,0.505438893668213,0.6157813932466133,-0.11034249957840025
2026.01.08 04:06,102.97629,0.46247678492548516,0.5916902985174791,-0.12921351359199396,-0.06741999079011407,0.1858821359466083,-0.25330212673672237,0.0,0.0,0.46247678492547095,0.5916902985174803,-0.1292135135920094
2026.01.08 04:07,102.87633,0.4155726053130877,0.5628025649938249,-0.14722995968073715,-0.13794006510507018,0.12111769573627261,-0.2590577608413428,0.0,0.0,0.4155726053130735,0.5628025649938245,-0.14722995968075103
2026.01.08 04:08,102.76292,0.3650414947299936,0.5293084615399396,-0.164266966809946,-0.2076674502106215,0.05536066654689379,-0.2630281167575153,0.0,0.0,0.3650414947299936,0.5293084615399393,-0.16426696680994568
2026.01.08 04:09,102.63669,0.3112219466124202,0.4914298510100872,-0.18020790439766698,-0.27612331691040026,-0.010936130144565022,-0.26518718676583525,0.0,0.0,0.3112219466124202,0.4914298510100868,-0.1802079043976666
2026.01.08 04:10,102.4984,0.25447726422271444,0.4494189755122247,-0.19494171128951027,-0.34283360482071146,-0.07731562507979431,-0.2655179797409172,0.0,0.0,0.25447726422272865,0.4494189755122259,-0.19494171128949728
2026.01.08 04:11,102.34884,0.1951884416755405,0.4035564494040725,-0.20836800772853198,-0.4073409183992709,-0.14332068374368964,-0.2640202346555812,0.0,0.0,0.1951884416755405,0.4035564494040737,-0.2083680077285332
2026.01.08 04:12,102.18893,0.13375636199700125,0.35414954079495015,-0.2203931787979489,-0.46919860705911276,-0.20849626840677427,-0.2607023386523385,0.0,0.0,0.13375636199700125,0.3541495407949513,-0.22039317879795006
2026.01.08 04:13,102.01963,0.07059611310927494,0.3015299895837451,-0.23093387647447017,-0.5279795214129308,-0.27239291900800555,-0.25558660240492526,0.0,0.0,0.07059611310927494,0.30152998958374627,-0.23093387647447133
2026.01.08 04:14,101.84196,0.006133968104819587,0.24605166452114582,-0.23991769641632624,-0.583279095960421,-0.3345701543984887,-0.24870894156193235,0.0,0.0,0.006133968104819587,0.24605166452114702,-0.23991769641632743
2026.01.08 04:15,101.657,-0.05919510810213069,0.18808812085141074,-0.24728322895354143,-0.6347171935814799,-0.39459956223508696,-0.24011763134639297,0.0,0.0,-0.05919510810213069,0.1880881208514135,-0.24728322895354418
2026.01.08 04:16,101.4659,-0.12494871358504156,0.12803019652939637,-0.25297891011443796,-0.6819375889319446,-0.45206716757445853,-0.22987042135748603,0.0,0.0,-0.12494871358504156,0.12803019652940073,-0.2529789101144423
2026.01.08 04:17,101.26984,-0.19068126815331254,0.06628322287569569,-0.2569644910290082,-0.724612871813747,-0.5065763084223163,-0.21803656339143074,0.0,0.0,-0.19068126815331254,0.06628322287570004,-0.2569644910290126
2026.01.08 04:18,101.07001,-0.25594898163953417,0.0032642308477007498,-0.25921321248723495,-0.7624500914180885,-0.5577510650214708,-0.20469902639661774,0.0,0.0,-0.25594898163953417,0.0032642308477051074,-0.2592132124872393
2026.01.08 04:19,100.86765,-0.3203105351499289,-0.06060108019370407,-0.25970945495622483,-0.7951882079182724,-0.6052384936008312,-0.18994971431744123,0.0,0.0,-0.3203105351499289,-0.060601080193701286,-0.2597094549562276
2026.01.08 04:20,100.66402,-0.38332997980737105,-0.12488090480291646,-0.2584490750044546,-0.8225998015139453,-0.648710755183454,-0.1738890463304913,0.0,0.0,-0.38332997980737105,-0.12488090480291368,-0.25844907500445735
2026.01.08 04:21,100.46037,-0.444581339811819,-0.18914064944834091,-0.2554406903634781,-0.8444956430921167,-0.6878677327651866,-0.15662791032693002,0.0,0.0,-0.444581339811819,-0.18914064944833817,-0.2554406903634808
2026.01.08 04:22,100.25796,-0.5036505097319974,-0.25294582976403784,-0.2507046799679596,-0.8607239893870684,-0.722438984089563,-0.13828500529750543,0.0,0.0,-0.5036505097319974,-0.25294582976403507,-0.25070467996796236
2026.01.08 04:23,100.05805,-0.5601374034331883,-0.3158648710460387,-0.24427253238714958,-0.8711704386737011,-0.7521852750063907,-0.11898516366731049,0.0,0.0,-0.5601374034331883,-0.31586487104603594,-0.24427253238715235
2026.01.08 04:24,99.86185,-0.6136614665502549,-0.3774722442069414,-0.23618922234331347,-0.875763793438054,-0.7769009786927233,-0.09886281474533065,0.0,0.0,-0.6136614665502549,-0.37747224420693865,-0.23618922234331624
2026.01.08 04:25,99.67058,-0.6638609864676255,-0.43735138563833964,-0.22650960082928584,-0.8744703007334067,-0.79641484310086,-0.07805545763254673,0.0,0.0,-0.6638609864676255,-0.43735138563833686,-0.22650960082928862
2026.01.08 04:26,99.4854,-0.7103979210300508,-0.4950976804024217,-0.21530024062762915,-0.8672983510085004,-0.810591544682388,-0.05670680632611236,0.0,0.0,-0.7103979210300508,-0.4950976804024189,-0.21530024062763192
2026.01.08 04:27,99.30745,-0.7529582210885764,-0.550320929230093,-0.20263729185848334,-0.8542946844805357,-0.8193321726420175,-0.03496251183851817,0.0,0.0,-0.7529582210885764,-0.5503209292300902,-0.2026372918584861
2026.01.08 04:28,99.13779,-0.791256596107786,-0.6026482693365216,-0.18860832677126438,-0.8355489215080354,-0.8225755224152211,-0.012973399092814253,0.0,0.0,-0.791256596107786,-0.6026482693365188,-0.18860832677126715
2026.01.08 04:29,98.97745,-0.8250359315660631,-0.6517267084208207,-0.17330922314524244,-0.8111881234767395,-0.8202980426275248,0.009109919150785295,0.0,1.0,-0.8250359315660631,-0.6517267084208179,-0.17330922314524522
2026.01.08 04:30,98.82738,-0.8540705000126678,-0.6972255039986928,-0.15684499601397506,-0.7813787078620038,-0.8125141756744206,0.031135467812416828,0.0,0.0,-0.854070500012682,-0.6972255039986917,-0.15684499601399038
2026.01.08 04:31,98.68847,-0.8781665237242464,-0.738838394442276,-0.13932812928197047,-0.7463234656325852,-0.7992760336660536,0.05295256803346837,0.0,0.0,-0.8781665237242748,-0.738838394442278,-0.1393281292819969
2026.01.08 04:32,98.56151,-0.8971654423162363,-0.7762859543181702,-0.12087948799806614,-0.7062637187585494,-0.7806735706845529,0.07440985192600347,0.0,0.0,-0.8971654423162647,-0.7762859543181754,-0.12087948799808934
2026.01.08 04:33,98.44723,-0.9109428806169007,-0.8093172225477975,-0.10162565806910318,-0.6614736222685451,-0.7568335810013515,0.09535995873280634,0.0,0.0,-0.9109428806169007,-0.8093172225478027,-0.10162565806909796
2026.01.08 04:34,98.34627,-0.9194098436089604,-0.8377115400079458,-0.0816983036010146,-0.6122590607069753,-0.7279186769424764,0.11565961623550103,0.0,0.0,-0.9194098436089604,-0.837711540007951,-0.08169830360100938
2026.01.08 04:35,98.25916,-0.9225148448864218,-0.8612800871030981,-0.06123475778332366,-0.5589583213243117,-0.6941266058188434,0.13516828449453178,0.0,0.0,-0.9225148448864218,-0.8612800871031033,-0.06123475778331844
2026.01.08 04:36,98.18635,-0.9202427536378508,-0.8798672573863509,-0.04037549625149994,-0.5019368738179395,-0.6556886594186627,0.15375178560072322,0.0,0.0,-0.9202427536378508,-0.8798672573863561,-0.040375496251494725
2026.01.08 04:37,98.1282,-0.912614274697944,-0.8933514438963684,-0.019262830801575537,-0.4415838559448986,-0.6128676987239099,0.17128384277901132,0.0,0.0,-0.912614274697944,-0.8933514438963736,-0.01926283080157043
2026.01.08 04:38,98.08493,-0.8996891214008684,-0.9016462427669024,0.001957121366033987,-0.37831548764660283,-0.5659572565084485,0.1876417688618457,1.0,0.0,-0.8996891214008684,-0.9016462427669075,0.001957121366039094
2026.01.08 04:39,98.05671,-0.8815608774057182,-0.904700729143908,0.023139851738189776,-0.31256336034118704,-0.5152784772749963,0.20271511693380928,0.0,0.0,-0.8815608774057182,-0.9047007291439115,0.02313985173819333
2026.01.08 04:40,100.0,-0.7022912745331098,-0.8851590347893372,0.18286776025622742,0.03178777139609679,-0.4058652275407777,0.4376529989368745,0.0,0.0,-0.7022912745331098,-0.8851590347893377,0.18286776025622786
2026.01.08 04:41,100.0,-0.553834562601196,-0.8470111592654439,0.2931765966642479,0.28338664143565495,-0.26801485374549117,0.5514014951811461,0.0,0.0,-0.553834562601196,-0.8470111592654411,0.2931765966642451
2026.01.08 04:42,100.0,-0.43121081892118696,-0.7937075968548091,0.3624967779336221,0.46195336423210165,-0.12202121014997261,0.5839745743820742,0.0,0.0,-0.43121081892118696,-0.7937075968548063,0.36249677793361934
2026.01.08 04:43,100.0,-0.33022400186224843,-0.7282425033273966,0.39801850146514817,0.5834028699265303,0.019063605865327973,0.5643392640612024,0.0,0.0,-0.33022400186224843,-0.7282425033273938,0.3980185014651454
2026.01.08 04:44,100.0,-0.24734003975781604,-0.6532230805353293,0.40588304077751325,0.6605426922422026,0.1473594231407029,0.5131832691014997,0.0,0.0,-0.24734003975781604,-0.6532230805353265,0.4058830407775105
2026.01.08 04:45,100.0,-0.17958377269870596,-0.5709276382087576,0.3913438655100516,0.7036466789122073,0.2586168742950038,0.44502980461720354,0.0,0.0,-0.17958377269870596,-0.5709276382087549,0.39134386551004896
2026.01.08 04:46,100.0,-0.124451839558958,-0.4833540343044258,0.3589021947454678,0.7209262377413239,0.35107874698426783,0.3698474907570561,0.0,0.0,-0.124451839558958,-0.4833540343044231,0.3589021947454651
2026.01.08 04:47,100.0,-0.07983905046589257,-0.3922595819783174,0.3124205315124248,0.71891702211758,0.4246464020109303,0.2942706201066497,0.0,0.0,-0.07983905046589257,-0.3922595819783147,0.3124205315124221
2026.01.08 04:48,100.0,-0.04397616384920866,-0.2991946138053719,0.2552184499561632,0.7027958799221068,0.4802762975931656,0.2225195823289412,0.0,0.0,-0.04397616384920866,-0.29919461380536916,0.2552184499561605
2026.01.08 04:49,100.0,-0.015377307795120032,-0.22287083972337302,0.20749353192825298,0.6766403334919886,0.5195491047729303,0.15709122871905834,0.0,0.0,-0.015377307795120032,-0.2228708397233703,0.20749353192825026
2026.01.08 04:50,100.0,0.007204443333250765,-0.16053317239732337,0.16773761573057414,0.6436407373946622,0.5443674312972767,0.0992733060973855,0.0,0.0,0.007204443333250765,-0.16053317239732065,0.16773761573057142
2026.01.08 04:51,100.0,0.024814596572468872,-0.10986368178691716,0.13467827835938603,0.6062735018329874,0.5567486454044189,0.04952485642856852,0.0,0.0,0.024814596572468872,-0.10986368178691445,0.13467827835938334
2026.01.08 04:52,100.0,0.03832893775337709,-0.06891335516295877,0.10724229291633586,0.5664423113662167,0.5586873785967785,0.007754932769438172,0.0,0.0,0.03832893775337709,-0.06891335516295606,0.10724229291633315
2026.01.08 04:53,100.0,0.04848029978681723,-0.036044428546888406,0.08452472833370564,0.5255930604017607,0.552068514957775,-0.0264754545560143,0.0,-1.0,0.04848029978681723,-0.03604442854688569,0.08452472833370292
2026.01.08 04:54,100.0,0.05588116406046595,-0.009881657795869307,0.06576282185633525,0.48480722622223027,0.5386162572106661,-0.05380903098843581,0.0,0.0,0.05588116406046595,-0.009881657795866595,0.06576282185633255
2026.01.08 04:55,100.0,0.061042739613199615,0.010728851001037095,0.050313888612162516,0.44487757191747335,0.5198685201520276,-0.07499094823455421,0.0,0.0,0.061042739613199615,0.010728851001039806,0.05031388861215981
2026.01.08 04:56,100.0,0.0643910653070634,0.026754419420254427,0.03763664588680897,0.4063693861798754,0.4971686933575971,-0.09079930717772172,0.0,0.0,0.0643910653070634,0.026754419420257136,0.037636645886806264
2026.01.08 04:57,100.0,0.06628059608935644,0.03900517052453944,0.027275425564816998,0.369669900118339,0.4716689347097455,-0.10199903459140652,0.0,0.0,0.06628059608935644,0.039005170524542145,0.02727542556481429
2026.01.08 04:58,100.0,0.06700566327104696,0.048158833976335774,0.01884682929471118,0.33502805279456993,0.4443407583267104,-0.10931270553214045,0.0,0.0,0.06700566327104696,0.04815883397633848,0.018846829294708475
2026.01.08 04:59,100.0,0.06681013854705498,0.054781689000091796,0.01202844954696318,0.3025863902490755,0.4159898847111834,-0.1134034944621079,0.0,0.0,0.06681013854705498,0.0547816890000945,0.012028449546960474
2026.01.08 05:00,100.0,0.06589558056049327,0.05934624277653895,0.00654933778395432,0.27240656338170766,0.3872732204452883,-0.11486665706358062,0.0,0.0,0.06589558056049327,0.05934624277654166,0.006549337783951614
2026.01.08 05:01,100.0,0.06442809973843566,0.06224614966376768,0.002181950074667982,0.24448962657039885,0.35871650167031044,-0.11422687509991158,0.0,0.0,0.06442809973843566,0.062246149663770386,0.002181950074665276
2026.01.08 05:02,100.0,0.06254414069279335,0.06380879865332058,-0.0012646579605272296,0.21879212171668883,0.33073162567958614,-0.11193950396289731,-1.0,0.0,0.06254414069279335,0.06380879865332328,-0.0012646579605299357
2026.01.08 05:03,100.0,0.06035535066337161,0.06430593049808787,-0.003950579834716264,0.1952387534978044,0.3036330512432298,-0.10839429774542542,0.0,0.0,0.06035535066337161,0.06430593049809058,-0.00395057983471897
2026.01.08 05:04,100.0,0.05795267641624946,0.06396259014287119,-0.006009913726621727,0.17373231435331604,0.27765290386524705,-0.103920589511931,0.0,0.0,0.05795267641624946,0.0639625901428739,-0.006009913726624447
2026.01.08 05:05,100.0,0.055409809967173373,0.0629646728828834,-0.007554862915710031,0.15416139663948059,0.25295460242009377,-0.09879320578061318,0.0,0.0,0.055409809967173373,0.06296467288288612,-0.007554862915712751
2026.01.08 05:06,100.0,0.052786084857871174,0.06146528274605171,-0.008679197888180536,0.13640632989060464,0.22964494791419593,-0.09323861802359129,0.0,0.0,0.052786084857871174,0.06146528274605442,-0.008679197888183249
2026.01.08 05:07,100.0,0.05012890894765576,0.059590087821230465,-0.009461178873574706,0.12034369945885715,0.2077846982231282,-0.08744099876427106,0.0,0.0,0.05012890894765576,0.05959008782123318,-0.00946117887357742
2026.01.08 05:08,100.0,0.04747580635191184,0.05744182868843679,-0.009966022336524945,0.10584973583921453,0.18739770574634548,-0.08154796990713095,0.0,0.0,0.04747580635191184,0.0574418286884395,-0.009966022336527658
2026.01.08 05:09,100.0,0.044856129886866825,0.05510411194692274,-0.010247982060055914,0.09280280913733918,0.16847872642454423,-0.07567591728720505,0.0,0.0,0.044856129886866825,0.05510411194692545,-0.010247982060058627
2026.01.08 05:10,100.0,0.04229249584858508,0.05264460040360601,-0.010352104555020933,0.08108521826667925,0.15100002479297123,-0.06991480652629198,0.0,0.0,0.04229249584858508,0.052644600403608716,-0.010352104555023639
2026.01.08 05:11,100.0,0.039801984897238185,0.05011769420409988,-0.010315709306861695,0.07058442780177643,0.13491690539473228,-0.06433247759295585,0.0,0.0,0.039801984897238185,0.050117694204102586,-0.010315709306864401
2026.01.08 05:12,100.0,0.03739714600490629,0.04756678257538151,-0.010169636570475218,0.06119387550306499,0.12017229941639883,-0.05897842391333384,0.0,0.0,0.03739714600490629,0.04756678257538422,-0.010169636570477932
2026.01.08 05:13,100.0,0.03508683466755258,0.04502613349219296,-0.009939298824640383,0.052813449163437554,0.10670052936580658,-0.05388708020236903,0.0,0.0,0.03508683466755258,0.045026133492195676,-0.009939298824643096
2026.01.08 05:14,100.0,0.03287691171472318,0.04252247813080961,-0.00964556641608643,0.045349711610271015,0.09443036581469948,-0.04908065420442846,0.0,0.0,0.03287691171472318,0.04252247813081232,-0.009645566416089144
2026.01.08 05:15,100.0,0.030770824937278007,0.04007633813963259,-0.009305513202354586,0.03871593661004624,0.08328747997376884,-0.0445715433637226,0.0,0.0,0.030770824937278007,0.040076338139635306,-0.009305513202357299
2026.01.08 05:16,100.0,0.02877009227759686,0.03770313628740383,-0.008933044009806969,0.03283200539003417,0.07319638505702192,-0.04036437966698775,0.0,0.0,0.02877009227759686,0.03770313628740654,-0.008933044009809682
2026.01.08 05:17,100.0,0.02687470239007439,0.035414124736088556,-0.008539422346014167,0.027624202956189947,0.06408194863685553,-0.03645774568066558,0.0,0.0,0.02687470239007439,0.03541412473609126,-0.008539422346016873
2026.01.08 05:18,100.0,0.025083445898246737,0.0332171598484641,-0.008133713950217364,0.02302494489092055,0.05587054788766853,-0.03284560299674798,0.0,0.0,0.025083445898246737,0.033217159848466814,-0.008133713950220077
2026.01.08 05:19,100.0,0.023394188579601405,0.031117347929688136,-0.007723159350086731,0.01897245848292073,0.048490930006718974,-0.029518471523798245,0.0,0.0,0.023394188579601405,0.03111734792969085,-0.007723159350089444
2026.01.08 05:20,100.0,0.02180409593873378,0.029117582489854313,-0.007313486551120532,0.015410436564124552,0.04187483131820009,-0.02646439475407554,0.0,0.0,0.02180409593873378,0.029117582489857026,-0.007313486551123245
2026.01.08 05:21,100.0,0.020309817135327535,0.02721899039323445,-0.006909173257906916,0.012287678053695572,0.03595740066529919,-0.02366972261160362,0.0,0.0,0.020309817135327535,0.027218990393237164,-0.006909173257909629
2026.01.08 05:22,100.0,0.01890763497158332,0.025421301538126755,-0.006513666566543435,0.009557725727304955,0.030677465677700345,-0.02111973995039539,0.0,0.0,0.01890763497158332,0.02542130153812947,-0.006513666566546148
2026.01.08 05:23,100.0,0.017593587578645042,0.02372315441189585,-0.006129566833250808,0.007178508972273789,0.025977674336615034,-0.018799165364341244,0.0,0.0,0.017593587578645042,0.023723154411898564,-0.006129566833253521
2026.01.08 05:24,100.0,0.016363566543404318,0.02212234792368766,-0.005758781380283344,0.005111997116657108,0.02180453889262345,-0.01669254177596634,0.0,0.0,0.016363566543404318,0.022122347923690375,-0.005758781380286057
2026.01.08 05:25,100.0,0.015213395458317791,0.020616048277101097,-0.005402652818783306,0.003323867218369969,0.018108404557772753,-0.014784537339402784,0.0,0.0,0.015213395458317791,0.020616048277103814,-0.0054026528187860225
2026.01.08 05:26,100.0,0.01413889223829301,0.0192009582602365,-0.005062066021943489,0.001783188879443287,0.014843361422106861,-0.013060172542663574,0.0,0.0,0.01413889223829301,0.019200958260239216,-0.005062066021946206
2026.01.08 05:27,100.0,0.013135918009055558,0.01787345516143748,-0.004737537152381923,0.0004621276307403832,0.011967114663833565,-0.011504987033093182,0.0,0.0,0.013135918009055558,0.017873455161440194,-0.004737537152384636
2026.01.08 05:28,100.0,0.012200414917671765,0.016629702532334187,-0.004429287614662422,-0.0006643323427084624,0.009440825262525161,-0.010105157605233624,0.0,0.0,0.012200414917671765,0.016629702532336903,-0.004429287614665139
2026.01.08 05:29,100.0,0.011328434832762468,0.015465740187226263,-0.004137305354463794,-0.0016186459491933647,0.007228931020181456,-0.008847576969374821,0.0,0.0,0.011328434832762468,0.01546574018722898,-0.004137305354466511
2026.01.08 05:30,100.0,0.010516160580110068,0.014377556125535432,-0.0038613955454253647,-0.0024209456541512964,0.0052989556853149065,-0.007719901339466203,0.0,0.0,0.010516160580110068,0.014377556125538149,-0.0038613955454280813
2026.01.08 05:31,100.0,0.009759921087805878,0.013361143471782383,-0.0036012223839765045,-0.0030892612139723497,0.003621312305457456,-0.006710573519429806,0.0,0.0,0.009759921087805878,0.0133611434717851,-0.003601222383979221
2026.01.08 05:32,100.0,0.00905620158714271,0.012412545028282124,-0.0033563434411394144,-0.0036397214497156938,0.002169105554422826,-0.00580882700413852,0.0,0.0,0.00905620158714271,0.01241254502828484,-0.003356343441142131
2026.01.08 05:33,100.0,0.008401649823511548,0.011527887614960704,-0.0031262377914491567,-0.004086738972901571,0.0009179366489579467,-0.005004675621859518,0.0,0.0,0.008401649823511548,0.011527887614963421,-0.0031262377914518732
2026.01.08 05:34,100.0,0.007793079070552267,0.01070340801632009,-0.0029103289457678237,-0.00444317886274348,-0.00015428645338233862,-0.004288892409361141,0.0,0.0,0.007793079070552267,0.010703408016322809,-0.002910328945770542
2026.01.08 05:35,100.0,0.0072274686051656545,0.009935472057083717,-0.0027080034519180625,-0.004720512337371474,-0.001067531630180166,-0.0036529807071913082,0.0,0.0,0.0072274686051656545,0.009935472057086435,-0.002708003451920781
2026.01.08 05:36,100.0,0.006701962188074617,0.009220588076974724,-0.0025186258889001063,-0.004928956473108315,-0.0018398165987657958,-0.003089139874342519,0.0,0.0,0.006701962188074617,0.009220588076977442,-0.0025186258889028246
2026.01.08 05:37,100.0,0.00621386499875598,0.00855541586376186,-0.002341550865005879,-0.005077601013809385,-0.0024873734817745137,-0.0025902275320348715,0.0,0.0,0.00621386499875598,0.008555415863764577,-0.0023415508650085973
2026.01.08 05:38,100.0,0.005760639394608802,0.00793677192618923,-0.002176132531580428,-0.005174523282434507,-0.0030248034419065126,-0.002149719840527994,0.0,0.0,0.005760639394608802,0.007936771926191947,-0.0021761325315831446
2026.01.08 05:39,100.0,0.005339899797121461,0.007361631839190496,-0.002021732042069035,-0.005226892165921981,-0.0034652211867096066,-0.0017616709792123747,0.0,0.0,0.005339899797121461,0.007361631839193213,-0.0020217320420717515
2026.01.08 05:40,100.0,0.004949406952391655,0.006827130268588916,-0.0018777233161972606,-0.005241062094967219,-0.0038203893683611293,-0.00142067272660609,0.0,0.0,0.004949406952391655,0.006827130268591632,-0.0018777233161999772
2026.01.08 05:41,100.0,0.0045870617668981595,0.006330559177450633,-0.0017434974105524732,-0.0052226578866623186,-0.004100843072021367,-0.0011218148146409515,0.0,0.0,0.0045870617668981595,0.006330559177453349,-0.0017434974105551898
2026.01.08 05:42,100.0,0.004250898880641785,0.0058693646282428815,-0.0016184657476010968,-0.00517665126102429,-0.004316004709821952,-0.0008606465512023377,0.0,0.0,0.004250898880641785,0.005869364628245598,-0.0016184657476038134
2026.01.08 05:43,100.0,0.003939080107855375,0.0054411425212765605,-0.0015020624134211855,-0.005107429785624618,-0.004474289724982485,-0.0006331400606421327,0.0,0.0,0.003939080107855375,0.005441142521279276,-0.0015020624134239012
2026.01.08 05:44,100.0,0.003649887848752087,0.00504363354834172,-0.0013937456995896328,-0.0050188589458883826,-0.004583203569163665,-0.00043565537672471746,0.0,0.0,0.003649887848752087,0.0050436335483444355,-0.0013937456995923485
2026.01.08 05:45,100.0,0.0033817185534559258,0.004674717588939643,-0.001292999035483717,-0.00491433798423202,-0.004649430452177337,-0.0002649075320546833,0.0,0.0,0.0033817185534559258,0.0046747175889423585,-0.0012929990354864328
2026.01.08 05:46,100.0,0.003133076301551796,0.004332407733694733,-0.0011993314321429374,-0.004796850097861238,-0.004678914381314117,-0.00011793571654712155,0.0,0.0,0.003133076301551796,0.00433240773369745,-0.001199331432145654
2026.01.08 05:47,100.0,0.0029025665451882787,0.0040148440837591195,-0.0011122775385708408,-0.004669007535923697,-0.004676933012236033,0.0000079254763123357,0.0,1.0,0.0029025665451882787,0.004014844083761836,-0.0011122775385735573
2026.01.08 05:48,100.0,0.0026888900518002856,0.0037202874453901,-0.0010313973935898143,-0.004533092089232582,-0.004648164827635343,0.00011507273840276073,0.0,0.0,0.0026888900518002856,0.0037202874453928165,-0.0010313973935925308
2026.01.08 05:49,100.0,0.0024908370720595485,0.003447113014242088,-0.0009562759421825394,-0.004391091422093041,-0.004596750146526883,0.00020565872443384196,0.0,0.0,0.0024908370720595485,0.0034471130142448045,-0.000956275942185256
2026.01.08 05:50,100.0,0.002307281750944412,0.0031938041235805605,-0.0008865223726361483,-0.004244731654935663,-0.004526346448208639,0.0002816147932729763,0.0,0.0,0.002307281750944412,0.003193804123583277,-0.0008865223726388649
2026.01.08 05:51,100.0,0.002137176792786022,0.002958946113818809,-0.0008217693210327871,-0.004095506568830842,-0.00444017847233308,0.0003446719035022378,0.0,0.0,0.002137176792786022,0.0029589461138215256,-0.0008217693210355037
2026.01.08 05:52,100.0,0.0019795483863305208,0.002741220366982714,-0.0007616719806521934,-0.003944703767885471,-0.004341083531443558,0.00039637976355808707,0.0,0.0,0.0019795483863305208,0.0027412203669854307,-0.0007616719806549099
2026.01.08 05:53,100.0,0.001833491391124653,0.0025393985383574437,-0.0007059071472327906,-0.003793428104458485,-0.004231552446046544,0.00043812434158805886,0.0,0.0,0.001833491391124653,0.0025393985383601603,-0.0007059071472355072
2026.01.08 05:54,100.0,0.001698164783576317,0.0023523370083708204,-0.0006541722247945035,-0.003642622641990556,-0.004113766485235346,0.0004711438432447902,0.0,0.0,0.001698164783576317,0.002352337008373537,-0.0006541722247972201
2026.01.08 05:55,100.0,0.0015727873584694407,0.0021789715702505586,-0.0006061842117811179,-0.0034930874041521065,-0.003989630669018699,0.0004965432648665925,0.0,0.0,0.0015727873584694407,0.002178971570253275,-0.0006061842117838345
2026.01.08 05:56,100.0,0.0014566336794530343,0.0020183123629466428,-0.0005616786834936084,-0.0033454961349690393,-0.003860803762208767,0.0005153076272397276,0.0,0.0,0.0014566336794530343,0.0020183123629493593,-0.000561678683496325
2026.01.08 05:57,100.0,0.00134903027077371,0.0018694390539436899,-0.0005204087831699798,-0.003200411272203496,-0.003728725264207713,0.0005283139920042169,0.0,0.0,0.00134903027077371,0.0018694390539464065,-0.0005204087831726964
2026.01.08 05:58,100.0,0.0012493520415119974,0.0017314962727717398,-0.00048214423125974236,-0.0030582973163149063,-0.003594639674629152,0.0005363423583142459,0.0,0.0,0.0012493520415119974,0.0017314962727744564,-0.00048214423126245894
2026.01.08 05:59,100.0,0.0011570189326448599,0.0016036892929606784,-0.00044667036031581855,-0.00291953275929302,-0.003459618291561926,0.0005400855322689061,0.0,0.0,0.0011570189326448599,0.001603689292963395,-0.00044667036031853513
2026.01.08 06:00,100.0,0.0010714927768873395,0.0014852799578608249,-0.0004137871809734854,-0.0027844207216389805,-0.0033245787775773366,0.0005401580559383562,0.0,0.0,0.0010714927768873395,0.0014852799578635415,-0.000413787180976202
2026.01.08 06:01,100.0,0.000992274361109935,0.0013755828439474265,-0.0003833084828374915,-0.0026531984301954026,-0.0031903027081009497,0.0005371042779055472,0.0,0.0,0.000992274361109935,0.001375582843950143,-0.0003833084828402081
2026.01.08 06:02,100.0,0.0009189006808156819,0.0012739616539130963,-0.0003550609730974144,-0.0025260456569782264,-0.003057451297876405,0.0005314056408981787,0.0,0.0,0.0009189006808156819,0.0012739616539158129,-0.000355060973100131
2026.01.08 06:03,100.0,0.0008509423765303836,0.0011798258309079926,-0.00032888345437760897,-0.0024030922263165166,-0.0029265794835644275,0.0005234872572479109,0.0,0.0,0.0008509423765303836,0.0011798258309107092,-0.00032888345438032555
2026.01.08 06:04,100.0,0.0007880013418173348,0.0010926273846133142,-0.00030462604279597933,-0.0022844246875592944,-0.002798148524363401,0.0005137238368041067,0.0,0.0,0.0007880013418173348,0.0010926273846160307,-0.0003046260427986959
2026.01.08 06:05,100.0,0.000729708493068415,0.0010118579194594677,-0.00028214942639105266,-0.002170092240035615,-0.002672537267497844,0.0005024450274622293,0.0,0.0,0.000729708493068415,0.001011857919462184,-0.000282149426393769
2026.01.08 06:06,100.0,0.0006757216914223818,0.0009370458550870979,-0.00026132416366471606,-0.0020601119887118102,-0.0025500522117406377,0.0004899402230288275,0.0,0.0,0.0006757216914223818,0.0009370458550898143,-0.00026132416366743253
2026.01.08 06:07,100.0,0.0006257238076017302,0.0008677538290970682,-0.00024203002149533802,-0.001954473600576989,-0.0024309364895079085,0.0004764628889309193,0.0,0.0,0.0006257238076017302,0.0008677538290997847,-0.0002420300214980545
2026.01.08 06:08,100.0,0.0005794209207579115,0.0008035762722207406,-0.00022415535146282908,-0.001853143425009307,-0.0023153778766081884,0.0004622344515988813,0.0,0.0,0.0005794209207579115,0.0008035762722234571,-0.00022415535146554555
2026.01.08 06:09,100.0,0.0005365406427983999,0.0007441371462108584,-0.00020759650341245852,-0.001756068134824318,-0.002203515928251414,0.0004474477934270963,0.0,0.0,0.0005365406427983999,0.0007441371462135749,-0.000207596503415175
2026.01.08 06:10,100.0,0.0004968305601380507,0.0006890878349917601,-0.00019225727485370939,-0.0016631779387950019,-0.002095448330360132,0.00043227039156512994,0.0,0.0,0.0004968305601380507,0.0006890878349944766,-0.00019225727485642585
2026.01.08 06:11,100.0,0.00046005678530036676,0.0006381051799345029,-0.00017804839463413612,-0.0015743894112318912,-0.001991236546534484,0.0004168471353025926,0.0,0.0,0.00046005678530036676,0.0006381051799372193,-0.0001780483946368526
2026.01.08 06:12,100.0,0.00042600261087955005,0.0005908896504177436,-0.00016488703953819353,-0.001489607979905827,-0.0018909108332087526,0.0004013028533029256,0.0,0.0,0.00042600261087955005,0.00059088965042046,-0.00016488703954091
2026.01.08 06:13,100.0,0.00039446725928371507,0.0005471636412473414,-0.00015269638196362633,-0.0014087301087499782,-0.001794474688316998,0.00038574457956701974,0.0,0.0,0.00039446725928371507,0.0005471636412500579,-0.0001526963819663428
2026.01.08 06:14,100.0,0.0003652647216085825,0.0005066698888629155,-0.00014140516725433304,-0.0013316452086371555,-0.0017019087923810295,0.000370263583743874,0.0,0.0,0.0003652647216085825,0.0005066698888656321,-0.00014140516725704962
2026.01.08 06:15,100.0,0.0003382226795878296,0.0004691699986590764,-0.00013094731907124682,-0.0012582373056346796,-0.0016131744950317597,0.0003549371893970801,0.0,0.0,0.0003382226795878296,0.00046916999866179293,-0.00013094731907396334
2026.01.08 06:16,100.0,0.0003131815050210207,0.0004344430761501087,-0.00012126157112908798,-0.0011883864934532085,-0.0015282168947160497,0.00033983040126284126,0.0,0.0,0.0003131815050210207,0.0004344430761528252,-0.0001212615711318045
2026.01.08 06:17,100.0,0.00028999333115109494,0.00040228445508268463,-0.0001122911239315897,-0.0011219701937648097,-0.0014469675545258018,0.0003249973607609921,0.0,0.0,0.00028999333115109494,0.00040228445508540115,-0.00011229112393430622
2026.01.08 06:18,100.0,0.00026852119115972073,0.0003725045160117203,-0.00010398332485199956,-0.0010588642457634023,-0.0013693468927733219,0.00031048264700991954,0.0,0.0,0.00026852119115972073,0.00037250451601443676,-0.00010398332485471603
2026.01.08 06:19,100.0,0.0002486382189061942,0.0003449275892081807,-0.0000962893703019865,-0.0009989438442516985,-0.0012952662830689973,0.0002963224388172988,0.0,0.0,0.0002486382189061942,0.00034492758921089717,-0.00009628937030470297
2026.01.08 06:20,100.0,0.00023022690766083542,0.00031939093613712167,-0.00008916402847628625,-0.000942084342995031,-0.001224629895054204,0.00028254555205917305,0.0,0.0,0.00023022690766083542,0.00031939093613983814,-0.00008916402847900271
2026.01.08 06:21,100.0,0.00021317842269752418,0.00029574380411689655,-0.00008256538141937237,-0.0008881619391303275,-0.0011573363038694289,0.0002691743647391014,0.0,0.0,0.00021317842269752418,0.000295743804119613,-0.00008256538142208884
2026.01.08 06:22,100.0,0.00019739196385160085,0.00027384654906888385,-0.000076454585217283,-0.0008370542521163316,-0.0010932798935188095,0.0002562256414024779,0.0,0.0,0.00019739196385160085,0.00027384654907160037,-0.00007645458521999952
2026.01.08 06:23,100.0,0.00018277417456147305,0.000253569821619205,-0.00007079564705773196,-0.0007886408094748276,-0.0010323520767100132,0.00024371126723518556,0.0,0.0,0.00018277417456147305,0.0002535698216219215,-0.00007079564706044848
2026.01.08 06:24,100.0,0.00016923859408279895,0.00023479381211864605,-0.0000655552180358471,-0.0007428034504499692,-0.0009744423514580045,0.00023163890100803526,0.0,0.0,0.00016923859408279895,0.00023479381212136255,-0.0000655552180385636
2026.01.08 06:25,100.0,0.0001567051496209615,0.00021740755040752837,-0.000060702400786566874,-0.0006994266574480434,-0.0009194392126560124,0.0002200125552079689,0.0,0.0,0.0001567051496209615,0.00021740755041024486,-0.00006070240078928337
2026.01.08 06:26,100.0,0.00014509968572440357,0.00020130825647122932,-0.00005620857074682575,-0.0006583978237699739,-0.0008672309348788047,0.00020883311110883075,0.0,0.0,0.00014509968572440357,0.00020130825647394582,-0.00005620857074954225
2026.01.08 06:27,100.0,0.00013435352813928603,0.00018640073835784769,-0.00005204721021856166,-0.0006196074657225381,-0.0008177062410475514,0.00019809877532501324,0.0,0.0,0.00013435352813928603,0.00018640073836056418,-0.000052047210221278155
2026.01.08 06:28,100.0,0.0001244030795675144,0.00017259683398688325,-0.00004819375441936886,-0.0005829493859721424,-0.0007707548700324696,0.00018780548406032718,0.0,0.0,0.0001244030795675144,0.00017259683398959978,-0.00004819375442208538
2026.01.08 06:29,100.0,0.0001151894451680846,0.00015981489370991094,-0.000044625448541826335,-0.00054832079455025,-0.0007262680549360257,0.0001779472603857758,0.0,0.0,0.0001151894451680846,0.00015981489371262746,-0.00004462544854454286
2026.01.08 06:30,100.0,0.0001066580854995891,0.00014797930068791815,-0.00004132121518832905,-0.0005156223927684778,-0.0006841389225025163,0.0001685165297340385,0.0,0.0,0.0001066580854995891,0.00014797930069063468,-0.00004132121519104557
2026.01.08 06:31,100.0,0.00009875849504226153,0.00013702002637576934,-0.00003826153133350781,-0.0004847584251876924,-0.0006442628230395515,0.00015950439785185908,0.0,0.0,0.00009875849504226153,0.00013702002637848586,-0.00003826153133622433
2026.01.08 06:32,100.0,0.00009144390429582927,0.0001268722185684756,-0.00003542831427264632,-0.00045563670414594526,-0.0006065375992608303,0.00015090089511488503,0.0,0.0,0.00009144390429582927,0.0001268722185711921,-0.00003542831427536284
2026.01.08 06:33,100.0,0.00008467100380471493,0.00011747581964868848,-0.00003280481584397355,-0.0004281686103837501,-0.0005708638014854143,0.0001426951911016642,0.0,0.0,0.00008467100380471493,0.00011747581965140499,-0.00003280481584669006
2026.01.08 06:34,100.0,0.00007839968854739254,0.00010877521286273636,-0.00003037552431534382,-0.0004022690736178447,-0.0005371448559119004,0.00013487578229405572,0.0,0.0,0.00007839968854739254,0.00010877521286545289,-0.000030375524318060343
2026.01.08 06:35,100.0,0.00007259282116933718,0.0001007188945788401,-0.000028126073409502918,-0.00037785653576349887,-0.0005052871918822201,0.0001274306561187212,0.0,0.0,0.00007259282116933718,0.00010071889458155663,-0.00002812607341221944
2026.01.08 06:36,100.0,0.000067216012581639,0.00009325917062799044,-0.000026043158046351432,-0.00035485289996017855,-0.0004752003334978118,0.00012034743353763323,0.0,0.0,0.000067216012581639,0.00009325917063070695,-0.00002604315804906794
2026.01.08 06:37,100.0,0.00006223741881683509,0.00008635187498902607,-0.000024114456172190984,-0.0003331834673474532,-0.00044679696026774006,0.00011361349292028687,0.0,0.0,0.00006223741881683509,0.00008635187499174258,-0.000024114456174907493
2026.01.08 06:38,100.0,0.00005762755283456045,0.00007995610917419005,-0.000022328556339629605,-0.00031277686400699167,-0.00041999294101559043,0.00010721607700859876,0.0,0.0,0.00005762755283456045,0.00007995610917690656,-0.000022328556342346114
2026.01.08 06:39,100.0,0.00005335911022541495,0.00007403400081039292,-0.00002067489058497797,-0.0002935649598470036,-0.0003947073447818731,0.00010114238493486949,0.0,0.0,0.00005335911022541495,0.00007403400081310944,-0.00002067489058769449
2026.01.08 06:40,100.03357,0.002727355525721009,0.000366100337552476,0.0023612551881685333,0.0044700559727886,0.0005782453187322216,0.0038918106540563784,1.0,0.0,0.002727355525721009,0.0003661003375551925,0.0023612551881658167
2026.01.08 06:41,100.11815,0.0115384084948289,0.0016379852920561505,0.00990042320277275,0.019575162670363966,0.004377628789058571,0.015197533881305396,0.0,0.0,0.0115384084948289,0.0016379852920588671,0.009900423202770034
2026.01.08 06:42,100.22691,0.02698617468438158,0.0046270412565646915,0.02235913342781689,0.04475474992972295,0.012453053017191447,0.0323016969125315,0.0,0.0,0.02698617468436737,0.004627041256565829,0.02235913342780154
2026.01.08 06:43,100.35977,0.049380109166961006,0.010105008976388427,0.03927510019057258,0.07945025802237637,0.025852494018228433,0.05359776400414794,0.0,0.0,0.049380109166946795,0.010105008976387985,0.03927510019055881
2026.01.08 06:44,100.5159,0.0788172930588189,0.018854420113905045,0.059962872944913856,0.12280275975658128,0.04524254716589901,0.07756021259068227,0.0,0.0,0.0788172930588047,0.018854420113903023,0.05996287294490167
2026.01.08 06:45,100.69374,0.11516907766858253,0.0316435158534607,0.08352556181512183,0.1736605541287588,0.07092614855847097,0.10273440557028783,0.0,0.0,0.11516907766856832,0.0316435158534571,0.08352556181511123
2026.01.08 06:46,100.89107,0.15807877697629635,0.04920090913762509,0.10887786783867126,0.23060529107992522,0.10286197706276183,0.12774331401716338,0.0,0.0,0.15807877697628214,0.04920090913761991,0.10887786783866224
2026.01.08 06:47,101.10502,0.2069632561834709,0.07219042342991802,0.13477283275355287,0.29198190915650457,0.14068596348151038,0.1512959456749942,0.0,0.0,0.2069632561834709,0.07219042342991283,0.13477283275355806
2026.01.08 06:48,101.33218,0.2610255318451209,0.10118733151157308,0.15983820033354781,0.3559446277662772,0.18373769633846376,0.17220693142781346,0.0,0.0,0.2610255318451209,0.10118733151156789,0.159838200333553
2026.01.08 06:49,101.5687,0.319275057997757,0.13635929845291042,0.1829157595448466,0.4205113592752525,0.23109242892582152,0.189418930349431,0.0,0.0,0.319275057997757,0.13635929845290523,0.18291575954485179
2026.01.08 06:50,101.81036,0.3805514097355882,0.177360743035217,0.2031906667003712,0.4836180747306571,0.28159755808678866,0.20202051664386844,0.0,0.0,0.3805514097355882,0.17736074303521182,0.2031906667003764
2026.01.08 06:51,102.05273,0.4435575381941703,0.2236464500918602,0.2199110881023101,0.5431841513595685,0.3339148767413447,0.20926927461822387,0.0,0.0,0.4435575381941703,0.22364645009185657,0.21991108810231375
2026.01.08 06:52,102.29128,0.5068961569216412,0.2744815665090469,0.23241459041259432,0.5971761304586494,0.3865671274848056,0.21060900297384377,0.0,0.0,0.5068961569216412,0.27448156650904487,0.23241459041259638
2026.01.08 06:53,102.52147,0.5691065715152632,0.3289581530042074,0.24014841851105584,0.6436653820470752,0.4379867783972596,0.20567860364981566,0.0,0.0,0.5691065715152632,0.32895815300420694,0.24014841851105628
2026.01.08 06:54,102.73895,0.6287102117636607,0.38601827901477165,0.24269193274888906,0.6808950654278334,0.4865684358033744,0.194326629624459,0.0,0.0,0.6287102117636607,0.38601827901477276,0.24269193274888795
2026.01.08 06:55,102.9396,0.684249699573499,0.4444817148589053,0.2397679847145937,0.7073285182742666,0.5307204522975528,0.17660806597671375,0.0,0.0,0.684249699573499,0.444481714858908,0.23976798471459104
2026.01.08 06:56,103.11973,0.7343351706544468,0.5030785942445692,0.2312565764098775,0.7217055273244455,0.5689174673029314,0.15278806002151413,0.0,0.0,0.7343351706544468,0.5030785942445719,0.23125657640987485
2026.01.08 06:57,103.27609,0.7776805947702314,0.5604847123473593,0.21719588242287213,0.7230750432360935,0.5997489824895639,0.12332606074652963,0.0,0.0,0.7776805947702314,0.560484712347362,0.21719588242286947
2026.01.08 06:58,103.40605,0.8131454074561475,0.6153591956205138,0.19778621183563372,0.7108341512979734,0.6219660162512458,0.08886813504672764,0.0,0.0,0.8131454074561475,0.6153591956205164,0.19778621183563105
2026.01.08 06:59,103.50761,0.8397662674527311,0.6663830687001964,0.17338319875253472,0.6847456785129253,0.6345219487035817,0.05022372980934364,0.0,0.0,0.8397662674527311,0.666383068700199,0.17338319875253205
2026.01.08 07:00,103.57948,0.8567863000147184,0.7122973755691462,0.14448892444557226,0.6449498794402331,0.636607534850912,0.008342344589321038,0.0,0.0,0.8567863000147042,0.7122973755691473,0.14448892444555694
2026.01.08 07:01,103.62113,0.8636796440445949,0.7519399852494744,0.11173965879512049,0.591966967231528,0.6276794213270352,-0.03571245409550727,0.0,-1.0,0.8636796440445806,0.7519399852494738,0.11173965879510683
2026.01.08 07:02,103.63276,0.8601656583808932,0.7842798837900999,0.07588577459079326,0.5266814771301966,0.6074798324876676,-0.08079835535747093,0.0,0.0,0.860165658380879,0.7842798837900978,0.07588577459078116
2026.01.08 07:03,103.61532,0.846218852993303,0.8084475105933935,0.037771342399909535,0.45032120213750204,0.5760481064176345,-0.12572690428013245,0.0,0.0,0.8462188529932888,0.8084475105933898,0.03777134239989899
2026.01.08 07:04,103.57049,0.8220721666868656,0.8237611180504342,-0.0016889513635686138,0.3644270244993919,0.533723890033986,-0.1692968655345941,-1.0,0.0,0.8220721666868371,0.8237611180504274,-0.001688951363590263
2026.01.08 07:05,103.50061,0.7882110060001821,0.8297473219777382,-0.041536315977556026,0.27081001188676623,0.4811411144045421,-0.21033110251777587,0.0,0.0,0.7882110060001821,0.8297473219777314,-0.041536315977549254
2026.01.08 07:06,103.40862,0.7453609113767357,0.8261562460451275,-0.08079533466839184,0.1715022084846538,0.4192133332205645,-0.24771112473591067,0.0,0.0,0.7453609113767357,0.8261562460451207,-0.08079533466838507
2026.01.08 07:07,103.29796,0.694467180131852,0.812969776342428,-0.1185025962105759,0.06869877953610626,0.34911042248367286,-0.2804116429475666,0.0,0.0,0.694467180131852,0.8129697763424212,-0.11850259621056913
2026.01.08 07:08,103.1725,0.6366708131436098,0.7904036147525256,-0.15373280160891578,-0.03529987049520855,0.2722283638878966,-0.30752823438310517,0.0,0.0,0.6366708131436098,0.7904036147525189,-0.153732801608909
2026.01.08 07:09,103.0364,0.5732762713363684,0.7589025004549311,-0.18562622911856275,-0.13815409396302414,0.19015187231771247,-0.3283059662807366,0.0,0.0,0.5732762713363684,0.7589025004549259,-0.18562622911855753
2026.01.08 07:10,102.89398,0.5057139805035149,0.7191285378392556,-0.21341455733574066,-0.23755307396830005,0.10461088306050997,-0.34216395702881003,0.0,0.0,0.5057139805035149,0.719128537839252,-0.2134145573357371
2026.01.08 07:11,102.74964,0.43550313748058045,0.6719438132947764,-0.23644067581419592,-0.3312749873807661,0.017433708972254755,-0.3487086963530209,0.0,0.0,0.43550313748058045,0.6719438132947744,-0.23644067581419392
2026.01.08 07:12,102.60769,0.3642079967932972,0.6183870514947757,-0.2541790547014785,-0.4172523095567868,-0.06950349473355356,-0.3477488148232333,0.0,0.0,0.3642079967932972,0.6183870514947754,-0.25417905470147817
2026.01.08 07:13,102.47225,0.29339513161900754,0.5596451587094581,-0.26625002709045054,-0.4936284608974688,-0.15432848796633664,-0.3392999729311322,0.0,0.0,0.29339513161900754,0.5596451587094609,-0.2662500270904533
2026.01.08 07:14,102.3471,0.2245879565494846,0.4970203754371584,-0.2724324188876738,-0.5588134034116621,-0.23522547105540173,-0.3235879323562604,0.0,0.0,0.2245879565494846,0.49702037543716115,-0.27243241888767655
2026.01.08 07:15,102.23562,0.1592268027878987,0.43189436337173204,-0.27266756058383335,-0.61152365107327,-0.3104851070589754,-0.3010385440142946,0.0,0.0,0.1592268027878987,0.43189436337173487,-0.2726675605838362
2026.01.08 07:16,102.14065,0.09862741676057851,0.3656899452193683,-0.2670625284587898,-0.6508211070355827,-0.3785523070542969,-0.27226879998128584,0.0,0.0,0.09862741676057851,0.36568994521937115,-0.26706252845879264
2026.01.08 07:17,102.06443,0.04394507822908622,0.29983153022886566,-0.25588645199977944,-0.6761381104915642,-0.4380694677417504,-0.23806864274981387,0.0,0.0,0.04394507822908622,0.2998315302288685,-0.25588645199978227
2026.01.08 07:18,102.00852,-0.0038580653865096792,0.23570549281521253,-0.2395635582017222,-0.6872944997936088,-0.4879144741521221,-0.1993800256414867,0.0,0.0,-0.0038580653865096792,0.23570549281521538,-0.23956355820172506
2026.01.08 07:19,101.97378,-0.044037986277530194,0.17462194095065195,-0.21865992722818214,-0.6844996589517933,-0.5272315111120564,-0.15726814783973697,0.0,0.0,-0.044037986277530194,0.1746219409506548,-0.218659927228185
2026.01.08 07:20,101.96034,-0.0760882606362685,0.11777845227100206,-0.19386671290727056,-0.6683450558001596,-0.555454220049677,-0.11289083575048253,0.0,0.0,-0.07608826063628271,0.11777845227100335,-0.19386671290728608
2026.01.08 07:21,101.96756,-0.09975581734883576,0.06622691736632062,-0.1659827347151564,-0.6397914184440481,-0.5723216597285512,-0.06746975871549687,0.0,0.0,-0.09975581734884997,0.06622691736632033,-0.1659827347151703
2026.01.08 07:22,101.99412,-0.11504321001709172,0.020844879406754037,-0.13588808942384575,-0.6001338289883051,-0.5778840935805021,-0.022249735407803062,0.0,0.0,-0.11504321001710593,0.02084487940675217,-0.1358880894238581
2026.01.08 07:23,102.03798,-0.12221067481398507,-0.017688301855853704,-0.10452237295813135,-0.5509706515519781,-0.5725014051747973,0.0215307536228192,0.0,1.0,-0.12221067481399928,-0.01768830185585715,-0.10452237295814212
2026.01.08 07:24,102.09652,-0.12176363811849455,-0.048909461956564065,-0.07285417616193049,-0.4941503698879046,-0.5568311981174188,0.06268082822951415,0.0,0.0,-0.12176363811850877,-0.04890946195656909,-0.07285417616193968
2026.01.08 07:25,102.16655,-0.11443933713918852,-0.07258354572320484,-0.04185579141598368,-0.43172295118770876,-0.5318095487314768,0.10008659754376803,0.0,0.0,-0.11443933713921695,-0.07258354572321303,-0.041855791416003915
2026.01.08 07:26,102.24446,-0.10118172996578778,-0.0887087466337464,-0.012472983332041387,-0.3658759481377132,-0.4986228286127241,0.13274688047501093,0.0,0.0,-0.1011817299658162,-0.08870874663375775,-0.012472983332058457
2026.01.08 07:27,102.32627,-0.08311549380469785,-0.09751512756910063,0.014399633764402786,-0.29887610603478265,-0.4586734840971359,0.15979737806235322,1.0,0.0,-0.08311549380472627,-0.09751512756911514,0.014399633764388867
2026.01.08 07:28,102.4078,-0.06151003249551934,-0.09945646603776609,0.03794643354224675,-0.23299967284914658,-0.41353872184753804,0.18053904899839146,0.0,0.0,-0.06151003249553355,-0.09945646603778219,0.037946433542248637
2026.01.08 07:29,102.48477,-0.037741650757610046,-0.09519573160680404,0.057454080849194,-0.1704670587797068,-0.36492438923397186,0.19445733045426505,0.0,0.0,-0.03774165075762426,-0.09519573160682013,0.05745408084919587
2026.01.08 07:30,102.55291,-0.013253925455742888,-0.08558441028534927,0.07233048482960638,-0.11338132577078852,-0.3146157765413352,0.2012344507705467,0.0,0.0,-0.013253925455742888,-0.08558441028536379,0.0723304848296209
2026.01.08 07:31,102.60813,0.010487670441222008,-0.07163653467886996,0.08212420512009197,-0.06366301918271233,-0.26442522506961064,0.2007622058868983,0.0,0.0,0.010487670441222008,-0.07163653467888291,0.08212420512010492
2026.01.08 07:32,102.6466,0.03203795018451672,-0.05449779856792532,0.08653574875244203,-0.022997541560343393,-0.2161396883677572,0.19314214680741382,0.0,0.0,0.03203795018451672,-0.054497798567936684,0.0865357487524534
2026.01.08 07:33,102.66487,0.050014403542562036,-0.03541134949447458,0.08542575303703662,0.00721242038349601,-0.17146926661750658,0.1786816870010026,0.0,0.0,0.050014403542562036,-0.03541134949448437,0.08542575303704641
2026.01.08 07:34,102.66,0.0631400646801552,-0.015680304847880834,0.07882036952803603,0.02589048800081173,-0.1319973156938429,0.15788780369465463,0.0,0.0,0.0631400646801552,-0.015680304847887468,0.07882036952804267
2026.01.08 07:35,102.62963,0.07028147936424034,0.0033711628554556235,0.06691031650878472,0.03231713458366414,-0.0991344256383415,0.13145156022200566,0.0,0.0,0.07028147936424034,0.003371162855452149,0.06691031650878819
2026.01.08 07:36,102.57205,0.07048239993594052,0.02043759549330433,0.05004480444263619,0.026149766467710833,-0.07407758721713104,0.10022735368484187,0.0,0.0,0.07048239993594052,0.020437595493304015,0.05004480444263651
2026.01.08 07:37,102.48625,0.0629921536609288,0.03427117173290968,0.028720981928019126,0.0074316331479167275,-0.05777574314412148,0.06520737629203821,0.0,0.0,0.0629921536609288,0.03427117173291094,0.028720981928017864
2026.01.08 07:38,102.37197,0.04728951451487262,0.04371907898540776,0.0035704355294648646,-0.023407738057571237,-0.05090214212681144,0.027494404069240204,0.0,0.0,0.04728951451487262,0.043719078985410595,0.0035704355294620266
2026.01.08 07:39,102.22969,0.02309799365099252,0.04775818110837836,-0.024660187457385838,-0.06556691348856702,-0.05383509639916256,-0.011731817089404462,-1.0,-1.0,0.02309799365099252,0.0477581811083812,-0.024660187457388676
2026.01.08 07:40,102.06064,-0.009604172195665228,0.04552575414872422,-0.05512992634438945,-0.11789431027220587,-0.06664693917377124,-0.051247371098434635,0.0,0.0,-0.009604172195665228,0.04552575414872706,-0.05512992634439229
2026.01.08 07:41,101.86677,-0.05058149105335019,0.03634581623340567,-0.08692730728675586,-0.17892040140675647,-0.08910163162036829,-0.08981876978638818,0.0,0.0,-0.05058149105335019,0.03634581623340852,-0.08692730728675871
2026.01.08 07:42,101.65068,-0.09934774951958047,0.019750021448723173,-0.11909777096830365,-0.2469021132319682,-0.12066172794268827,-0.12624038528927994,0.0,0.0,-0.09934774951958047,0.019750021448726014,-0.11909777096830648
2026.01.08 07:43,101.41556,-0.15517877538893288,-0.00450762744784217,-0.1506711479410907,-0.3198731053496573,-0.16050400342408208,-0.1593691019255752,0.0,0.0,-0.15517877538893288,-0.004507627447839329,-0.15067114794109354
2026.01.08 07:44,101.1651,-0.21713232813112882,-0.036442494947327625,-0.1806898331838012,-0.39570095716865694,-0.20754339417299705,-0.1881575629956599,0.0,0.0,-0.21713232813112882,-0.036442494947324794,-0.18068983318380402
2026.01.08 07:45,100.9034,-0.2840733471954593,-0.07583757796192761,-0.20823576923353168,-0.47214743942322457,-0.26046420322304253,-0.21168323620018203,0.0,0.0,-0.2840733471954593,-0.07583757796192477,-0.20823576923353454
2026.01.08 07:46,100.63486,-0.3547047057535906,-0.12224834011909644,-0.23245636563449415,-0.5469318764605475,-0.3177577378705435,-0.22917413859000402,0.0,0.0,-0.3547047057535906,-0.1222483401190936,-0.232456365634497
2026.01.08 07:47,100.36401,-0.4276067136751891,-0.17501458769576997,-0.25259212597941916,-0.6178030855764263,-0.3777668074117201,-0.24003627816470618,0.0,0.0,-0.4276067136751891,-0.1750145876957671,-0.252592125979422
2026.01.08 07:48,100.09545,-0.5012742502100451,-0.23327817034699638,-0.26799607986304874,-0.682599306466372,-0.43873330722265047,-0.24386599924372154,0.0,0.0,-0.5012742502100451,-0.23327817034699352,-0.26799607986305163
2026.01.08 07:49,99.83369,-0.574159593646641,-0.2960065505082159,-0.27815304313842515,-0.739311847897298,-0.49884901535758,-0.240462832539718,0.0,0.0,-0.574159593646641,-0.29600655050821306,-0.278153043138428
2026.01.08 07:50,99.58302,-0.6447168331636703,-0.36202158852047367,-0.2826952446431967,-0.7861447983001,-0.5563081719460841,-0.22983662635401592,0.0,0.0,-0.6447168331636703,-0.36202158852047084,-0.2826952446431995
2026.01.08 07:51,99.3474,-0.71144541873214,-0.4300324406552025,-0.28141297807693744,-0.821566965413453,-0.6093599306395578,-0.21220703477389513,0.0,0.0,-0.71144541873214,-0.4300324406551997,-0.28141297807694027
2026.01.08 07:52,99.13037,-0.7729309439640417,-0.49867157049688127,-0.27425937346716045,-0.8443535828667166,-0.6563586610849896,-0.18799492178172694,0.0,0.0,-0.7729309439640275,-0.4986715704968769,-0.2742593734671506
2026.01.08 07:53,98.93491,-0.8278872848840422,-0.5665332323583161,-0.2613540525257261,-0.8536262627609688,-0.6958121814201854,-0.15781408134078334,0.0,0.0,-0.827887284884028,-0.5665332323583101,-0.26135405252571786
2026.01.08 07:54,98.7634,-0.8751913436118457,-0.6322130097379146,-0.24297833387393108,-0.8488758893779789,-0.7264249230117442,-0.12245096636623465,0.0,0.0,-0.8751913436118315,-0.6322130097379071,-0.24297833387392442
2026.01.08 07:55,98.61753,-0.9139155908360692,-0.6943475525248567,-0.21956803831121252,-0.8299795738091689,-0.7471358531712291,-0.08284372063793977,0.0,0.0,-0.9139155908360692,-0.694347552524849,-0.21956803831122018
2026.01.08 07:56,98.49827,-0.9433537265150278,-0.7516527761737276,-0.1917009503413002,-0.7972040163798795,-0.7571494858129592,-0.04005453056692032,0.0,0.0,-0.9433537265150278,-0.7516527761737201,-0.19170095034130774
2026.01.08 07:57,98.40585,-0.963039858724855,-0.8029600660087065,-0.16007979271614847,-0.7511974786377635,-0.75595908437792,0.004761605740156494,0.0,1.0,-0.963039858724855,-0.802960066008699,-0.16007979271615602
2026.01.08 07:58,98.33974,-0.9727623855704621,-0.8472492651113533,-0.12551312045910878,-0.6929736928512398,-0.7433620060725841,0.050388313221344294,0.0,0.0,-0.9727623855704621,-0.8472492651113457,-0.12551312045911645
2026.01.08 07:59,98.2987,-0.9725679848304623,-0.883677170852108,-0.0888908139783543,-0.6238804082698692,-0.7194656865120412,0.095585278242172,0.0,0.0,-0.9725679848304623,-0.8836771708521004,-0.08889081397836185
2026.01.08 08:00,98.28079,-0.9627609986685854,-0.9116011241783797,-0.05115987449020576,-0.5455635994987915,-0.6846852691093913,0.1391216696105998,0.0,0.0,-0.9627609986685854,-0.9116011241783721,-0.05115987449021331
2026.01.08 08:01,98.28346,-0.9438928357364063,-0.9305968899308646,-0.013295945805541609,-0.45991820985543086,-0.6397318572585993,0.1798136474031684,0.0,0.0,-0.9438928357364063,-0.9305968899308587,-0.013295945805547604
2026.01.08 08:02,98.30358,-0.9167484592426973,-0.940470353748493,0.02372189450579565,-0.3690393849046103,-0.5855933627878015,0.2165539778831912,1.0,0.0,-0.9167484592426973,-0.9404703537484885,0.023721894505791208
2026.01.08 08:03,98.33761,-0.8823195778388708,-0.941262379773718,0.05894280193484713,-0.2751556482586466,-0.5235058198819705,0.24835017162332396,0.0,0.0,-0.8823195778388708,-0.9412623797737152,0.05894280193484436
2026.01.08 08:04,98.38163,-0.8417788920912699,-0.9332471910242958,0.09146829893302588,-0.18057139773563335,-0.4549189354527031,0.27434753771706977,0.0,0.0,-0.8417788920912841,-0.9332471910242945,0.09146829893301045
2026.01.08 08:05,98.43152,-0.7964434956555237,-0.9169238320399065,0.12048033638438271,-0.08759648632072015,-0.38145444562630654,0.2938579593055864,0.0,0.0,-0.7964434956555237,-0.9169238320399052,0.12048033638438149
2026.01.08 08:06,98.48304,-0.7477381737111983,-0.8930014225939447,0.14526324888274633,0.0015167011268175656,-0.3048602162756818,0.30637691740249934,0.0,0.0,-0.7477381737111983,-0.8930014225939433,0.145263248882745
2026.01.08 08:07,98.53197,-0.6971542528293355,-0.8623782967338195,0.16522404390448397,0.08463730358467103,-0.22696071230361123,0.3115980158882823,0.0,0.0,-0.6971542528293355,-0.8623782967338182,0.16522404390448264
2026.01.08 08:08,98.57426,-0.6462046367215493,-0.8261157024994958,0.17991106577794658,0.15981998505360195,-0.1496045728321686,0.30942455788577056,0.0,0.0,-0.6462046367215493,-0.8261157024994945,0.17991106577794524
2026.01.08 08:09,98.6061,-0.5963827478995256,-0.7854070079696003,0.18902426007007467,0.22535526554293028,-0.07461260515714883,0.29996787070007913,0.0,0.0,-0.5963827478995256,-0.785407007969599,0.18902426007007334
2026.01.08 08:10,98.62409,-0.5491170202139131,-0.7415430284671011,0.192426008253188,0.2798225727814838,-0.003725569569422306,0.28354814235090614,0.0,0.0,-0.5491170202139131,-0.7415430284670997,0.19242600825318668
2026.01.08 08:11,98.6253,-0.5057311991472346,-0.6958744440120497,0.19014324486481504,0.32212755761301537,0.06144505586706523,0.26068250174595015,0.0,0.0,-0.5057311991472346,-0.6958744440120483,0.1901432448648137
2026.01.08 08:12,98.60738,-0.4674056561559894,-0.6497728971583961,0.18236724100240675,0.35153395861614456,0.1194628364168811,0.23207112219926346,0.0,0.0,-0.4674056561559894,-0.6497728971583948,0.18236724100240542
2026.01.08 08:13,98.56862,-0.4351439269616577,-0.604591234366217,0.16944730740455927,0.36768316475597373,0.16910690208469964,0.1985762626712741,0.0,0.0,-0.4351439269616577,-0.6045912343662141,0.16944730740455638
2026.01.08 08:14,98.50802,-0.4097429262884731,-0.5616245044365447,0.15188157814807157,0.37060558752308737,0.2094066391723772,0.16119894835071016,0.0,0.0,-0.4097429262884873,-0.5616245044365434,0.15188157814805614
2026.01.08 08:15,98.42529,-0.3917719664871129,-0.5220727036338685,0.1303007371467556,0.3607156460332561,0.239668440544553,0.12104720548870312,0.0,0.0,-0.3917719664871271,-0.5220727036338688,0.13030073714674173
2026.01.08 08:16,98.32092,-0.38155332884801396,-0.4870059343026105,0.10545260545459656,0.3388050142011565,0.2594957552758737,0.07930925892528279,0.0,0.0,-0.3815533288480282,-0.48700593430261246,0.10545260545458429
2026.01.08 08:17,98.19608,-0.37915783407267156,-0.45733406734162413,0.07817623326895257,0.30601043653200577,0.2687986915271001,0.03721174500490565,0.0,0.0,-0.3791578340726858,-0.4573340673416276,0.07817623326894185
2026.01.08 08:18,98.05268,-0.38439945116807905,-0.4337803677047967,0.04938091653671767,0.2637871927573059,0.2677963917731413,-0.004009199015835407,0.0,-1.0,-0.38439945116809326,-0.43378036770480183,0.04938091653670856
2026.01.08 08:19,97.89327,-0.3968419779389052,-0.4168609185631292,0.02001894062422399,0.21386439202211704,0.25700999182293643,-0.04314559980081939,0.0,0.0,-0.3968419779389194,-0.41686091856313584,0.02001894062421644
2026.01.08 08:20,97.72096,-0.4158135077116185,-0.40687006395917186,-0.008943443752446656,0.15819165821886827,0.23724632510212282,-0.07905466688325455,-1.0,0.0,-0.4158135077116327,-0.4068700639591801,-0.008943443752452651
2026.01.08 08:21,97.53937,-0.4404244383573541,-0.4038721508704346,-0.03655228748691952,0.09888560147976477,0.20957418037765124,-0.11068857889788647,0.0,0.0,-0.44042443835736833,-0.4038721508704444,-0.03655228748692391
2026.01.08 08:22,97.3525,-0.46959443315549265,-0.4076999848919718,-0.06189444826352086,0.03816641937589793,0.1752926281773006,-0.13712620880140267,0.0,0.0,-0.46959443315550686,-0.4076999848919832,-0.06189444826352364
2026.01.08 08:23,97.16461,-0.5020852902405863,-0.41796024755331773,-0.08412504268726861,-0.02170895590622024,0.13589231136059643,-0.15760126726681667,0.0,0.0,-0.5020852902406006,-0.4179602475533291,-0.08412504268727145
2026.01.08 08:24,96.98015,-0.5365340780965511,-0.4340449266210331,-0.10248915147551796,-0.07850686766852277,0.09301247555477259,-0.17151934322329537,0.0,0.0,-0.5365340780965653,-0.4340449266210445,-0.10248915147552079
2026.01.08 08:25,96.80355,-0.5714972699712035,-0.4551498089680542,-0.11634746100314936,-0.13008997390558363,0.04839198566270134,-0.17848195956828497,0.0,0.0,-0.5714972699712177,-0.45514980896806556,-0.11634746100315219
2026.01.08 08:26,96.63918,-0.6054894314687687,-0.4802977642342872,-0.12519166723448144,-0.17447277515911708,0.0038190334983376553,-0.17829180865745473,0.0,0.0,-0.6054894314687687,-0.480297764234297,-0.12519166723447167
2026.01.08 08:27,96.49116,-0.6370291656167808,-0.5083677325063651,-0.12866143311041567,-0.2098841855878817,-0.038921610318906216,-0.17096257526897546,0.0,0.0,-0.6370291656167808,-0.5083677325063733,-0.12866143311040745
2026.01.08 08:28,96.36327,-0.6646822431901,-0.5381277619787201,-0.1265544812113799,-0.23481854910571087,-0.07810099807626715,-0.15671755102944374,0.0,0.0,-0.6646822431901,-0.5381277619787268,-0.12655448121137325
2026.01.08 08:29,96.25886,-0.687102036238258,-0.5682709318150134,-0.11883110442324463,-0.24807665275697843,-0.11209612901240942,-0.135980523744569,0.0,0.0,-0.6871020362382438,-0.5682709318150169,-0.11883110442322697
2026.01.08 08:30,96.18071,-0.7030713665610193,-0.5974539238376428,-0.10561744272337648,-0.24880516893176718,-0.139437936996281,-0.1093672319354862,0.0,0.0,-0.7030713665610051,-0.5974539238376432,-0.10561744272336193
2026.01.08 08:31,96.13098,-0.711537806368753,-0.6243365208613384,-0.08720128550741457,-0.23652059672444636,-0.15885446894191407,-0.07766612778253229,0.0,0.0,-0.7115378063687388,-0.6243365208613356,-0.08720128550740314
2026.01.08 08:32,96.11115,-0.7116442443221729,-0.6476208490926257,-0.06402339522954714,-0.21112265589501078,-0.16930810633253343,-0.04181454956247735,0.0,0.0,-0.7116442443221729,-0.6476208490926214,-0.06402339522955147
2026.01.08 08:33,96.12195,-0.7027561915013933,-0.6660899728042748,-0.0366662186971185,-0.1729009063776914,-0.17002666634156502,-0.00287424003612638,0.0,0.0,-0.7027561915013933,-0.6660899728042691,-0.036666218697124275
2026.01.08 08:34,96.16338,-0.6844790425221419,-0.6786435030877125,-0.005835539434429382,-0.12252329282657115,-0.16052599163856623,0.038002698811995084,0.0,1.0,-0.6844790425221419,-0.678643503087705,-0.0058355394344368205
2026.01.08 08:35,96.23467,-0.6566720563700414,-0.6843304614100761,0.027658405040034695,-0.06102058528844623,-0.14062491036854224,0.07960432508009602,1.0,0.0,-0.6566720563700414,-0.6843304614100687,0.027658405040027256
2026.01.08 08:36,96.33433,-0.619452428400507,-0.6823774906082679,0.06292506220776095,0.010244637297120107,-0.11045100083540978,0.12069563813252988,0.0,0.0,-0.619452428400507,-0.6823774906082605,0.06292506220775351
2026.01.08 08:37,96.46017,-0.5731939457645439,-0.6722121242276505,0.09901817846310668,0.08961483239160373,-0.07043783419000708,0.16005266658161083,0.0,0.0,-0.5731939457645439,-0.6722121242276431,0.09901817846309924
2026.01.08 08:38,96.60938,-0.5185166280780891,-0.653480412209854,0.1349637841317649,0.17518597333922514,-0.02131307268416064,0.19649904602338578,0.0,0.0,-0.5185166280780891,-0.6534804122098481,0.13496378413175902
2026.01.08 08:39,96.77859,-0.45627101874450204,-0.626058151341352,0.16978713259684997,0.2648599452628133,0.03592153090523416,0.22893841435757917,0.0,0.0,-0.45627101874450204,-0.6260581513413478,0.16978713259684575
2026.01.08 08:40,96.96399,-0.3875136778849111,-0.5900554703987029,0.20254179251379179,0.3564066215566015,0.10001854903550764,0.25638807252109386,0.0,0.0,-0.3875136778849111,-0.5900554703987003,0.20254179251378923
2026.01.08 08:41,97.16144,-0.31347685894495214,-0.545814649801234,0.2323377908562818,0.44752933780291926,0.16952070678898998,0.27800863101392925,0.0,0.0,-0.31347685894495214,-0.5458146498012313,0.23233779085627915
2026.01.08 08:42,97.36653,-0.23553796252251402,-0.4939015132480251,0.2583635507255111,0.5359235622311047,0.24280127787741296,0.29312228435369175,0.0,0.0,-0.23553796252252823,-0.49390151324802406,0.2583635507254958
2026.01.08 08:43,97.57479,-0.15517719794630125,-0.43509019718404285,0.2799129992377416,0.6193501149459308,0.31811104529111656,0.3012390696548143,0.0,0.0,-0.15517719794630125,-0.4350901971840418,0.27991299923774055
2026.01.08 08:44,97.78175,-0.07393845421339051,-0.37034201916663717,0.29640356495324666,0.6956947862329486,0.39362779347948296,0.3020669927534656,0.0,0.0,-0.07393845421339051,-0.3703420191666361,0.2964035649532456
2026.01.08 08:45,97.98312,0.0066164413518521314,-0.3007788114163751,0.3073952527682272,0.7630333658553781,0.467508907954662,0.2955244579007161,0.0,0.0,0.0066164413518521314,-0.300778811416374,0.30739525276822616
2026.01.08 08:46,98.17484,0.08494775336049543,-0.2276519559580374,0.3125997093185328,0.8196796890497922,0.5379430641736881,0.28173662487610407,0.0,0.0,0.08494775336049543,-0.2276519559580363,0.31259970931853176
2026.01.08 08:47,98.35327,0.1595841060355241,-0.15230742994541369,0.3118915359809378,0.8642398311619814,0.6032024175713468,0.2610374135906346,0.0,0.0,0.1595841060355241,-0.15230742994541263,0.3118915359809367
2026.01.08 08:48,98.51525,0.22916274011384985,-0.0761481234055968,0.30531086351944664,0.8956500766937694,0.6616919493958313,0.23395812729793808,0.0,0.0,0.22916274011384985,-0.07614812340559575,0.3053108635194456
2026.01.08 08:49,98.65819,0.29246699484626504,-0.0005947153243550107,0.29306171017062005,0.9132062445426357,0.7119948084251922,0.2012114361174434,0.0,0.0,0.29246699484626504,-0.000594715324353956,0.293061710170619
2026.01.08 08:50,98.78016,0.3484611887836735,0.07295395664549228,0.2755072321381812,0.9165856454158643,0.7529129758233267,0.16367266959253757,0.0,0.0,0.3484611887836735,0.07295395664549334,0.2755072321381802
2026.01.08 08:51,98.87992,0.39631827874849535,0.14316020567560445,0.2531580730728909,0.9058542948489787,0.7835012396284572,0.12235305522052153,0.0,0.0,0.39631827874849535,0.14316020567560706,0.2531580730728883
2026.01.08 08:52,98.95696,0.43544234320813757,0.20878459913720876,0.2266577440709288,0.8814646368089569,0.8030939190645572,0.07837071774439974,0.0,0.0,0.43544234320813757,0.20878459913721137,0.2266577440709262
2026.01.08 08:53,99.01153,0.46548595675106696,0.26872064479992624,0.19676531195114072,0.8442449150501545,0.8113241182616767,0.03292079678847781,0.0,0.0,0.46548595675106696,0.26872064479992885,0.1967653119511381
2026.01.08 08:54,99.04458,0.48635618437870676,0.322025060691799,0.16433112368690778,0.79536996061114,0.8081332867315694,-0.012763326120429408,0.0,-1.0,0.48635618437870676,0.3220250606918016,0.16433112368690517
2026.01.08 08:55,99.0578,0.49821956859545935,0.36794415127346164,0.1302754173219977,0.7363337995696924,0.7937733892991939,-0.05743958972950158,0.0,0.0,0.49821956859545935,0.36794415127346425,0.1302754173219951
2026.01.08 08:56,99.0535,0.5014935070149278,0.4059340847156176,0.09555942229931019,0.6689014602335561,0.7687990034860664,-0.09989754325251032,0.0,0.0,0.5014935070149278,0.40593408471562026,0.09555942229930753
2026.01.08 08:57,99.03458,0.49683424501291995,0.4356753630377365,0.06115888197518343,0.5950603597938624,0.7340512747476257,-0.13899091495376326,0.0,0.0,0.49683424501291995,0.4356753630377391,0.06115888197518082
2026.01.08 08:58,99.00441,0.48511517370066315,0.45708071624378077,0.028034457456882378,0.5169600398075005,0.6906330277596007,-0.17367298795210018,0.0,0.0,0.48511517370066315,0.4570807162437834,0.02803445745687977
2026.01.08 08:59,98.96678,0.4674033637129611,0.47029651345814605,-0.002893149745184953,0.4368555248614001,0.6398775271799606,-0.2030220023185605,-1.0,0.0,0.4674033637129611,0.47029651345814866,-0.002893149745187562
2026.01.08 09:00,98.92571,0.44492381613045495,0.4756971287228082,-0.030773312592353275,0.3570351635716378,0.5833090544582961,-0.22627389088665828,0.0,0.0,0.44492381613045495,0.47569712872281084,-0.030773312592355884
2026.01.08 09:01,98.88541,0.41902646328226467,0.4738731420643779,-0.054846678782113245,0.27976125385605144,0.5225994943378471,-0.2428382404817957,0.0,0.0,0.41902646328226467,0.4738731420643805,-0.054846678782115854
2026.01.08 09:02,98.8501,0.3911445319820217,0.46561298375670623,-0.07446845177468453,0.20720174562399052,0.45951994459507584,-0.2523181989710853,0.0,0.0,0.3911445319820217,0.46561298375670884,-0.07446845177468714
2026.01.08 09:03,98.82389,0.3627514002569683,0.45187911885429083,-0.08912771859732255,0.14136659615344627,0.39588927490674997,-0.2545226787533037,0.0,0.0,0.3627514002569683,0.45187911885429344,-0.08912771859732516
2026.01.08 09:04,98.81069,0.3353191585891153,0.4337790732980304,-0.09845991470891508,0.08405387718580926,0.33352219536256184,-0.24946831817675258,0.0,0.0,0.3353191585891153,0.433779073298033,-0.09845991470891768
2026.01.08 09:05,98.81406,0.3102741925121535,0.41253248279772214,-0.10225829028556865,0.03679618713626098,0.2741769937173017,-0.23738080658104072,0.0,0.0,0.3102741925121535,0.41253248279772475,-0.10225829028557126
2026.01.08 09:06,98.83709,0.2889533308562733,0.3894346034469836,-0.10048127259071032,0.0008135828063302597,0.2195043115351074,-0.21869072872877715,0.0,0.0,0.2889533308562733,0.3894346034469862,-0.10048127259071293
2026.01.08 09:07,98.88234,0.2725657232243748,0.3658179978385071,-0.09325227461413232,-0.023018578328318995,0.17099973356242212,-0.19401831189074112,0.0,0.0,0.2725657232243748,0.3658179978385097,-0.09325227461413493
2026.01.08 09:08,98.95177,0.26215884290623137,0.3430130510822038,-0.08085420817597244,-0.034191414109116636,0.12996150402811438,-0.164152918137231,0.0,0.0,0.26215884290623137,0.3430130510822064,-0.08085420817597505
2026.01.08 09:09,99.04662,0.2585841208004922,0.32230864048998575,-0.06372451968949355,-0.032583029944063924,0.09745259723367872,-0.13003562717774264,0.0,0.0,0.2585841208004922,0.32230864048998836,-0.06372451968949616
2026.01.08 09:10,99.16743,0.26247384996780454,0.30491390567726795,-0.04244005570946341,-0.01845725653841157,0.07427062647926067,-0.09272788301767224,0.0,0.0,0.26247384996780454,0.30491390567727056,-0.04244005570946602
2026.01.08 09:11,99.31398,0.27422080187986353,0.2919223801103615,-0.01770157823049795,0.007541802606866099,0.06092486170478176,-0.05338305909791566,0.0,0.0,0.27422080187986353,0.2919223801103641,-0.01770157823050056
2026.01.08 09:12,99.4853,0.29396578355593306,0.28427953381024645,0.009686249745686604,0.0444082672946422,0.05762154282275385,-0.013213275528111648,1.0,0.0,0.29396578355593306,0.28427953381024906,0.009686249745683995
2026.01.08 09:13,99.67973,0.32159554659494916,0.2827546880331169,0.03884085856183228,0.0908088866917609,0.06425901159655527,0.026549875095205636,0.0,1.0,0.32159554659494916,0.2827546880331195,0.03884085856182967
2026.01.08 09:14,99.89488,0.3567408532882439,0.28791765034157135,0.06882320294667255,0.14511357580634865,0.08042992443851395,0.0646836513678347,0.0,0.0,0.3567408532882581,0.28791765034157557,0.06882320294668254
2026.01.08 09:15,100.1278,0.39879143997629285,0.3001218846882402,0.09866955528805266,0.20545226937306893,0.10543439342542496,0.10001787594764397,0.0,0.0,0.39879143997629285,0.3001218846882444,0.09866955528804844
2026.01.08 09:16,100.37496,0.44690889176918347,0.3194933478598856,0.12741554390929788,0.2697615684902104,0.13829982843838204,0.13146174005182834,0.0,0.0,0.44690889176918347,0.3194933478598898,0.12741554390929366
2026.01.08 09:17,100.6324,0.5000512954044325,0.34592584258190795,0.15412545282252454,0.3358470031291887,0.1778092633765434,0.1580377397526453,0.0,0.0,0.5000512954044183,0.34592584258191056,0.15412545282250772
2026.01.08 09:18,100.89586,0.5570052436040669,0.37908374511563847,0.17792149848842842,0.4014513914311806,0.22253768898747084,0.17891370244370974,0.0,0.0,0.5570052436040669,0.3790837451156411,0.1779214984884258
2026.01.08 09:19,101.16083,0.6164168526652674,0.41841074541535656,0.1980061072499108,0.4643139285923894,0.27089293690845456,0.19342099168393484,0.0,0.0,0.6164168526652674,0.41841074541535916,0.1980061072499082
2026.01.08 09:20,101.42272,0.676831226115894,0.4631452369971377,0.21368598911875625,0.5222378525456435,0.3211619200358924,0.2010759325097511,0.0,0.0,0.676831226115894,0.46314523699714033,0.21368598911875364
2026.01.08 09:21,101.677,0.7367356927667714,0.5123418935761198,0.2243937991906516,0.5731575121922532,0.3715610384671646,0.2015964737250886,0.0,0.0,0.7367356927667714,0.5123418935761224,0.22439379919064906
2026.01.08 09:22,101.9193,0.7946023182879287,0.5648982015420064,0.22970411674592228,0.6151970015661448,0.4202882310869607,0.1949087704791841,0.0,0.0,0.7946023182879429,0.5648982015420105,0.22970411674593239
2026.01.08 09:23,102.14551,0.848929363145956,0.6195858137484189,0.2293435493975371,0.6467207891347897,0.46557474269652654,0.18114604643826315,0.0,0.0,0.848929363145956,0.6195858137484215,0.22934354939753454
2026.01.08 09:24,102.35196,0.8982878243521526,0.6750854120124034,0.22320241233974925,0.6663881584316158,0.5057374258435444,0.1606507325880714,0.0,0.0,0.8982878243521526,0.6750854120124059,0.2232024123397467
2026.01.08 09:25,102.53545,0.9413594640509899,0.7300243644881597,0.21133509956283025,0.6731869622839639,0.5392273331316284,0.1339596291523355,0.0,0.0,0.9413594640509899,0.7300243644881621,0.2113350995628278
2026.01.08 09:26,102.6934,0.9769773075295518,0.783016143613173,0.19396116391637885,0.6664685008012299,0.5646755666655487,0.10179293413568113,0.0,0.0,0.9769773075295518,0.783016143613177,0.19396116391637486
2026.01.08 09:27,102.82386,1.004156446351459,0.8326996105851054,0.1714568357663535,0.6459618327757539,0.5809328198875898,0.0650290128881641,0.0,0.0,1.004156446351459,0.8326996105851094,0.1714568357663495
2026.01.08 09:28,102.92561,1.0221240742449567,0.8777781907606265,0.1443458834843302,0.6117856423472574,0.5871033843795234,0.024682257967734045,0.0,0.0,1.0221240742449567,0.8777781907606305,0.1443458834843262
2026.01.08 09:29,102.99818,1.030342197816836,0.9170571876162866,0.11328501020054926,0.5644462764870326,0.5825719628010253,-0.018125686313992695,0.0,-1.0,1.030342197816836,0.9170571876162907,0.11328501020054516
2026.01.08 09:30,103.04183,1.028521158474959,0.9494777949171963,0.07904336355776265,0.5048201649409378,0.5670216032290079,-0.06220143828807001,0.0,0.0,1.0285211584749732,0.949477794917202,0.0790433635577712
2026.01.08 09:31,103.05758,1.0166297896632415,0.9741475139588978,0.04248227570434371,0.4341326404457675,0.5404438106723598,-0.10631117022659231,0.0,0.0,1.0166297896632557,0.9741475139589034,0.04248227570435226
2026.01.08 09:32,103.04716,0.9948964404271265,0.99036607810125,0.004530362325876558,0.3539232667239105,0.50313970188267,-0.1492164351587595,0.0,0.0,0.9948964404271408,0.9903660781012573,0.004530362325883441
2026.01.08 09:33,103.01294,0.9638012358640538,0.9976453460470168,-0.03384411018296307,0.2659997738498845,0.4557117162761129,-0.1897119424262284,-1.0,0.0,0.9638012358640538,0.997645346047024,-0.03384411018297029
2026.01.08 09:34,102.95789,0.9240639532478099,0.9957236226244413,-0.07165966937663137,0.1723895547234804,0.3990472839655864,-0.22665772924210603,0.0,0.0,0.9240639532478099,0.9957236226244485,-0.07165966937663859
2026.01.08 09:35,102.88547,0.8766230172578844,0.9845731459275893,-0.10795012866970488,0.07528093584754458,0.3342940143419781,-0.2590130784944335,0.0,0.0,0.8766230172578844,0.9845731459275966,-0.10795012866971221
2026.01.08 09:36,102.79952,0.8226077766132676,0.9644010715122346,-0.14179329489896708,-0.02304088415463923,0.2628270346426546,-0.28586791879729384,0.0,0.0,0.8226077766132676,0.964401071512242,-0.1417932948989744
2026.01.08 09:37,102.70417,0.7633074282265824,0.9356436663990819,-0.17233623817249955,-0.12025675682116344,0.186210276349891,-0.30646703317105445,0.0,0.0,0.7633074282265966,0.9356436663990908,-0.17233623817249422
2026.01.08 09:38,102.60371,0.7001344780293266,0.8989539197560253,-0.19881944172669874,-0.21407932481555747,0.10615235611680132,-0.32023168093235876,0.0,0.0,0.7001344780293408,0.8989539197560359,-0.19881944172669508
2026.01.08 09:39,102.50246,0.6345843378117735,0.8551831619045603,-0.22059882409278686,-0.3023185085934301,0.02445818317475503,-0.32677669176818513,0.0,0.0,0.6345843378117735,0.8551831619045692,-0.22059882409279574
2026.01.08 09:40,102.40463,0.5681915574383396,0.805356691657349,-0.23716513421900942,-0.3829459552519978,-0.05702264451059555,-0.32592331074140224,0.0,0.0,0.5681915574383396,0.8053566916573563,-0.23716513421901675
2026.01.08 09:41,102.31423,0.502487908343042,0.7506446325368952,-0.24815672419385315,-0.45414938699552465,-0.13644799300758137,-0.3177013939879433,0.0,0.0,0.502487908343042,0.750644632536901,-0.24815672419385892
2026.01.08 09:42,102.23491,0.4389568110935329,0.6923285853401706,-0.2533717742466377,-0.5143877963068348,-0.21203595366743208,-0.30235184263940273,0.0,0.0,0.4389568110935329,0.6923285853401764,-0.2533717742466435
2026.01.08 09:43,102.16991,0.37899419289414027,0.6317652786342073,-0.252771085740067,-0.5624295524554839,-0.2821146734250425,-0.2803148790304414,0.0,0.0,0.37899419289414027,0.6317652786342131,-0.2527710857400728
2026.01.08 09:44,102.12189,0.3238652562092028,0.5703477496287982,-0.24648249341959538,-0.5973940064139498,-0.345170540022824,-0.2522234663911258,0.0,0.0,0.3238652562092028,0.570347749628804,-0.24648249341960116
2026.01.08 09:45,102.09293,0.27467209776705204,0.5094660075347742,-0.2347939097677222,-0.6187697277450752,-0.39989037756727425,-0.21887935017780097,0.0,0.0,0.27467209776705204,0.5094660075347801,-0.23479390976772807
2026.01.08 09:46,102.08441,0.23232062493896422,0.45046747383615,-0.21814684889718577,-0.6264324725056554,-0.44519879655495054,-0.18123367595070483,0.0,0.0,0.23232062493896422,0.45046747383615426,-0.21814684889719005
2026.01.08 09:47,102.09699,0.19749527585781834,0.3946186735948713,-0.19712339773705295,-0.6206478058166738,-0.4802885984072952,-0.14035920740937857,0.0,0.0,0.19749527585781834,0.39461867359487396,-0.19712339773705562
2026.01.08 09:48,102.13062,0.17064253483006553,0.3430695843746815,-0.17242704954461596,-0.6020583139702467,-0.5046425415198855,-0.09741577245036115,0.0,0.0,0.17064253483005132,0.3430695843746826,-0.17242704954463128
2026.01.08 09:49,102.18447,0.15195514473901994,0.2968210940747571,-0.14486594933573715,-0.5716714352172687,-0.5180483202593622,-0.053623114957906504,0.0,0.0,0.15195514473900573,0.29682109407475665,-0.14486594933575092
2026.01.08 09:50,102.25703,0.14137060669345658,0.25669694944702537,-0.11532634275356879,-0.5308236879703117,-0.5206033938015521,-0.01022029416875958,0.0,0.0,0.14137060669345658,0.2566969494470249,-0.11532634275356834
2026.01.08 09:51,102.34611,0.13857291327664711,0.22332096080070474,-0.08474804752405762,-0.4811434718318992,-0.5127114094076215,0.031567937575722294,0.0,1.0,0.13857291327664711,0.22332096080070427,-0.08474804752405715
2026.01.08 09:52,102.44891,0.14300237953665373,0.19709964820542847,-0.054097268668774734,-0.42450389143769485,-0.4950699058136362,0.07056601437594134,0.0,0.0,0.14300237953665373,0.197099648205428,-0.05409726866877426
2026.01.08 09:53,102.5621,0.15387250404765496,0.17821156463192314,-0.024339060584268185,-0.3629685319590692,-0.46864963104272284,0.10568109908365364,0.0,0.0,0.15387250404765496,0.17821156463192267,-0.024339060584267713
2026.01.08 09:54,102.68193,0.17019453887481006,0.16660294697722958,0.0035915918975804872,-0.2987296853325887,-0.43466564190069606,0.13593595656810736,1.0,0.0,0.17019453887481006,0.1666029469772291,0.003591591897580959
2026.01.08 09:55,102.80433,0.19080702155848428,0.16199032437939848,0.028816697179085804,-0.23404465217610948,-0.3945414439557788,0.1604967917796693,0.0,0.0,0.19080702155848428,0.161990324379398,0.028816697179086276
2026.01.08 09:56,102.92503,0.2144104536148319,0.1638697885746222,0.05054066504020971,-0.17116991716254404,-0.34986713859713187,0.17869722143458783,0.0,0.0,0.2144104536148319,0.16386978857462176,0.05054066504021015
2026.01.08 09:57,103.03966,0.23960402056934527,0.17153217587898661,0.06807184469035865,-0.11229885501980164,-0.30235348188166583,0.1900546268618642,0.0,0.0,0.23960402056934527,0.17153217587898772,0.06807184469035754
2026.01.08 09:58,103.14394,0.2649306725072762,0.18408501229768176,0.08084566020959444,-0.05949129607468251,-0.2537810447202692,0.19428974864558668,0.0,0.0,0.2649306725072762,0.18408501229768445,0.08084566020959175
2026.01.08 09:59,103.23372,0.2889162753360637,0.20047897548019367,0.08843729985587001,-0.014621124314416534,-0.20594906063909865,0.19132793632468212,0.0,0.0,0.2889162753360637,0.20047897548019636,0.08843729985586732
2026.01.08 10:00,103.30517,0.3101156362379811,0.219539278031453,0.0905763582065281,0.02068287185792883,-0.16062267413969317,0.181305545997622,0.0,0.0,0.3101156362379811,0.21953927803145568,0.09057635820652543
2026.01.08 10:01,103.35488,0.32715621089060676,0.2400008148485589,0.08715539604204786,0.04508588153838389,-0.11948096300407778,0.16456684454246168,0.0,0.0,0.32715621089060676,0.2400008148485616,0.08715539604204517
2026.01.08 10:02,103.37993,0.3387771031581508,0.26054577030528064,0.07823133285287015,0.05758264241427469,-0.0840682419204073,0.14165088433468198,0.0,0.0,0.3387771031581508,0.26054577030528336,0.07823133285286743
2026.01.08 10:03,103.37801,0.34386792071070715,0.2798428127314914,0.06402510797921573,0.05752929894349279,-0.055748733747627274,0.11327803269112006,0.0,0.0,0.34386792071070715,0.27984281273149414,0.06402510797921301
2026.01.08 10:04,103.34744,0.34149909775945275,0.29658637675382127,0.044912721005631484,0.044657093302973294,-0.035667568337507165,0.08032466164048047,0.0,0.0,0.34149909775945275,0.29658637675382393,0.04491272100562882
2026.01.08 10:05,103.28731,0.33095475957532017,0.3095357440827644,0.02141901549255576,0.019089541588712677,-0.0247161463522632,0.043805687940975876,0.0,0.0,0.33095475957530596,0.3095357440827655,0.02141901549254044
2026.01.08 10:06,103.19741,0.3117504517720704,0.31755201421640056,-0.005801562444330166,-0.018668658810469196,-0.0235066488439044,0.004837990033435203,-1.0,0.0,0.3117504517720562,0.31755201421640006,-0.005801562444343877
2026.01.08 10:07,103.07831,0.28365077526785853,0.31963202563424303,-0.0359812503663845,-0.06774119433288206,-0.03235355794169993,-0.03538763639118213,0.0,-1.0,0.2836507752678443,0.319632025634241,-0.035981250366396655
2026.01.08 10:08,102.93131,0.2466763760093471,0.31493870348683006,-0.06826232747748295,-0.12690711100755436,-0.05126426855487082,-0.07564284245268355,0.0,0.0,0.2466763760093329,0.31493870348682645,-0.06826232747749356
2026.01.08 10:09,102.75842,0.20110490791783775,0.30282640034014746,-0.10172149242230971,-0.19463512297976138,-0.07993843943984894,-0.11469668353991244,0.0,0.0,0.20110490791782354,0.30282640034014224,-0.1017214924223187
2026.01.08 10:10,102.56231,0.14746486986416585,0.282860695781654,-0.13539582591748817,-0.2691264592176026,-0.11777604339539968,-0.1513504158222029,0.0,0.0,0.14746486986416585,0.28286069578164885,-0.135395825917483
2026.01.08 10:11,102.34621,0.08651994124815587,0.254832122236099,-0.16831218098794315,-0.3483695825742217,-0.1638947512311641,-0.1844748313430576,0.0,0.0,0.08651994124817008,0.2548321222360954,-0.16831218098792533
2026.01.08 10:12,102.11385,0.019249242859558535,0.21876338025263806,-0.19951413739307952,-0.43019591947360425,-0.21715498487965212,-0.21304093459395212,0.0,0.0,0.019249242859572746,0.21876338025263603,-0.19951413739306328
2026.01.08 10:13,101.86936,-0.05317856063986426,0.17491030709715838,-0.22808886773702264,-0.5123402745515335,-0.2761920428140284,-0.2361482317375051,0.0,0.0,-0.05317856063986426,0.17491030709715638,-0.22808886773702064
2026.01.08 10:14,101.61713,-0.12943887892984662,0.12375545837436207,-0.2531943373042087,-0.5925082591666495,-0.33945528608455267,-0.25305297308209684,0.0,0.0,-0.12943887892984662,0.12375545837436164,-0.25319433730420826
2026.01.08 10:15,101.36169,-0.2080888846678164,0.06599553210326353,-0.2740844167710799,-0.6684435618504665,-0.4052529412377355,-0.263190620612731,0.0,0.0,-0.2080888846678164,0.06599553210326468,-0.2740844167710811
2026.01.08 10:16,101.1076,-0.28760716398197417,0.002522427742171013,-0.2901295917241452,-0.7379914267170449,-0.4718006383335974,-0.26619078838344745,0.0,0.0,-0.28760716398197417,0.002522427742173742,-0.29012959172414793
2026.01.08 10:17,100.85934,-0.36643445217417536,-0.0656009976115537,-0.30083345456262167,-0.7991572864441139,-0.5372719679557008,-0.2618853184884131,0.0,0.0,-0.36643445217417536,-0.0656009976115494,-0.30083345456262595
2026.01.08 10:18,100.62111,-0.4430219349210631,-0.13717064681587604,-0.3058512881051871,-0.8501726369911893,-0.5998521017627985,-0.2503205352283908,0.0,0.0,-0.4430219349210631,-0.13717064681587013,-0.305851288105193
2026.01.08 10:19,100.39682,-0.5158697697236647,-0.21087449565896832,-0.3049952740646964,-0.8895366500650113,-0.6577890114232411,-0.23174763864177017,0.0,0.0,-0.5158697697236647,-0.21087449565896244,-0.3049952740647023
2026.01.08 10:20,100.18989,-0.5835726628627498,-0.28532922944906897,-0.2982434334136808,-0.9160661297975423,-0.7094444350981014,-0.20662169469944092,0.0,0.0,-0.5835726628627498,-0.28532922944906464,-0.29824343341368514
2026.01.08 10:21,100.00321,-0.6448576912439421,-0.35911888879390236,-0.28573880245003974,-0.9289266392957245,-0.7533408759376261,-0.1755857633580984,0.0,0.0,-0.6448576912439421,-0.35911888879389964,-0.28573880245004246
2026.01.08 10:22,99.83904,-0.6986204036082029,-0.43083464912371777,-0.2677857544844851,-0.9276576223034994,-0.7882042252108008,-0.13945339709269855,0.0,0.0,-0.6986204036082029,-0.430834649123715,-0.2677857544844879
2026.01.08 10:23,99.69896,-0.743955173653049,-0.4991142374262958,-0.24484093622675318,-0.9121850439715189,-0.8130003889629445,-0.09918465500857443,0.0,0.0,-0.743955173653049,-0.4991142374262931,-0.2448409362267559
2026.01.08 10:24,99.58381,-0.7801815014812945,-0.5626800837389044,-0.21750141774239007,-0.8828259361861086,-0.8269654984075773,-0.055860437778531336,0.0,0.0,-0.7801815014812945,-0.5626800837389018,-0.21750141774239273
2026.01.08 10:25,99.49371,-0.8068604591646249,-0.6203748943147546,-0.18648556484987033,-0.8402754318777568,-0.8296274851016132,-0.010647946776143558,0.0,0.0,-0.8068604591646249,-0.6203748943147518,-0.1864855648498731
2026.01.08 10:26,99.428,-0.8238096088120841,-0.671194356163411,-0.15261525264867304,-0.7855929644776722,-0.8208205809768251,0.03522761649915285,0.0,1.0,-0.8238096088120699,-0.6711943561634067,-0.15261525264866316
2026.01.08 10:27,99.38535,-0.831102992623471,-0.7143144736859008,-0.11678851893757014,-0.7201639104367814,-0.8006892468688164,0.08052533643203497,0.0,0.0,-0.8311029926234568,-0.714314473685895,-0.11678851893756181
2026.01.08 10:28,99.3637,-0.8290729885711414,-0.7491148313356205,-0.07995815723552091,-0.6456691266196941,-0.769685222818992,0.12401609619929788,0.0,0.0,-0.8290729885711272,-0.749114831335613,-0.07995815723551425
2026.01.08 10:29,99.36043,-0.8182952590307764,-0.7751951197987346,-0.04310013923204181,-0.5640281363020563,-0.7285538055156049,0.1645256692135486,0.0,0.0,-0.8182952590307764,-0.775195119798727,-0.04310013923204936
2026.01.08 10:30,99.37237,-0.79957338820536,-0.7923857527944477,-0.007187635410912274,-0.4773482579864492,-0.6783126960097737,0.20096443802332453,0.0,0.0,-0.79957338820536,-0.7923857527944401,-0.007187635410919824
2026.01.08 10:31,99.39589,-0.7739170690320947,-0.8007520489526578,0.026834979920563162,-0.3878680268168324,-0.6202237621711855,0.23235573535435305,1.0,0.0,-0.7739170690320947,-0.8007520489526504,0.026834979920555724
2026.01.08 10:32,99.42708,-0.74250830536036,-0.8005912858090257,0.058082980448665666,-0.2978856589039509,-0.5557561415177386,0.25787048261378764,0.0,0.0,-0.7425083053603743,-0.8005912858090198,0.05808298044864557
2026.01.08 10:33,99.4618,-0.7066689799154489,-0.792423227857265,0.08575424794181619,-0.20969781212630778,-0.48654447563945247,0.2768466635131447,0.0,0.0,-0.7066689799154631,-0.7924232278572608,0.08575424794179776
2026.01.08 10:34,99.49583,-0.6678218847102926,-0.7769744973623393,0.10915261265204668,-0.1255333866697157,-0.4143422578455051,0.2888088711757894,0.0,0.0,-0.6678218847102926,-0.7769744973623349,0.10915261265204235
2026.01.08 10:35,99.52501,-0.6274478712622624,-0.7551565265234702,0.12770865526120778,-0.04748756174355151,-0.34097131862511443,0.2934837568815629,0.0,0.0,-0.6274478712622482,-0.7551565265234659,0.12770865526121766
2026.01.08 10:36,99.54533,-0.5870444376917021,-0.7280389093088292,0.14099447161712708,0.0225346045986754,-0.2682701339803565,0.2908047385790319,0.0,0.0,-0.5870444376917021,-0.7280389093088265,0.14099447161712442
2026.01.08 10:37,99.55309,-0.548080329478978,-0.6968175027430332,0.14873717326405522,0.08287575608083841,-0.19804095596811752,0.28091671204895596,0.0,0.0,-0.548080329478978,-0.6968175027430321,0.1487371732640541
2026.01.08 10:38,99.54498,-0.5119539161558464,-0.6627795757569299,0.15082565960108352,0.13217114982231237,-0.13199853481003154,0.2641696846323439,0.0,0.0,-0.5119539161558464,-0.6627795757569288,0.1508256596010824
2026.01.08 10:39,99.5182,-0.47995180980689156,-0.627266067045989,0.1473142572390974,0.16938861848598208,-0.07172110415082883,0.2411097226368109,0.0,0.0,-0.47995180980689156,-0.6272660670459879,0.1473142572390963
2026.01.08 10:40,99.47054,-0.45321133549010995,-0.5916320966524351,0.13842076116232516,0.19385775222295365,-0.018605332876072335,0.21246308509902598,0.0,0.0,-0.45321133549010995,-0.591632096652434,0.13842076116232405
2026.01.08 10:41,99.40045,-0.4326872449514383,-0.5572075343847771,0.12452028943333882,0.20528881834717083,0.026173497368576305,0.17911532097859453,0.0,0.0,-0.4326872449514383,-0.5572075343847744,0.12452028943333615
2026.01.08 10:42,99.30707,-0.41912532507127764,-0.5252582394020914,0.10613291433081373,0.20377785618180155,0.06169436913122135,0.14208348705058021,0.0,0.0,-0.41912532507127764,-0.5252582394020872,0.10613291433080951
2026.01.08 10:43,99.19031,-0.4130377203210571,-0.49694888780328744,0.08391116748223032,0.18980864877538295,0.08731722506005368,0.10249142371532927,0.0,0.0,-0.4130377203210571,-0.4969488878032833,0.08391116748222616
2026.01.08 10:44,99.05078,-0.4146918451427126,-0.4733093293455597,0.05861748420284707,0.16423082859431304,0.10269994576690555,0.061530882827407485,0.0,0.0,-0.4146918451427126,-0.4733093293455571,0.05861748420284446
2026.01.08 10:45,98.88985,-0.42409969968795735,-0.45520435845625473,0.031104658768297377,0.1282401142370304,0.10780797946093053,0.020432134776099883,0.0,0.0,-0.42409969968795735,-0.4552043584562521,0.03110465876829477
2026.01.08 10:46,98.70959,-0.4410171959876692,-0.4433084547349982,0.0022912587473289947,0.08334333473921163,0.10291505051658675,-0.019571715777375126,0.0,-1.0,-0.4410171959876692,-0.4433084547349956,0.0022912587473263857
2026.01.08 10:47,98.51268,-0.4649537278921372,-0.43808621159458605,-0.02686751629755113,0.031309466988219015,0.08859393381091321,-0.0572844668226942,-1.0,0.0,-0.4649537278921372,-0.43808621159458344,-0.02686751629755374
2026.01.08 10:48,98.30239,-0.4951840736532773,-0.4397786853552956,-0.05540538829798175,-0.025877809409067254,0.06569958516691712,-0.09157739457598438,0.0,0.0,-0.4951840736532773,-0.43977868535529296,-0.05540538829798436
2026.01.08 10:49,98.08246,-0.5307699676410351,-0.4483963111498428,-0.08237365649119233,-0.08607930702552835,0.03534380672842803,-0.12142311375395638,0.0,0.0,-0.5307699676410351,-0.4483963111498402,-0.08237365649119494
2026.01.08 10:50,97.85701,-0.5705866085984894,-0.46371846266618183,-0.10686814593230759,-0.147061653460554,-0.001137285309368373,-0.14592436815118562,0.0,0.0,-0.5705866085984894,-0.4637184626661792,-0.1068681459323102
2026.01.08 10:51,97.63039,-0.613357519791947,-0.48529981763514507,-0.1280577021568019,-0.20656664745349929,-0.04222315773819456,-0.1643434897153047,0.0,0.0,-0.613357519791947,-0.48529981763514246,-0.1280577021568045
2026.01.08 10:52,97.40711,-0.6576891736353616,-0.5124833124478456,-0.145205861187516,-0.26237261409862356,-0.08625304901028036,-0.1761195650883432,0.0,0.0,-0.6576891736353474,-0.5124833124478414,-0.145205861187506
2026.01.08 10:53,97.19168,-0.7021122166906224,-0.5444189092865023,-0.15769330740412013,-0.3123608577952126,-0.1314746107672668,-0.1808862470279458,0.0,0.0,-0.702112216690594,-0.5444189092864948,-0.15769330740409915
2026.01.08 10:54,96.98849,-0.7451242052189144,-0.580088298789942,-0.16503590642897248,-0.35457768619860985,-0.17609522585353543,-0.17848246034507442,0.0,0.0,-0.745124205218886,-0.5800882987899314,-0.1650359064289546
2026.01.08 10:55,96.80168,-0.7852338349180741,-0.6183345920044314,-0.16689924291364266,-0.38729253818850395,-0.21833468832052913,-0.16895784986797482,0.0,0.0,-0.7852338349180457,-0.6183345920044176,-0.166899242913628
2026.01.08 10:56,96.63504,-0.8210034441135008,-0.657895671584583,-0.16310777252891784,-0.40904699610727846,-0.256477149877879,-0.15256984622939945,0.0,0.0,-0.8210034441134724,-0.6578956715845661,-0.1631077725289063
2026.01.08 10:57,96.49191,-0.8510896798750167,-0.697440738942554,-0.15364894093246273,-0.41869554747313487,-0.2889208293969302,-0.12977471807620466,0.0,0.0,-0.8510896798749883,-0.6974407389425339,-0.1536489409324544
2026.01.08 10:58,96.37502,-0.8742870477237688,-0.735609303396191,-0.13867774432757773,-0.4154474066435654,-0.3142261448462572,-0.10122126179730817,0.0,0.0,-0.8742870477237688,-0.735609303396171,-0.13867774432759772
2026.01.08 10:59,96.28652,-0.8895580675742423,-0.7710505766157191,-0.1185074909585232,-0.3988804370579686,-0.33115700328859954,-0.06772343376936907,0.0,0.0,-0.8895580675742423,-0.7710505766156991,-0.11850749095854318
2026.01.08 11:00,96.22782,-0.8960677490231888,-0.8024628243080792,-0.0936049247151095,-0.36896169791043576,-0.3387179422129668,-0.030243755697468955,0.0,0.0,-0.8960677490231888,-0.8024628243080593,-0.09360492471512949
2026.01.08 11:01,96.19962,-0.8932059011666951,-0.8286313495893385,-0.06457455157735659,-0.326044620358104,-0.33618327784199425,0.010138657483890257,0.0,1.0,-0.8932059011666951,-0.8286313495893202,-0.0645745515773749
2026.01.08 11:02,96.20186,-0.8806060385877714,-0.8484639964667995,-0.032142042120971936,-0.2708609365650858,-0.32311880958661254,0.052257873021526735,0.0,0.0,-0.8806060385877714,-0.8484639964667843,-0.032142042120987147
2026.01.08 11:03,96.23373,-0.8581566187485805,-0.8610231535256513,0.0028665347770707728,-0.20450033396993206,-0.2993951144632765,0.09489478049334443,1.0,0.0,-0.8581566187485805,-0.8610231535256392,0.0028665347770586713
2026.01.08 11:04,96.29367,-0.826006940883147,-0.8655534986328816,0.03954655774973459,-0.12838328049329562,-0.2651927476692803,0.1368094671759847,0.0,0.0,-0.826006940883147,-0.8655534986328727,0.03954655774972571
2026.01.08 11:05,96.37949,-0.7845592224314828,-0.8615041406682129,0.07694491823673011,-0.044212679698432567,-0.22099673407511075,0.17678405437667818,0.0,0.0,-0.7845592224314828,-0.8615041406682072,0.07694491823672445
2026.01.08 11:06,96.48833,-0.7344626997422239,-0.8485455873201249,0.11408288757790097,0.04606526304139891,-0.16758433465180883,0.21364959769320774,0.0,0.0,-0.7344626997422239,-0.8485455873201223,0.11408288757789842
2026.01.08 11:07,96.61683,-0.67659262983193,-0.8265795408876984,0.14998691105576833,0.140322440267596,-0.10600297966792786,0.24632541993552387,0.0,0.0,-0.67659262983193,-0.8265795408876957,0.14998691105576567
2026.01.08 11:08,96.76118,-0.6120272744340554,-0.7957427860943442,0.18371551166028888,0.23630690346692518,-0.037541003040957255,0.27384790650788243,0.0,0.0,-0.6120272744340411,-0.79574278609434,0.18371551166029887
2026.01.08 11:09,96.91725,-0.5420171837441501,-0.7564038343966732,0.21438665065252316,0.3317081305501972,0.036308823677273644,0.2953993068729236,0.0,0.0,-0.5420171837441359,-0.7564038343966675,0.2143866506525316
2026.01.08 11:10,97.08069,-0.46795119036893595,-0.7091533109747,0.24120212060576407,0.42422095939816984,0.11389125082145289,0.31032970857671693,0.0,0.0,-0.46795119036892174,-0.7091533109746927,0.24120212060577095
2026.01.08 11:11,97.2471,-0.39131462928726535,-0.6547875988301993,0.263472969542934,0.5116163688911257,0.19343627443538747,0.31818009445573825,0.0,0.0,-0.39131462928725114,-0.6547875988301904,0.2634729695429393
2026.01.08 11:12,97.41208,-0.313651515855355,-0.5942870318420631,0.2806355159867081,0.5917976227222539,0.27310854409276075,0.31868907862949314,0.0,0.0,-0.3136515158553408,-0.5942870318420527,0.2806355159867119
2026.01.08 11:13,97.57144,-0.23651749233057728,-0.5287882042251109,0.2922707118945336,0.662866866475909,0.3510602085693904,0.31180665790651857,0.0,0.0,-0.23651749233056307,-0.528788204225099,0.2922707118945359
2026.01.08 11:14,97.72125,-0.16143884150825727,-0.4595526063447525,0.2981137648364952,0.7231739389522858,0.4254829546459695,0.29769098430631624,0.0,0.0,-0.16143884150824306,-0.459552606344739,0.29811376483649593
2026.01.08 11:15,97.858,-0.0898679459465086,-0.38793096703411745,0.29806302108760885,0.7713664981042001,0.4946596633376157,0.2767068347665844,0.0,0.0,-0.08986794594649439,-0.38793096703410235,0.29806302108760796
2026.01.08 11:16,97.97868,-0.023142851749170745,-0.3153254361360331,0.29218258438686234,0.8064277625091734,0.5570132831719272,0.24941447933724614,0.0,0.0,-0.023142851749156534,-0.31532543613601643,0.2921825843868599
2026.01.08 11:17,98.08086,0.03754949101796967,-0.24315023997469698,0.28069973099266665,0.8277040361671624,0.6111514337709743,0.21655260239618812,0.0,0.0,0.03754949101798388,-0.2431502399746803,0.2806997309926642
2026.01.08 11:18,98.16278,0.09120748616579988,-0.17279194331803588,0.26399942948383576,0.8349252429230063,0.6559061956013807,0.17901904732162555,0.0,0.0,0.09120748616581409,-0.1727919433180192,0.26399942948383326
