time,open,high,low,close,tick_volume,real_volume,buffer0,buffer1,buffer2,buffer3,buffer4,buffer5,buffer6,buffer7,buffer8,buffer9
1785715200,2300.0,2300.27,2299.74,2300.0,100,20,EMPTY,EMPTY,EMPTY,EMPTY,EMPTY,EMPTY,EMPTY,EMPTY,EMPTY,EMPTY
1785715260,2300.0,2302.06697,2299.67,2301.73697,101,21,EMPTY,EMPTY,EMPTY,EMPTY,EMPTY,EMPTY,EMPTY,EMPTY,0.00050189359262731159,EMPTY
1785715320,2301.73697,2303.70152,2301.33697,2303.31152,102,22,EMPTY,EMPTY,EMPTY,EMPTY,EMPTY,EMPTY,EMPTY,EMPTY,0.0007060718729441362,EMPTY
1785715380,2303.31152,2305.03901,2303.05152,2304.58901,103,23,EMPTY,EMPTY,EMPTY,EMPTY,EMPTY,EMPTY,EMPTY,EMPTY,0.00062651340494657148,EMPTY
1785715440,2304.58901,2305.7553,2304.25901,2305.4853,104,24,EMPTY,EMPTY,EMPTY,EMPTY,EMPTY,EMPTY,EMPTY,EMPTY,0.00040787293952515569,EMPTY
1785715500,2305.4853,2306.3103,2305.0853,2305.9803,105,25,EMPTY,EMPTY,EMPTY,EMPTY,EMPTY,EMPTY,EMPTY,EMPTY,0.00027127982322294741,EMPTY
1785715560,2305.9803,2306.51,2305.7203,2306.12,106,26,EMPTY,EMPTY,EMPTY,EMPTY,EMPTY,EMPTY,EMPTY,EMPTY,0.00014085274419617377,EMPTY
1785715620,2306.12,2306.57,2305.67651,2306.00651,107,27,EMPTY,EMPTY,EMPTY,EMPTY,EMPTY,EMPTY,EMPTY,EMPTY,-1.4061254449693195e-05,EMPTY
1785715680,2306.00651,2306.27651,2305.37791,2305.77791,108,28,EMPTY,EMPTY,EMPTY,EMPTY,EMPTY,EMPTY,EMPTY,EMPTY,-0.00011863380529408829,EMPTY
1785715740,2305.77791,2306.10791,2305.32184,2305.58184,109,29,EMPTY,EMPTY,EMPTY,EMPTY,EMPTY,EMPTY,EMPTY,EMPTY,-6.0824996301001022e-05,EMPTY
1785715800,2305.58184,2305.97184,2305.21733,2305.54733,110,30,EMPTY,EMPTY,EMPTY,EMPTY,EMPTY,EMPTY,EMPTY,EMPTY,-3.9770855772225389e-05,EMPTY
1785715860,2305.54733,2306.21024,2305.14733,2305.76024,111,31,EMPTY,EMPTY,EMPTY,EMPTY,EMPTY,EMPTY,EMPTY,EMPTY,5.5127080501371495e-05,EMPTY
1785715920,2305.76024,2306.51675,2305.50024,2306.24675,112,32,EMPTY,EMPTY,EMPTY,EMPTY,EMPTY,EMPTY,EMPTY,EMPTY,0.00016565209979635398,EMPTY
1785715980,2306.24675,2307.29786,2305.91675,2306.96786,113,20,EMPTY,EMPTY,EMPTY,EMPTY,EMPTY,EMPTY,EMPTY,EMPTY,0.00027730425557592753,EMPTY
1785716040,2306.96786,2308.21589,2306.56786,2307.82589,114,21,EMPTY,EMPTY,EMPTY,EMPTY,EMPTY,EMPTY,EMPTY,EMPTY,0.00035067636725116813,EMPTY
1785716100,2307.82589,2309.132,2307.56589,2308.682,115,22,EMPTY,EMPTY,EMPTY,EMPTY,EMPTY,EMPTY,EMPTY,EMPTY,0.000400094184207056,EMPTY
1785716160,2308.682,2309.65126,2308.352,2309.38126,116,23,EMPTY,EMPTY,EMPTY,EMPTY,EMPTY,EMPTY,EMPTY,EMPTY,0.000289419491251941,EMPTY
1785716220,2309.38126,2310.11088,2308.98126,2309.78088,117,24,EMPTY,EMPTY,EMPTY,EMPTY,EMPTY,EMPTY,EMPTY,EMPTY,0.0002148487788184994,EMPTY
1785716280,2309.78088,2310.17088,2309.51653,2309.77653,118,25,EMPTY,EMPTY,EMPTY,EMPTY,EMPTY,EMPTY,EMPTY,EMPTY,8.5280073945703805e-05,EMPTY
1785716340,2309.77653,2310.22653,2308.99168,2309.32168,119,26,EMPTY,EMPTY,EMPTY,EMPTY,EMPTY,EMPTY,EMPTY,EMPTY,-0.00013335975551864721,EMPTY
1785716400,2309.32168,2309.59168,2308.03677,2308.43677,120,27,EMPTY,EMPTY,EMPTY,EMPTY,EMPTY,EMPTY,EMPTY,EMPTY,-0.00035723429237677351,EMPTY
1785716460,2308.43677,2308.76677,2306.94625,2307.20625,121,28,EMPTY,EMPTY,EMPTY,EMPTY,EMPTY,EMPTY,EMPTY,EMPTY,-0.00045432212829510377,EMPTY
1785716520,2307.20625,2307.59625,2305.43422,2305.76422,122,29,EMPTY,EMPTY,EMPTY,EMPTY,EMPTY,EMPTY,EMPTY,EMPTY,-0.00059596378512072334,EMPTY
1785716580,2305.76422,2306.21422,2303.87113,2304.27113,123,30,EMPTY,EMPTY,EMPTY,EMPTY,EMPTY,EMPTY,EMPTY,EMPTY,-0.00064167738756637505,EMPTY
1785716640,2304.27113,2304.54113,2302.62589,2302.88589,124,31,EMPTY,EMPTY,EMPTY,EMPTY,EMPTY,EMPTY,EMPTY,EMPTY,-0.00062260455656470981,EMPTY
1785716700,2302.88589,2303.21589,2301.40829,2301.73829,125,32,EMPTY,EMPTY,EMPTY,EMPTY,EMPTY,EMPTY,EMPTY,EMPTY,-0.00053421093478522863,EMPTY
1785716760,2301.73829,2302.12829,2300.507,2300.907,126,20,EMPTY,EMPTY,EMPTY,EMPTY,EMPTY,EMPTY,EMPTY,EMPTY,-0.00040842860080747556,EMPTY
1785716820,2300.907,2301.357,2300.14681,2300.40681,127,21,EMPTY,EMPTY,EMPTY,EMPTY,EMPTY,EMPTY,EMPTY,EMPTY,-0.00023638051112584435,EMPTY
1785716880,2300.40681,2300.67681,2299.85763,2300.18763,128,22,EMPTY,EMPTY,EMPTY,EMPTY,EMPTY,EMPTY,EMPTY,EMPTY,-0.00017222076825973431,EMPTY
1785716940,2300.18763,2300.51763,2299.74545,2300.14545,129,23,EMPTY,EMPTY,EMPTY,EMPTY,EMPTY,EMPTY,EMPTY,EMPTY,-4.5436857188718704e-05,EMPTY
1785717000,2300.14545,2300.53545,2299.88298,2300.14298,130,24,EMPTY,EMPTY,EMPTY,EMPTY,0.16790234217585764,EMPTY,EMPTY,EMPTY,2.2154964567810964e-05,0.00036498240247625309
1785717060,2300.14298,2300.59298,2299.70653,2300.03653,131,25,EMPTY,EMPTY,EMPTY,EMPTY,0.16239532747179919,EMPTY,EMPTY,EMPTY,-3.2660194865918868e-05,0.00035302771358983415
1785717120,2300.03653,2300.30653,2299.3039,2299.7039,132,26,EMPTY,EMPTY,EMPTY,EMPTY,0.15049832557898277,EMPTY,EMPTY,EMPTY,-0.00014807766493696306,0.00032721239803737943
1785717180,2299.7039,2300.0339,2298.80845,2299.06845,133,27,EMPTY,EMPTY,EMPTY,EMPTY,0.1396081443631875,EMPTY,EMPTY,EMPTY,-0.00020345105506613947,0.00030361893827734332
1785717240,2299.06845,2299.45845,2297.78475,2298.11475,134,28,EMPTY,EMPTY,EMPTY,EMPTY,0.13544141664863313,EMPTY,EMPTY,EMPTY,-0.0003701588181046489,0.00029467940329923282
1785717300,2298.11475,2298.56475,2296.49301,2296.89301,135,29,EMPTY,EMPTY,EMPTY,EMPTY,0.135429043889226,EMPTY,EMPTY,EMPTY,-0.00049424875275505542,0.00029480921248749417
1785717360,2296.89301,2297.16301,2295.25152,2295.51152,136,30,EMPTY,EMPTY,EMPTY,EMPTY,0.13857643500603656,EMPTY,EMPTY,EMPTY,-0.00058414457066913172,0.00030184216850725402
1785717420,2295.51152,2295.84152,2293.78834,2294.11834,100,31,EMPTY,EMPTY,EMPTY,EMPTY,0.14303082853423046,EMPTY,EMPTY,EMPTY,-0.0006067308959423201,0.00031173376290220161
1785717480,2294.11834,2294.50834,2292.47565,2292.87565,101,32,EMPTY,EMPTY,EMPTY,EMPTY,0.14657908876862899,EMPTY,EMPTY,EMPTY,-0.0005650495347824247,0.00031964029267925843
1785717540,2292.87565,2293.32565,2291.6714,2291.9314,102,20,EMPTY,EMPTY,EMPTY,EMPTY,0.1474908055412045,EMPTY,EMPTY,EMPTY,-0.00042614453681899533,0.0003217609513557092
1785717600,2291.9314,2292.2014,2291.06338,2291.39338,103,21,EMPTY,EMPTY,EMPTY,EMPTY,0.14726874509930257,EMPTY,EMPTY,EMPTY,-0.00033018590290812,0.00032135194765052207
1785717660,2291.39338,2291.72338,2290.91039,2291.31039,104,22,EMPTY,EMPTY,EMPTY,EMPTY,0.1458838328338235,EMPTY,EMPTY,EMPTY,-0.00010386510337934141,0.00031834149024616325
1785717720,2291.31039,2292.05404,2291.05039,2291.66404,105,23,EMPTY,EMPTY,EMPTY,EMPTY,0.14513103383303114,EMPTY,EMPTY,EMPTY,0.00011991086339069312,0.00031664989130132518
1785717780,2291.66404,2292.82252,2291.33404,2292.37252,106,24,EMPTY,EMPTY,EMPTY,EMPTY,0.14468583183983558,EMPTY,EMPTY,EMPTY,0.00025606456455751214,0.00031558097686460568
1785717840,2292.37252,2293.57582,2291.97252,2293.30582,107,25,EMPTY,EMPTY,EMPTY,EMPTY,0.14440482896596285,EMPTY,EMPTY,EMPTY,0.00033806110401624068,0.00031483988682757288
1785717900,2293.30582,2294.63941,2293.04582,2294.30941,108,26,EMPTY,EMPTY,EMPTY,EMPTY,0.14620578823928393,EMPTY,EMPTY,EMPTY,0.00045643696841235482,0.00031862700732959107
1785717960,2294.30941,2295.62226,2293.97941,2295.23226,109,27,EMPTY,EMPTY,EMPTY,EMPTY,0.14952816384543877,EMPTY,EMPTY,EMPTY,0.000412482806162906,0.0003257364547617476
1785718020,2295.23226,2296.40403,2294.83226,2295.95403,110,28,EMPTY,EMPTY,EMPTY,EMPTY,0.15243098977881064,EMPTY,EMPTY,EMPTY,0.00034219951696545792,0.00033195566589547666
1785718080,2295.95403,2296.67645,2295.69403,2296.40645,111,29,EMPTY,EMPTY,EMPTY,EMPTY,0.15482788789254273,EMPTY,EMPTY,EMPTY,0.00023034462527693478,0.00033710906858962783
1785718140,2296.40645,2296.91501,2296.07645,2296.58501,112,30,EMPTY,EMPTY,EMPTY,EMPTY,0.15690468969458415,EMPTY,EMPTY,EMPTY,0.00011605740942854936,0.00034160435823489104
1785718200,2296.58501,2296.97501,2296.14896,2296.54896,113,31,EMPTY,EMPTY,EMPTY,EMPTY,0.15707149352518529,EMPTY,EMPTY,EMPTY,1.4000762625698826e-05,0.00034197288248795984
1785718260,2296.54896,2296.99896,2296.14938,2296.40938,114,32,EMPTY,EMPTY,EMPTY,EMPTY,0.15573976449874832,EMPTY,EMPTY,EMPTY,-1.6722268888713643e-05,0.00033909407846685488
1785718320,2296.40938,2296.67938,2295.97785,2296.30785,115,20,EMPTY,EMPTY,EMPTY,EMPTY,0.15133176008240659,EMPTY,EMPTY,EMPTY,-8.60237354851634e-05,0.00032951104548635882
1785718380,2296.30785,2296.71924,2295.90785,2296.38924,116,21,EMPTY,EMPTY,EMPTY,EMPTY,0.14568504206018509,EMPTY,EMPTY,EMPTY,7.4394061755356233e-06,0.00031720459128302018
1785718440,2296.38924,2297.16388,2296.12924,2296.77388,117,22,EMPTY,EMPTY,EMPTY,EMPTY,0.14093240506598015,EMPTY,EMPTY,EMPTY,0.00015250216242623793,0.00030680513718220304
1785718500,2296.77388,2297.98413,2296.44388,2297.53413,118,23,EMPTY,EMPTY,EMPTY,EMPTY,0.13908634759758307,EMPTY,EMPTY,EMPTY,0.00027501610868618798,0.00030268614028724583
1785718560,2297.53413,2298.94944,2297.13413,2298.67944,119,24,EMPTY,EMPTY,EMPTY,EMPTY,0.14140370912616032,EMPTY,EMPTY,EMPTY,0.00040631404602109455,0.000307575964411463
1785718620,2298.67944,2300.48299,2298.41944,2300.15299,120,25,EMPTY,EMPTY,EMPTY,EMPTY,0.15066322030011889,EMPTY,EMPTY,EMPTY,0.00062236720895469944,0.00032750695487459479
1785718680,2300.15299,2302.23021,2299.82299,2301.84021,121,26,EMPTY,EMPTY,EMPTY,EMPTY,0.161199973432573,EMPTY,EMPTY,EMPTY,0.00070100820595708768,0.0003501545692274031
1785718740,2301.84021,2304.03783,2301.44021,2303.58783,122,27,EMPTY,EMPTY,EMPTY,EMPTY,0.17221452453020306,EMPTY,EMPTY,EMPTY,0.00074892861651409959,0.00037379630654283118
1785718800,2303.58783,2305.5,2303.32783,2305.23,123,28,EMPTY,EMPTY,EMPTY,EMPTY,0.18128007980686953,EMPTY,EMPTY,EMPTY,0.00072226225060934013,0.00039319304322533874
1785718860,2305.23,2306.94671,2304.9,2306.61671,124,29,EMPTY,EMPTY,EMPTY,EMPTY,0.18721118518484958,EMPTY,EMPTY,EMPTY,0.00063699018701601773,0.00040581338107285625
1785718920,2306.61671,2308.02932,2306.21671,2307.63932,125,30,EMPTY,EMPTY,EMPTY,EMPTY,0.18911332698767569,EMPTY,EMPTY,EMPTY,0.00049448610386804148,0.00040975495032663002
1785718980,2307.63932,2308.69868,2307.37932,2308.24868,126,31,EMPTY,EMPTY,EMPTY,EMPTY,0.18825162751621266,EMPTY,EMPTY,EMPTY,0.00035263507737859356,0.00040778021265068509
1785719040,2308.24868,2308.73248,2307.91868,2308.46248,127,32,EMPTY,EMPTY,EMPTY,EMPTY,0.1833904688321823,EMPTY,EMPTY,EMPTY,0.00011364502574284785,0.00039721344925688868
1785719100,2308.46248,2308.79248,2307.96052,2308.36052,128,20,EMPTY,EMPTY,EMPTY,EMPTY,0.17557815872354884,EMPTY,EMPTY,EMPTY,-1.7328235735192266e-08,0.00038030922206975886
1785719160,2308.36052,2308.75052,2307.80881,2308.06881,129,21,EMPTY,EMPTY,EMPTY,EMPTY,0.16492443779935884,EMPTY,EMPTY,EMPTY,-7.0092282168587872e-05,0.00035727799163699715
1785719220,2308.06881,2308.51881,2307.40537,2307.73537,130,22,EMPTY,EMPTY,EMPTY,EMPTY,0.15326815133182034,EMPTY,EMPTY,EMPTY,-0.00013988588672653179,0.00033207479792585654
1785719280,2307.73537,2308.00537,2307.10219,2307.50219,131,23,EMPTY,EMPTY,EMPTY,EMPTY,0.14216640210140372,EMPTY,EMPTY,EMPTY,-0.0001516365136726705,0.00030805258325974482
1785719340,2307.50219,2307.83219,2307.21846,2307.47846,132,24,EMPTY,EMPTY,EMPTY,EMPTY,0.13291627057794447,EMPTY,EMPTY,EMPTY,-1.1648853914358881e-05,0.00028801194221753313
1785719400,2307.47846,2308.10995,2307.14846,2307.71995,133,25,EMPTY,EMPTY,EMPTY,EMPTY,0.12511269204821257,EMPTY,EMPTY,EMPTY,6.4894696151007736e-05,0.00027107425242004033
1785719460,2307.71995,2308.66826,2307.31995,2308.21826,134,26,EMPTY,EMPTY,EMPTY,EMPTY,0.12188181884178249,EMPTY,EMPTY,EMPTY,0.00017738045939186264,0.00026401710131558896
1785719520,2308.21826,2309.17198,2307.95826,2308.90198,135,27,EMPTY,EMPTY,EMPTY,EMPTY,0.12146906296137754,EMPTY,EMPTY,EMPTY,0.00026364166733028327,0.00026304508379644927
1785719580,2308.90198,2309.97954,2308.57198,2309.64954,136,28,EMPTY,EMPTY,EMPTY,EMPTY,0.12162848122530089,EMPTY,EMPTY,EMPTY,0.00031309419639224956,0.00026330505801607651
1785719640,2309.64954,2310.70133,2309.24954,2310.31133,100,29,EMPTY,EMPTY,EMPTY,EMPTY,0.12149957758633403,EMPTY,EMPTY,EMPTY,0.00029745578229434244,0.00026295065952503904
1785719700,2310.31133,2311.18718,2310.05133,2310.73718,101,30,EMPTY,EMPTY,EMPTY,EMPTY,0.12020171181270067,EMPTY,EMPTY,EMPTY,0.00024721693889873109,0.00026009386280074625
1785719760,2310.73718,2311.07411,2310.40718,2310.80411,102,31,EMPTY,EMPTY,EMPTY,EMPTY,0.12034673488975377,EMPTY,EMPTY,EMPTY,4.4677462151199165e-05,0.00026040012298955483
1785719820,2310.80411,2311.13411,2310.03931,2310.43931,103,32,EMPTY,EMPTY,EMPTY,EMPTY,0.12287425259039658,EMPTY,EMPTY,EMPTY,-9.7039085864558672e-05,0.00026591101540424485
1785719880,2310.43931,2310.82931,2309.3742,2309.6342,104,20,EMPTY,EMPTY,EMPTY,EMPTY,0.12885492261340872,EMPTY,EMPTY,EMPTY,-0.00025610884191173966,0.00027895093217230834
1785719940,2309.6342,2310.0842,2308.11698,2308.44698,105,21,EMPTY,EMPTY,EMPTY,EMPTY,0.13978792190406567,EMPTY,EMPTY,EMPTY,-0.00046036925758219382,0.00030277481595887822
1785720000,2308.44698,2308.71698,2306.59307,2306.99307,106,22,EMPTY,EMPTY,EMPTY,EMPTY,0.15440222362009376,EMPTY,EMPTY,EMPTY,-0.00062749013332741299,0.00033463954796382147
1785720060,2306.99307,2307.32307,2305.16549,2305.42549,107,23,EMPTY,EMPTY,EMPTY,EMPTY,0.16716707782923262,EMPTY,EMPTY,EMPTY,-0.00063424873948481064,0.00036255146512939921
1785720120,2305.42549,2305.81549,2303.57829,2303.90829,108,24,EMPTY,EMPTY,EMPTY,EMPTY,0.17902352077051012,EMPTY,EMPTY,EMPTY,-0.00066689438309897042,0.00038852136942158866
1785720180,2303.90829,2304.35829,2302.18828,2302.58828,109,25,EMPTY,EMPTY,EMPTY,EMPTY,0.18843865935377457,EMPTY,EMPTY,EMPTY,-0.00060296460752518044,0.00040918878331512782
1785720240,2302.58828,2302.85828,2301.3099,2301.5699,110,26,EMPTY,EMPTY,EMPTY,EMPTY,0.19444372414605904,EMPTY,EMPTY,EMPTY,-0.00049175552835922787,0.00042241542206921252
1785720300,2301.5699,2301.8999,2300.56786,2300.89786,111,27,EMPTY,EMPTY,EMPTY,EMPTY,0.19661420323535589,EMPTY,EMPTY,EMPTY,-0.00034360811170408567,0.00042725539158734293
1785720360,2300.89786,2301.28786,2300.15085,2300.55085,112,28,EMPTY,EMPTY,EMPTY,EMPTY,0.19530924920110265,EMPTY,EMPTY,EMPTY,-0.00019935162646955717,0.00042448366051353012
1785720420,2300.55085,2301.00085,2300.1871,2300.4471,113,29,EMPTY,EMPTY,EMPTY,EMPTY,0.1888200563488549,EMPTY,EMPTY,EMPTY,-5.1364769775297248e-05,0.00041039860544686053
1785720480,2300.4471,2300.73116,2300.1171,2300.46116,114,30,EMPTY,EMPTY,EMPTY,EMPTY,0.17944799256381669,EMPTY,EMPTY,EMPTY,-4.7182686384594774e-05,0.00039002612972569527
1785720540,2300.46116,2300.79116,2300.04851,2300.44851,115,31,EMPTY,EMPTY,EMPTY,EMPTY,0.16726668164961309,EMPTY,EMPTY,EMPTY,-3.0776815522770562e-06,0.00036355232669305228
1785720600,2300.44851,2300.83851,2300.01361,2300.27361,116,32,EMPTY,EMPTY,EMPTY,EMPTY,0.15418027660064113,EMPTY,EMPTY,EMPTY,-2.3539360732627301e-05,0.00033513464644025783
1785720660,2300.27361,2300.72361,2299.50638,2299.83638,117,20,EMPTY,EMPTY,EMPTY,EMPTY,0.14221283307479154,EMPTY,EMPTY,EMPTY,-0.00015351717364797679,0.00030918032759093831
1785720720,2299.83638,2300.10638,2298.69199,2299.09199,118,21,EMPTY,EMPTY,EMPTY,EMPTY,0.13424575163450067,EMPTY,EMPTY,EMPTY,-0.00031541047136496303,0.00029195385008170264
1785720780,2299.09199,2299.42199,2297.80061,2298.06061,119,22,EMPTY,EMPTY,EMPTY,EMPTY,0.12969211956261453,EMPTY,EMPTY,EMPTY,-0.00037803483263854076,0.00028217732595532918
1785720840,2298.06061,2298.45061,2296.49522,2296.82522,120,23,EMPTY,EMPTY,EMPTY,EMPTY,0.13121630742983451,EMPTY,EMPTY,EMPTY,-0.00050948665461714171,0.00028564713215277758
1785720900,2296.82522,2297.27522,2295.11777,2295.51777,121,24,EMPTY,EMPTY,EMPTY,EMPTY,0.13440096990520381,EMPTY,EMPTY,EMPTY,-0.00056028726268309015,0.00029274652468755185
1785720960,2295.51777,2295.78777,2294.03637,2294.29637,122,25,EMPTY,EMPTY,EMPTY,EMPTY,0.13737426490568369,EMPTY,EMPTY,EMPTY,-0.00055042716958553228,0.00029938212582728289
1785721020,2294.29637,2294.62637,2292.98751,2293.31751,123,26,EMPTY,EMPTY,EMPTY,EMPTY,0.13896868125458797,EMPTY,EMPTY,EMPTY,-0.00046336477046793334,0.00030298613394921483
1785721080,2293.31751,2293.70751,2292.30843,2292.70843,124,27,EMPTY,EMPTY,EMPTY,EMPTY,0.13916240237345559,EMPTY,EMPTY,EMPTY,-0.00032079581893906806,0.00030348909733248457
1785721140,2292.70843,2293.15843,2292.28461,2292.54461,125,28,EMPTY,EMPTY,EMPTY,EMPTY,0.13840919675581032,EMPTY,EMPTY,EMPTY,-0.00010710698888427572,0.0003018680555921883
1785721200,2292.54461,2293.10653,2292.21461,2292.83653,126,29,EMPTY,EMPTY,EMPTY,EMPTY,0.13789555654701505,EMPTY,EMPTY,EMPTY,2.4719134038342361e-05,0.00030070952451855567
1785721260,2292.83653,2293.85803,2292.43653,2293.52803,127,30,EMPTY,EMPTY,EMPTY,EMPTY,0.13932765143424999,EMPTY,EMPTY,EMPTY,0.00024202971317954791,0.00030374089527532392
1785721320,2293.52803,2294.89664,2293.26803,2294.50664,128,31,EMPTY,EMPTY,EMPTY,EMPTY,0.14349578424810117,EMPTY,EMPTY,EMPTY,0.00041398311401774635,0.00031269420132970537
1785721380,2294.50664,2296.07395,2294.17664,2295.62395,129,32,EMPTY,EMPTY,EMPTY,EMPTY,0.14793880207755467,EMPTY,EMPTY,EMPTY,0.00046529678481466163,0.0003222191554447641
1785721440,2295.62395,2296.99232,2295.22395,2296.72232,130,20,EMPTY,EMPTY,EMPTY,EMPTY,0.15197046446421147,EMPTY,EMPTY,EMPTY,0.00044487718586339042,0.00033084205073648497
1785721500,2296.72232,2297.99308,2296.46232,2297.66308,131,21,EMPTY,EMPTY,EMPTY,EMPTY,0.15739576682229656,EMPTY,EMPTY,EMPTY,0.00046148710367965862,0.00034251272127830109
1785721560,2297.66308,2298.74111,2297.33308,2298.35111,132,22,EMPTY,EMPTY,EMPTY,EMPTY,0.16226013697055713,EMPTY,EMPTY,EMPTY,0.0003346480536867702,0.0003529924915835795
1785721620,2298.35111,2299.20126,2297.95111,2298.75126,133,23,EMPTY,EMPTY,EMPTY,EMPTY,0.16544906426347866,EMPTY,EMPTY,EMPTY,0.00021440097813041348,0.00035986726172252027
1785721680,2298.75126,2299.16375,2298.49126,2298.89375,134,24,EMPTY,EMPTY,EMPTY,EMPTY,0.16672110229938775,EMPTY,EMPTY,EMPTY,9.3548265708065514e-05,0.00036261158720229616
1785721740,2298.89375,2299.22375,2298.53747,2298.86747,135,25,EMPTY,EMPTY,EMPTY,EMPTY,0.16528185502327294,EMPTY,EMPTY,EMPTY,1.1589787819232811e-05,0.00035948539265569956
1785721800,2298.86747,2299.25747,2298.40242,2298.80242,136,26,EMPTY,EMPTY,EMPTY,EMPTY,0.16028666674426312,EMPTY,EMPTY,EMPTY,-2.4125121774076774e-05,0.00034863080304279285
1785721860,2298.80242,2299.29465,2298.54242,2298.84465,100,27,EMPTY,EMPTY,EMPTY,EMPTY,0.15469763390445765,EMPTY,EMPTY,EMPTY,3.18143563990958e-05,0.00033646822090491771
1785721920,2298.84465,2299.39806,2298.51465,2299.12806,101,28,EMPTY,EMPTY,EMPTY,EMPTY,0.14744065517421515,EMPTY,EMPTY,EMPTY,5.2059913535629221e-05,0.00032064472123013267
1785721980,2299.12806,2300.07836,2298.72806,2299.74836,102,29,EMPTY,EMPTY,EMPTY,EMPTY,0.14240070411355965,EMPTY,EMPTY,EMPTY,0.00021949179367997118,0.00030960062107308049
1785722040,2299.74836,2301.13396,2299.48836,2300.74396,103,30,EMPTY,EMPTY,EMPTY,EMPTY,0.14219262846900732,EMPTY,EMPTY,EMPTY,0.0004074661045780914,0.00030901445563070675
1785722100,2300.74396,2302.53714,2300.41396,2302.08714,104,31,EMPTY,EMPTY,EMPTY,EMPTY,0.14658789962842439,EMPTY,EMPTY,EMPTY,0.00053192126614298729,0.00031838043200316121
1785722160,2302.08714,2303.95736,2301.68714,2303.68736,105,32,EMPTY,EMPTY,EMPTY,EMPTY,0.15400681986598103,EMPTY,EMPTY,EMPTY,0.00062161649169301114,0.0003342615463801065
1785722220,2303.68736,2305.73589,2303.42736,2305.40589,106,20,EMPTY,EMPTY,EMPTY,EMPTY,0.16505259240302284,EMPTY,EMPTY,EMPTY,0.00075771379592115551,0.00035796861871256616
1785722280,2305.40589,2307.4693,2305.07589,2307.0793,107,21,EMPTY,EMPTY,EMPTY,EMPTY,0.17385170223482968,EMPTY,EMPTY,EMPTY,0.00073084855687710615,0.0003767787744331755
1785722340,2307.0793,2308.99747,2306.6793,2308.54747,108,22,EMPTY,EMPTY,EMPTY,EMPTY,0.18015803505873806,EMPTY,EMPTY,EMPTY,0.00066451898730957026,0.00039019781356009554
1785722400,2308.54747,2309.95102,2308.28747,2309.68102,109,23,EMPTY,EMPTY,EMPTY,EMPTY,0.18319260308910101,EMPTY,EMPTY,EMPTY,0.00053353042739789913,0.00039657554766826851
1785722460,2309.68102,2310.7333,2309.35102,2310.4033,110,24,EMPTY,EMPTY,EMPTY,EMPTY,0.18265142239984972,EMPTY,EMPTY,EMPTY,0.00037062124172049238,0.00039528038762723746
1785722520,2310.4033,2311.09279,2310.0033,2310.70279,111,25,EMPTY,EMPTY,EMPTY,EMPTY,0.17833340046196078,EMPTY,EMPTY,EMPTY,0.00018918379791266204,0.00038588563019383552
1785722580,2310.70279,2311.15279,2310.37382,2310.63382,112,26,EMPTY,EMPTY,EMPTY,EMPTY,0.17250469070853205,EMPTY,EMPTY,EMPTY,5.2156817832660352e-05,0.00037328435430874986
1785722640,2310.63382,2310.90382,2309.97543,2310.30543,113,27,EMPTY,EMPTY,EMPTY,EMPTY,0.16455318317164885,EMPTY,EMPTY,EMPTY,-0.00014076689195441361,0.00035612863354532486
1785722700,2310.30543,2310.63543,2309.46037,2309.86037,114,28,EMPTY,EMPTY,EMPTY,EMPTY,0.15487709911907951,EMPTY,EMPTY,EMPTY,-0.00017725958007552833,0.00033525208088461099
1785722760,2309.86037,2310.25037,2309.18821,2309.44821,115,29,EMPTY,EMPTY,EMPTY,EMPTY,0.14426767189214071,EMPTY,EMPTY,EMPTY,-0.00015432457171282721,0.00031234229732335215
1785722820,2309.44821,2309.89821,2308.86729,2309.19729,116,30,EMPTY,EMPTY,EMPTY,EMPTY,0.13553186521996333,EMPTY,EMPTY,EMPTY,-0.00013336364749250151,0.00029346099141655264
1785722880,2309.19729,2309.46729,2308.79079,2309.19079,117,31,EMPTY,EMPTY,EMPTY,EMPTY,0.12986757552914158,EMPTY,EMPTY,EMPTY,-7.4183288500506706e-05,0.00028119715376385501
1785722940,2309.19079,2309.78118,2308.93079,2309.45118,118,32,EMPTY,EMPTY,EMPTY,EMPTY,0.12708066176088387,EMPTY,EMPTY,EMPTY,0.00010310334896779239,0.000275131734460141
1785723000,2309.45118,2310.32593,2309.12118,2309.93593,119,20,EMPTY,EMPTY,EMPTY,119,0.12587803668401165,116.68461538461538,119,EMPTY,0.0001760614738604005,0.00027247084009817459
1785723060,2309.93593,2310.99523,2309.53593,2310.54523,120,21,EMPTY,EMPTY,EMPTY,120,0.12591069291857626,116.83076923076923,120,EMPTY,0.00024434255112204539,0.00027246965626069185
1785723120,2310.54523,2311.41041,2310.28523,2311.14041,121,22,EMPTY,EMPTY,EMPTY,121,0.12513300558258431,116.97692307692307,121,EMPTY,0.00025384753648260983,0.00027071701278111505
1785723180,2311.14041,2311.8995,2310.81041,2311.5695,122,23,EMPTY,EMPTY,EMPTY,122,0.1236994723207774,117.12307692307692,122,EMPTY,0.00020817018642027563,0.00026756598129707408
1785723240,2311.5695,2312.08554,2311.1695,2311.69554,123,24,EMPTY,EMPTY,EMPTY,123,0.1228383815129607,117.26923076923077,123,EMPTY,9.6785474176463993e-05,0.00026568892699633075
1785723300,2311.69554,2312.14554,2311.16227,2311.42227,124,25,EMPTY,EMPTY,EMPTY,0,0.12279037970299378,117.41538461538461,124,EMPTY,-3.1795973594483939e-05,0.00026561650222179821
1785723360,2311.42227,2311.69227,2310.38259,2310.71259,125,26,EMPTY,EMPTY,EMPTY,-125,0.12860254235860774,117.56153846153846,125,EMPTY,-0.00028016982974854443,0.00027827463899049372
1785723420,2310.71259,2311.04259,2309.19641,2309.59641,126,27,EMPTY,EMPTY,EMPTY,-126,0.13810586977373404,117.70769230769231,126,EMPTY,-0.00042589920744973142,0.00029898269060293101
1785723480,2309.59641,2309.98641,2307.90648,2308.16648,127,28,EMPTY,EMPTY,EMPTY,-127,0.14995190746011108,117.85384615384615,127,EMPTY,-0.00054504456816850677,0.00032482905535503463
1785723540,2308.16648,2308.61648,2306.23289,2306.56289,128,29,EMPTY,EMPTY,EMPTY,-128,0.16406549726495709,118,128,EMPTY,-0.00067118536851040744,0.00035564930394106246
1785723600,2306.56289,2306.83289,2304.54905,2304.94905,129,30,EMPTY,EMPTY,EMPTY,-129,0.17827072345034264,118.14615384615385,129,EMPTY,-0.00073440735770002874,0.00038671293721295627
1785723660,2304.94905,2305.27905,2303.22357,2303.48357,130,31,EMPTY,EMPTY,EMPTY,-130,0.18793495395949594,118.29230769230769,130,EMPTY,-0.00062839173941675597,0.00040793638905680573
1785723720,2303.48357,2303.87357,2301.96309,2302.29309,131,32,EMPTY,EMPTY,EMPTY,-131,0.19497354449688797,118.43846153846154,131,EMPTY,-0.00055809084624680594,0.00042343337028581348
1785723780,2302.29309,2302.74309,2301.05091,2301.45091,132,20,EMPTY,EMPTY,EMPTY,-132,0.19815424973834886,118.58461538461539,132,EMPTY,-0.00041768794562546674,0.0004304985365478615
1785723840,2301.45091,2301.72091,2300.70549,2300.96549,133,21,EMPTY,EMPTY,EMPTY,-133,0.19694114752291755,118.73076923076923,133,EMPTY,-0.00026838565427755867,0.00042795328391239269
1785723900,2300.96549,2301.29549,2300.45071,2300.78071,134,22,EMPTY,EMPTY,EMPTY,-134,0.19204820536216721,118.87692307692308,134,EMPTY,-0.00012530567703006312,0.00041735443218786198
1785723960,2300.78071,2301.17786,2300.38071,2300.78786,135,23,EMPTY,EMPTY,EMPTY,0,0.18425701560057961,119.02307692307693,135,EMPTY,-2.6147288072486674e-05,0.00040042156602951566
1785724020,2300.78786,2301.29722,2300.52786,2300.84722,136,24,EMPTY,EMPTY,EMPTY,0,0.17163521541507887,119.16923076923077,136,EMPTY,4.7210366959760108e-05,0.00037298264292202514
1785724080,2300.84722,2301.11722,2300.48525,2300.81525,100,25,EMPTY,EMPTY,EMPTY,0,0.15791300990021584,119.31538461538462,100,EMPTY,-3.6882048529029987e-05,0.00034316751399360686
1785724140,2300.81525,2301.14525,2300.17236,2300.57236,101,26,EMPTY,EMPTY,EMPTY,-101,0.14442725135261639,119.17692307692307,101,EMPTY,-7.646163967223174e-05,0.00031389417230201001
1785724200,2300.57236,2300.96236,2299.78625,2300.04625,102,27,EMPTY,EMPTY,EMPTY,-102,0.13362323171983898,119.03846153846153,102,EMPTY,-0.00015868072274116685,0.00029047944518471961
1785724260,2300.04625,2300.49625,2298.89656,2299.22656,103,28,EMPTY,EMPTY,EMPTY,-103,0.12727921942837331,118.90000000000001,103,EMPTY,-0.0003153017920558554,0.00027678703274107381
1785724320,2299.22656,2299.49656,2297.76807,2298.16807,104,29,EMPTY,EMPTY,EMPTY,-104,0.12620519456613866,118.76153846153846,104,EMPTY,-0.00046203538170264125,0.00027457781746601905
1785724380,2298.16807,2298.49807,2296.72195,2296.98195,105,30,EMPTY,EMPTY,EMPTY,-105,0.12684174956671271,118.62307692307692,105,EMPTY,-0.00046864166863347378,0.00027610523793343854
1785724440,2296.98195,2297.37195,2295.48653,2295.81653,106,31,EMPTY,EMPTY,EMPTY,-106,0.12937228716724566,118.48461538461538,106,EMPTY,-0.0005118629361717808,0.00028175658959831091
1785724500,2295.81653,2296.26653,2294.43119,2294.83119,107,32,EMPTY,EMPTY,EMPTY,-107,0.13093549410007718,118.34615384615384,107,EMPTY,-0.0004568104368116721,0.00028528349856548095
1785724560,2294.83119,2295.10119,2293.90803,2294.16803,108,20,EMPTY,EMPTY,EMPTY,-108,0.1312030525821363,118.20769230769231,108,EMPTY,-0.00034159491756735605,0.00028594909105706675
1785724620,2294.16803,2294.49803,2293.59648,2293.92648,109,21,EMPTY,EMPTY,EMPTY,-109,0.13105854545242054,118.06923076923077,109,EMPTY,-0.00016799758093632988,0.0002856642237558122
1785724680,2293.92648,2294.53555,2293.52648,2294.14555,110,22,EMPTY,EMPTY,EMPTY,0,0.13213275482773862,117.93076923076923,110,EMPTY,2.7112307683374581e-05,0.00028797814251092004
1785724740,2294.14555,2295.24683,2293.88555,2294.79683,111,23,EMPTY,EMPTY,EMPTY,111,0.13520164106000448,117.79230769230769,111,EMPTY,0.00025012536708590716,0.00029458303082108679
1785724800,2294.79683,2296.05954,2294.46683,2295.78954,112,24,EMPTY,EMPTY,EMPTY,112,0.13938075140350734,117.65384615384616,112,EMPTY,0.0003466459751590989,0.00030355733610387328
1785724860,2295.78954,2297.31683,2295.38954,2296.98683,113,25,EMPTY,EMPTY,EMPTY,113,0.14636775693110451,117.51538461538462,113,EMPTY,0.00049031472623006778,0.00031860817619730215
1785724920,2296.98683,2298.62021,2296.72683,2298.23021,114,26,EMPTY,EMPTY,EMPTY,114,0.15517148640168532,117.37692307692308,114,EMPTY,0.00056358904323960957,0.00033758908425819819
1785724980,2298.23021,2299.8177,2297.90021,2299.3677,115,27,EMPTY,EMPTY,EMPTY,115,0.16248879028240215,117.23846153846154,115,EMPTY,0.00050880223979099526,0.00035333363663932952
1785725040,2299.3677,2300.55071,2298.9677,2300.28071,116,28,EMPTY,EMPTY,EMPTY,116,0.16786477714419645,117.09999999999999,116,EMPTY,0.00039335112064620148,0.00036487889589831068
1785725100,2300.28071,2301.2346,2300.02071,2300.9046,117,29,EMPTY,EMPTY,EMPTY,117,0.1728411068721179,116.96153846153847,117,EMPTY,0.00034209491824910288,0.00037559381399845498
1785725160,2300.9046,2301.62924,2300.5746,2301.23924,118,30,EMPTY,EMPTY,EMPTY,118,0.17479754916103885,116.82307692307693,118,EMPTY,0.00018589119281831046,0.00037979004121500826
1785725220,2301.23924,2301.79778,2300.83924,2301.34778,119,31,EMPTY,EMPTY,EMPTY,119,0.17397389567107957,116.68461538461538,119,EMPTY,7.8467909445656403e-05,0.00037798262649176722
1785725280,2301.34778,2301.61778,2301.08365,2301.34365,120,32,EMPTY,EMPTY,EMPTY,0,0.17050418523706878,116.83076923076923,120,EMPTY,8.7311514418431102e-06,0.00037044485997792811
1785725340,2301.34365,2301.6984,2301.01365,2301.3684,121,20,EMPTY,EMPTY,EMPTY,0,0.16369851111971057,116.97692307692307,121,EMPTY,5.1230704594118492e-06,0.00035565472942035399
1785725400,2301.3684,2301.95423,2300.9684,2301.56423,122,21,EMPTY,EMPTY,EMPTY,0,0.1542892246623028,117.12307692307692,122,EMPTY,5.8863456431801353e-05,0.00033518339973137047
1785725460,2301.56423,2302.49645,2301.30423,2302.04645,123,22,EMPTY,EMPTY,EMPTY,123,0.14766559526295811,117.26923076923077,123,EMPTY,0.00019699306408949013,0.00032072679346448055
1785725520,2302.04645,2303.15064,2301.71645,2302.88064,124,23,EMPTY,EMPTY,EMPTY,124,0.1426161808195715,117.41538461538461,124,EMPTY,0.00027517818949451822,0.0003096473571890628
1785725580,2302.88064,2304.39896,2302.48064,2304.06896,125,24,EMPTY,EMPTY,EMPTY,125,0.14312381697015086,117.56153846153846,125,EMPTY,0.0004632607867014471,0.00031058926502388809
1785725640,2304.06896,2305.93795,2303.80896,2305.54795,126,25,EMPTY,EMPTY,EMPTY,126,0.14920305378044152,117.70769230769231,126,EMPTY,0.00062870296885897403,0.00032357395512082386
1785725700,2305.54795,2307.64826,2305.21795,2307.19826,127,26,EMPTY,EMPTY,EMPTY,127,0.15727307552699321,117.85384615384615,127,EMPTY,0.00068948121623524372,0.00034083129797218468
1785725760,2307.19826,2309.13464,2306.79826,2308.86464,128,27,EMPTY,EMPTY,EMPTY,128,0.16466798175355912,118,128,EMPTY,0.00068372948476813633,0.00035659947079781846
1785725820,2308.86464,2310.71253,2308.60464,2310.38253,129,28,EMPTY,EMPTY,EMPTY,129,0.17198374443360309,118.14615384615385,129,EMPTY,0.00070766338462568967,0.00037219755213783383
1785725880,2310.38253,2311.99635,2310.05253,2311.60635,130,29,EMPTY,EMPTY,EMPTY,130,0.17522785867215568,118.29230769230769,130,EMPTY,0.00057064543572771242,0.00037901751453519683
1785725940,2311.60635,2312.88451,2311.20635,2312.43451,131,30,EMPTY,EMPTY,EMPTY,131,0.17549022197413339,118.43846153846154,131,EMPTY,0.00041385763080370452,0.00037944906377939617
1785726000,2312.43451,2313.0965,2312.17451,2312.8265,132,31,EMPTY,EMPTY,EMPTY,132,0.17332514530677412,118.58461538461539,132,EMPTY,0.00022662093526104599,0.00037470416675607554
1785726060,2312.8265,2313.1565,2312.47897,2312.80897,133,32,EMPTY,EMPTY,EMPTY,0,0.16846910385353617,118.73076923076923,133,EMPTY,5.0002371097868092e-05,0.00036420886039182081
1785726120,2312.80897,2313.19897,2312.06975,2312.46975,134,20,EMPTY,EMPTY,EMPTY,-134,0.16096147625643425,118.87692307692308,134,EMPTY,-0.00010175276661961163,0.00034802936612778231
1785726180,2312.46975,2312.91975,2311.68091,2311.94091,135,21,EMPTY,EMPTY,EMPTY,-135,0.1538256856654939,119.02307692307693,135,EMPTY,-0.00017253507922898592,0.00033267650786432493
1785726240,2311.94091,2312.21091,2311.04389,2311.37389,136,22,EMPTY,EMPTY,EMPTY,-136,0.14694960229372706,119.16923076923077,136,EMPTY,-0.00027580657958470312,0.00031788366851744407
1785726300,2311.37389,2311.70389,2310.51135,2310.91135,100,23,EMPTY,EMPTY,EMPTY,-100,0.14022167586891093,119.31538461538462,100,EMPTY,-0.00021663203244415286,0.00030339042618166841
1785726360,2310.91135,2311.30135,2310.40075,2310.66075,101,24,EMPTY,EMPTY,EMPTY,-101,0.13470046071713149,119.17692307692307,101,EMPTY,-0.00011016416031761622,0.00029147606527079207
1785726420,2310.66075,2311.12455,2310.33075,2310.67455,102,25,EMPTY,EMPTY,EMPTY,0,0.13226161683657245,119.03846153846153,102,EMPTY,-3.3611038652736624e-05,0.00028619698268752826
1785726480,2310.67455,2311.21068,2310.27455,2310.94068,103,26,EMPTY,EMPTY,EMPTY,0,0.13210281153188794,118.90000000000001,103,EMPTY,4.2707462852398237e-05,0.00028582042947958303
1785726540,2310.94068,2311.71484,2310.68068,2311.38484,104,27,EMPTY,EMPTY,EMPTY,104,0.13218337094570914,118.76153846153846,104,EMPTY,0.00019535985228191777,0.00028593977224863415
1785726600,2311.38484,2312.27444,2311.05484,2311.88444,105,28,EMPTY,EMPTY,EMPTY,105,0.13192131005495775,118.62307692307692,105,EMPTY,0.00020669992312871699,0.00028531121143528644
1785726660,2311.88444,2312.74149,2311.48444,2312.29149,106,29,EMPTY,EMPTY,EMPTY,106,0.13016293168599341,118.48461538461538,106,EMPTY,0.0001879650046099357,0.00028145874395358651
1785726720,2312.29149,2312.73023,2312.03149,2312.46023,107,30,EMPTY,EMPTY,EMPTY,107,0.12724181758402148,118.34615384615384,107,EMPTY,0.00010156310160081006,0.00027512217493146134
1785726780,2312.46023,2312.79023,2311.94467,2312.27467,108,31,EMPTY,EMPTY,EMPTY,0,0.12608675903659369,118.20769230769231,108,EMPTY,-3.0615028978608905e-05,0.00027264658622194244
1785726840,2312.27467,2312.66467,2311.27071,2311.67071,109,32,EMPTY,EMPTY,EMPTY,-109,0.1289486046134769,118.06923076923077,109,EMPTY,-0.00020233819478399084,0.00027890781341750209
1785726900,2311.67071,2312.12071,2310.38912,2310.64912,110,20,EMPTY,EMPTY,EMPTY,-110,0.135126471678849,117.93076923076923,110,EMPTY,-0.00035289948576355812,0.00029239937494025272
1785726960,2310.64912,2310.91912,2308.94673,2309.27673,111,21,EMPTY,EMPTY,EMPTY,-111,0.14787229515874689,117.79230769230769,111,EMPTY,-0.00057946656313845324,0.00032017014946222335
1785727020,2309.27673,2309.60673,2307.27578,2307.67578,112,22,EMPTY,EMPTY,EMPTY,-112,0.16147628799061781,117.65384615384616,112,EMPTY,-0.00066181451589653051,0.00034986779639949639
1785727080,2307.67578,2308.06578,2305.74323,2306.00323,113,23,EMPTY,EMPTY,EMPTY,-113,0.1738733017545446,117.51538461538462,113,EMPTY,-0.00068562888802148336,0.00037700142717177502
1785727140,2306.00323,2306.45323,2304.09393,2304.42393,114,24,EMPTY,EMPTY,EMPTY,-114,0.18520292342153796,117.37692307692308,114,EMPTY,-0.0006998519719632057,0.00040184212854780144
1785727200,2304.42393,2304.69393,2302.68227,2303.08227,115,25,EMPTY,EMPTY,EMPTY,-115,0.19405923360831609,117.23846153846154,115,EMPTY,-0.00065279999303768932,0.00042130330326479407
1785727260,2303.08227,2303.41227,2301.81774,2302.07774,116,26,EMPTY,EMPTY,EMPTY,-116,0.19745120881850656,117.09999999999999,116,EMPTY,-0.00045603898697343936,0.00042885434620141568
1785727320,2302.07774,2302.46774,2301.11856,2301.44856,117,27,EMPTY,EMPTY,EMPTY,-117,0.19791421898899456,116.96153846153847,117,EMPTY,-0.0003291099974411793,0.00042997749858244617
1785727380,2301.44856,2301.89856,2300.76661,2301.16661,118,28,EMPTY,EMPTY,EMPTY,-118,0.19402586482504286,116.82307692307693,118,EMPTY,-0.0001742474649670811,0.00042158152300202811
1785727440,2301.16661,2301.43661,2300.88423,2301.14423,119,29,EMPTY,EMPTY,EMPTY,0,0.18556517764305155,116.68461538461538,119,EMPTY,-5.3118290143316926e-05,0.00040320197061931127
1785727500,2301.14423,2301.58199,2300.81423,2301.25199,120,30,EMPTY,EMPTY,EMPTY,0,0.17449405274229671,116.83076923076923,120,EMPTY,2.6528354812427324e-05,0.0003791285211279636
1785727560,2301.25199,2301.7339,2300.85199,2301.3439,121,31,EMPTY,EMPTY,EMPTY,0,0.16231134007287965,116.97692307692307,121,EMPTY,4.0786298659334363e-05,0.00035264468746474539
1785727620,2301.3439,2301.7939,2301.02556,2301.28556,122,32,EMPTY,EMPTY,EMPTY,0,0.14742151800695766,117.12307692307692,122,EMPTY,2.5380874602909387e-05,0.00032030253126638848
1785727680,2301.28556,2301.55556,2300.65012,2300.98012,123,20,EMPTY,EMPTY,EMPTY,-123,0.13495009478305722,117.26923076923077,123,EMPTY,-0.0001331499442356332,0.00029324480817995337
1785727740,2300.98012,2301.31012,2299.98728,2300.38728,124,21,EMPTY,EMPTY,EMPTY,-124,0.12619724358615542,117.41538461538461,124,EMPTY,-0.00021747686920914333,0.00027429564726630601
1785727800,2300.38728,2300.77728,2299.27181,2299.53181,125,22,EMPTY,EMPTY,EMPTY,-125,0.12199503771188445,117.56153846153846,125,EMPTY,-0.00030486769551618664,0.00026526060039996674
1785727860,2299.53181,2299.98181,2298.17012,2298.50012,126,23,EMPTY,EMPTY,EMPTY,-126,0.12177070411680857,117.70769230769231,126,EMPTY,-0.00042458692233093842,0.00026489166360541358
1785727920,2298.50012,2298.77012,2297.02544,2297.42544,127,24,EMPTY,EMPTY,EMPTY,-127,0.12379500343228672,117.85384615384615,127,EMPTY,-0.00049761880451892893,0.00026942115569218803
1785727980,2297.42544,2297.75544,2296.20422,2296.46422,128,25,EMPTY,EMPTY,EMPTY,-128,0.12467746022735084,118,128,EMPTY,-0.00040586072301529441,0.00027145526401310715
1785728040,2296.46422,2296.85422,2295.43825,2295.76825,129,26,EMPTY,EMPTY,EMPTY,-129,0.12496492642191433,118.14615384615385,129,EMPTY,-0.00034302176063327749,0.00027216363503135456
1785728100,2295.76825,2296.21825,2295.0573,2295.4573,130,27,EMPTY,EMPTY,EMPTY,-130,0.12497411226695077,118.29230769230769,130,EMPTY,-0.00019279708220132363,0.00027222051193666455
1785728160,2295.4573,2295.86747,2295.1973,2295.59747,131,28,EMPTY,EMPTY,EMPTY,0,0.12588799977708973,118.43846153846154,131,EMPTY,-1.0253100203527765e-05,0.00027419441217865108
1785728220,2295.59747,2296.51911,2295.26747,2296.18911,132,29,EMPTY,EMPTY,EMPTY,132,0.12956558600262055,118.58461538461539,132,EMPTY,0.00019070555765665631,0.00028213178400323606
1785728280,2296.18911,2297.55648,2295.78911,2297.16648,133,30,EMPTY,EMPTY,EMPTY,133,0.136722474279492,118.73076923076923,133,EMPTY,0.000368165225796524,0.00029758938995029212
1785728340,2297.16648,2298.85929,2296.90648,2298.40929,134,31,EMPTY,EMPTY,EMPTY,134,0.14616587555511759,118.87692307692308,134,EMPTY,0.0005314578490862587,0.00031797181683667307
1785728400,2298.40929,2300.03392,2298.07929,2299.76392,135,32,EMPTY,EMPTY,EMPTY,135,0.15486821284071703,119.02307692307693,135,EMPTY,0.00053684107889218069,0.0003367045884447066
1785728460,2299.76392,2301.40061,2299.36392,2301.07061,136,20,EMPTY,EMPTY,EMPTY,136,0.16440800091408661,119.16923076923077,136,EMPTY,0.00057363661373521779,0.00035724240751153354
1785728520,2301.07061,2302.58151,2300.81061,2302.19151,100,21,EMPTY,EMPTY,EMPTY,100,0.17338769653315397,119.31538461538462,100,EMPTY,0.0005429675386157129,0.00037657096679405693
1785728580,2302.19151,2303.48468,2301.86151,2303.03468,101,22,EMPTY,EMPTY,EMPTY,101,0.17925577847569091,119.17692307692307,101,EMPTY,0.00040498729213211959,0.00038917298995187267
1785728640,2303.03468,2303.83946,2302.63468,2303.56946,102,23,EMPTY,EMPTY,EMPTY,102,0.18189416612875986,119.03846153846153,102,EMPTY,0.00024065406467066452,0.00039480938015378929
1785728700,2303.56946,2304.16067,2303.30946,2303.83067,103,24,EMPTY,EMPTY,EMPTY,103,0.18251053367805417,118.90000000000001,103,EMPTY,0.00018192152182550103,0.00039610231788010306
1785728760,2303.83067,2304.30071,2303.50067,2303.91071,104,25,EMPTY,EMPTY,EMPTY,0,0.17837235554693315,118.76153846153846,104,EMPTY,5.9508010792796995e-05,0.00038710778758203944
1785728820,2303.91071,2304.39113,2303.51071,2303.94113,105,26,EMPTY,EMPTY,EMPTY,0,0.1715220467146954,118.62307692307692,105,EMPTY,1.8935794654062477e-05,0.00037223617496401779
1785728880,2303.94113,2304.33689,2303.68113,2304.06689,106,27,EMPTY,EMPTY,EMPTY,0,0.16311578899969223,118.48461538461538,106,EMPTY,3.5003076133577338e-05,0.0003539736404955071
1785728940,2304.06689,2304.74831,2303.73689,2304.41831,107,28,EMPTY,EMPTY,EMPTY,107,0.15336151126765005,118.34615384615384,107,EMPTY,0.00011842324580513264,0.00033275536520895385
1785729000,2304.41831,2305.47546,2304.01831,2305.08546,108,29,EMPTY,EMPTY,EMPTY,108,0.14445653023139901,118.20769230769231,108,EMPTY,0.00024237528112891482,0.00031334311186752924
1785729060,2305.08546,2306.54998,2304.82546,2306.09998,109,30,EMPTY,EMPTY,EMPTY,109,0.14222322324153958,118.06923076923077,109,EMPTY,0.0004187649796945081,0.00030836309022807325
1785729120,2306.09998,2307.69756,2305.76998,2307.42756,110,31,EMPTY,EMPTY,EMPTY,110,0.14311632843690175,117.93076923076923,110,EMPTY,0.00049423160980843761,0.00031012095659657831
1785729180,2307.42756,2309.30235,2307.02756,2308.97235,111,32,EMPTY,EMPTY,EMPTY,111,0.14878571387885539,117.79230769230769,111,EMPTY,0.00063658779869246729,0.00032219033259288572
1785729240,2308.97235,2310.98278,2308.71235,2310.59278,112,20,EMPTY,EMPTY,EMPTY,112,0.15669860563469762,117.65384615384616,112,EMPTY,0.00071965901906789753,0.00033908745623860561
1785729300,2310.59278,2312.57566,2310.26278,2312.12566,113,21,EMPTY,EMPTY,EMPTY,113,0.16288402191054738,117.51538461538462,113,EMPTY,0.00067451931979611857,0.00035223868825223661
1785729360,2312.12566,2313.68434,2311.72566,2313.41434,114,22,EMPTY,EMPTY,EMPTY,114,0.16608760731650149,117.37692307692308,114,EMPTY,0.00055647959694837823,0.00035896640831858397
1785729420,2313.41434,2314.66585,2313.15434,2314.33585,115,23,EMPTY,EMPTY,EMPTY,115,0.16765327394177934,117.23846153846154,115,EMPTY,0.00048003814900265951,0.00036220601677535119
1785729480,2314.33585,2315.21196,2314.00585,2314.82196,116,24,EMPTY,EMPTY,EMPTY,116,0.16559253006463015,117.09999999999999,116,EMPTY,0.0002713097290758526,0.00035767876088541625
1785729540,2314.82196,2315.32047,2314.42196,2314.87047,117,25,EMPTY,EMPTY,EMPTY,117,0.1620744561875995,116.96153846153847,117,EMPTY,8.2532123733436435e-05,0.00035007240856029301
1785729600,2314.87047,2315.14047,2314.28461,2314.54461,118,26,EMPTY,EMPTY,EMPTY,-118,0.15817937102624194,116.82307692307693,118,EMPTY,-9.26242827574697e-05,0.0003417073283937309
1785729660,2314.54461,2314.87461,2313.63073,2313.96073,119,27,EMPTY,EMPTY,EMPTY,-119,0.15300537741083811,116.68461538461538,119,EMPTY,-0.00021655953073373979,0.0003306135999352896
1785729720,2313.96073,2314.35073,2312.86646,2313.26646,120,28,EMPTY,EMPTY,EMPTY,-120,0.14674233337720452,116.83076923076923,120,EMPTY,-0.0002855906062411151,0.00031717559545043619
1785729780,2313.26646,2313.71646,2312.3534,2312.6134,121,29,EMPTY,EMPTY,EMPTY,-121,0.14263859022823633,116.97692307692307,121,EMPTY,-0.00025943776334358404,0.00030839263974738777
1785729840,2312.6134,2312.8834,2311.79928,2312.12928,122,30,EMPTY,EMPTY,EMPTY,-122,0.14061565877992802,117.12307692307692,122,EMPTY,-0.0002697273115908061,0.00030408260471475023
1785729900,2312.12928,2312.45928,2311.49462,2311.89462,123,31,EMPTY,EMPTY,EMPTY,-123,0.13949928034232031,117.26923076923077,123,EMPTY,-0.00013889765455399328,0.00030169904617521084
1785729960,2311.89462,2312.31824,2311.63462,2311.92824,124,32,EMPTY,EMPTY,EMPTY,0,0.13931794916878448,117.41538461538461,124,EMPTY,4.6973233889247012e-06,0.00030130249451164727
1785730020,2311.92824,2312.63419,2311.59824,2312.18419,125,20,EMPTY,EMPTY,EMPTY,125,0.139921713617886,117.56153846153846,125,EMPTY,7.7207108883925457e-05,0.00030257475642086714
1785730080,2312.18419,2312.83063,2311.78419,2312.56063,126,21,EMPTY,EMPTY,EMPTY,126,0.13981931913034593,117.70769230769231,126,EMPTY,0.00010939200128223803,0.0003023041154392262
1785730140,2312.56063,2313.24908,2312.30063,2312.91908,127,22,EMPTY,EMPTY,EMPTY,127,0.13736015438655738,117.85384615384615,127,EMPTY,0.00018641873218694371,0.00029694111561083531
1785730200,2312.91908,2313.50058,2312.58908,2313.11058,128,23,EMPTY,EMPTY,EMPTY,128,0.13477393004515623,118,128,EMPTY,0.0001054139566365464,0.00029132617180186045
1785730260,2313.11058,2313.56058,2312.60385,2313.00385,129,24,EMPTY,EMPTY,EMPTY,0,0.13182618670496341,118.14615384615385,129,EMPTY,-4.6057286855472057e-06,0.00028496750384778523
1785730320,2313.00385,2313.27385,2312.25039,2312.51039,130,25,EMPTY,EMPTY,EMPTY,-130,0.13096446267167056,118.29230769230769,130,EMPTY,-0.00016338306932173197,0.00028316513352329316
1785730380,2312.51039,2312.84039,2311.27201,2311.60201,131,26,EMPTY,EMPTY,EMPTY,-131,0.13521656305754254,118.43846153846154,131,EMPTY,-0.00033447628538496588,0.00029247370973159545
1785730440,2311.60201,2311.99201,2309.9174,2310.3174,132,27,EMPTY,EMPTY,EMPTY,-132,0.14461483930714403,118.58461538461539,132,EMPTY,-0.00050297301065782563,0.00031297612896640095
1785730500,2310.3174,2310.7674,2308.49666,2308.75666,133,28,EMPTY,EMPTY,EMPTY,-133,0.15594403398091203,118.73076923076923,133,EMPTY,-0.0006069285732470675,0.00033772297592616799
1785730560,2308.75666,2309.02666,2306.7348,2307.0648,134,29,EMPTY,EMPTY,EMPTY,-134,0.17035474999362377,118.87692307692308,134,EMPTY,-0.00075005669343219949,0.00036920235182302585
1785730620,2307.0648,2307.3948,2305.00705,2305.40705,135,30,EMPTY,EMPTY,EMPTY,-135,0.18203170325646251,119.02307692307693,135,EMPTY,-0.00072501878154884736,0.00039479297865524987
1785730680,2305.40705,2305.79705,2303.68052,2303.94052,136,31,EMPTY,EMPTY,EMPTY,-136,0.1900121357532383,119.16923076923077,136,EMPTY,-0.00063491260040393627,0.00041236337072026119
1785730740,2303.94052,2304.39052,2302.45747,2302.78747,100,32,-4.9951647218103279,-4.9951647218103279,0,-100,0.19504666375382576,119.31538461538462,100,-4.9951647218103279,-0.00054729298135658411,0.00042350122687141804
1785730800,2302.78747,2303.05747,2301.6148,2302.0148,101,20,-6.8469631446459696,-5.6124308627555415,-1.2345322818904281,-101,0.19655824308280692,119.17692307692307,101,-6.8469631446459696,-0.00042679809165591109,0.0004269265407911516
1785730860,2302.0148,2302.3448,2301.36367,2301.62367,102,21,-8.7198707592891758,-6.6482441616000862,-2.0716265976890895,-102,0.19296504315663271,119.03846153846153,102,-8.7198707592891758,-0.00019619578915275326,0.00041919329747906335
1785730920,2301.62367,2302.01367,2301.22104,2301.55104,103,22,-9.7476871320437333,-7.6813918184146353,-2.066295313629098,0,0.1870840545690669,118.90000000000001,103,-9.7476871320437333,-7.9128940772221767e-05,0.00040643038394027296
1785730980,2301.55104,2302.13283,2301.15104,2301.68283,104,23,-10.786320357536109,-8.7163679981217932,-2.0699523594143159,0,0.17717011489413592,118.76153846153846,104,-10.786320357536109,2.6206117838434295e-05,0.00038487082708553699
1785731040,2301.68283,2302.14624,2301.42283,2301.87624,105,24,-11.835808313338953,-9.7561814365275144,-2.0796268768114388,0,0.16361279516234695,118.62307692307692,105,-11.835808313338953,6.931147308897323e-05,0.00035539007770970984
1785731100,2301.87624,2302.31731,2301.54624,2301.98731,106,25,-11.849639680581705,-10.454000851212244,-1.3956388293694602,0,0.14983495708295694,118.48461538461538,106,-11.849639680581705,5.872729034717139e-05,0.00032544696582831496
1785731160,2301.98731,2302.37731,2301.49843,2301.89843,107,26,-10.807279818004551,-10.571760506809682,-0.23551931119486902,0,0.13806282900716746,118.34615384615384,107,-10.807279818004551,-1.1105137858180569e-05,0.0002998890550682713
1785731220,2301.89843,2302.34843,2301.28104,2301.54104,108,27,-10.66766447582482,-10.603728496481395,-0.063935979343424876,-108,0.1270054612341058,118.20769230769231,108,-10.66766447582482,-8.7417626291497186e-05,0.00027591396161700811
1785731280,2301.54104,2301.81104,2300.57916,2300.90916,109,28,-10.527721675679198,-10.578392889547329,0.050671213868131559,-109,0.121193492423721,118.06923076923077,109,-10.527721675679198,-0.00027101482337599236,0.00026336001118731906
1785731340,2300.90916,2301.23916,2299.66142,2300.06142,110,29,-10.387450264170635,-10.514745347755099,0.12729508358446395,-110,0.11929286784243955,117.93076923076923,110,-10.387450264170635,-0.0003386432582495047,0.00025932539628102528
1785731400,2300.06142,2300.45142,2298.85107,2299.11107,111,30,-10.24684908247894,-10.425446592663047,0.17859751018410641,-111,0.11950821189045216,117.79230769230769,111,-10.24684908247894,-0.00036935584771757846,0.0002599009100731531
1785731460,2299.11107,2299.56107,2297.87598,2298.20598,112,31,-10.105916966328865,-10.318936717218321,0.21301975088945646,-112,0.12040303909180904,117.65384615384616,112,-10.105916966328865,-0.00040169909688003713,0.00026195006048110845
1785731520,2298.20598,2298.47598,2297.10203,2297.50203,113,32,-9.9646527459579755,-10.20084206013154,0.23618931417356492,-113,0.12087723023259792,117.51538461538462,113,-9.9646527459579755,-0.00037175161419966685,0.00026306229255561943
1785731580,2297.50203,2297.83203,2296.87492,2297.13492,114,20,-9.8230552460842784,-10.074913122115786,0.251857876031508,-114,0.12089311689222924,117.37692307692308,114,-9.8230552460842784,-0.00017964120673497064,0.00026313891238967634
1785731640,2297.13492,2297.58539,2296.80492,2297.19539,115,21,-8.7002165212256415,-9.6166809218190714,0.91646440059342993,0,0.12181940975365391,117.23846153846154,115,-8.7002165212256415,-3.7170725311952424e-05,0.0002651481242822229
1785731700,2297.19539,2298.1625,2296.79539,2297.7125,116,22,-6.5755764304013669,-8.6029794246798375,2.0274029942784706,116,0.12559488245939301,117.09999999999999,116,-6.5755764304013669,0.00015738099976569941,0.00027330417199582848
1785731760,2297.7125,2298.91791,2297.4525,2298.64791,117,23,-5.5830318974021704,-7.5963302489206157,2.0132983515184453,117,0.13252407386781292,116.96153846153847,117,-5.5830318974021704,0.00034058355567534448,0.00028826527388401318
1785731820,2298.64791,2300.23222,2298.31791,2299.90222,118,24,-4.5795746362020147,-6.5907450446810829,2.0111704084790683,118,0.14288303134398025,116.82307692307693,118,-4.5795746362020147,0.00049792110384760946,0.00031062849129294775
1785731880,2299.90222,2301.72226,2299.50222,2301.33226,119,25,-3.5651657986683367,-5.582218629343501,2.0170528306751643,119,0.15509142633188303,116.68461538461538,119,-3.5651657986683367,0.00059479565504805265,0.00033696009269839857
1785731940,2301.33226,2303.22623,2301.07226,2302.77623,120,26,-1.669080853305241,-4.2778393706640818,2.608758517358841,120,0.16708293986026648,116.83076923076923,120,-1.669080853305241,0.00065432306057999767,0.00036278587924339154
1785732000,2302.77623,2304.35195,2302.44623,2304.08195,121,27,0.23936345104228318,-2.7721050967619605,3.0114685478042436,121,0.1758505266874815,116.97692307692307,121,0.23936345104228318,0.00055079208718122885,0.00038160649339638618
1785732060,2304.08195,2305.46336,2303.68195,2305.13336,122,28,2.1601208459214503,-1.1280297825341572,3.2881506284556075,122,0.1832058847097871,117.12307692307692,122,2.1601208459214503,0.00049164571888393738,0.00039738673668274682
1785732120,2305.13336,2306.26016,2304.87336,2305.87016,123,29,4.093145293538865,0.61236190949018343,3.4807833840486815,123,0.18807063441342683,117.26923076923077,123,4.093145293538865,0.00039403577575836124,0.00040780837897097126
1785732180,2305.87016,2306.74734,2305.54016,2306.29734,124,30,6.0383909853249476,2.4210382681017713,3.6173527172231763,124,0.18892849102398424,117.41538461538461,124,6.0383909853249476,0.00022856418497863018,0.0004095926569121053
1785732240,2306.29734,2306.75256,2305.89734,2306.48256,125,31,6.9325394228881763,3.9248719863639066,3.0076674365242697,0,0.1858770608369657,117.56153846153846,125,6.9325394228881763,7.9148892611513588e-05,0.00040294486518243109
1785732300,2306.48256,2306.8722,2306.22256,2306.5422,126,32,7.8329630113710627,5.2275689946996255,2.6053940166714371,0,0.18020922228087974,117.70769230769231,126,7.8329630113710627,7.2911107181994339e-05,0.00039064800609518377
1785732360,2306.5422,2307.00837,2306.2122,2306.61837,127,20,8.7396384048038644,6.3982587980677055,2.341379606736159,0,0.16969158122345387,117.85384615384615,127,8.7396384048038644,2.9188966616189305e-05,0.00036783627372102709
1785732420,2306.61837,2307.30124,2306.21837,2306.85124,128,21,10.73728813559322,7.8446019105762108,2.8926862250170089,128,0.15850829424914747,118,128,10.73728813559322,7.6864441844293196e-05,0.00034355985227974098
1785732480,2306.85124,2307.62174,2306.59124,2307.35174,129,22,11.815873429259717,9.1683590834707136,2.6475143457890038,129,0.14896231766796697,118.14615384615385,129,11.815873429259717,0.00017250044214200955,0.00032279932679004318
1785732540,2307.35174,2308.50956,2307.02174,2308.17956,130,23,11.96189361425413,10.09953726039852,1.8623563538556098,130,0.14180451918068013,118.29230769230769,130,11.96189361425413,0.000310017667007223,0.00030717826645315264
1785732600,2308.17956,2309.72048,2307.77956,2309.33048,131,24,12.107553419497304,10.768875980098116,1.3386774393991878,131,0.13873562412090423,118.43846153846154,131,12.107553419497304,0.00045047481786664179,0.00030038061966969798
1785732660,2309.33048,2311.18547,2309.07048,2310.73547,132,25,12.252854177477944,11.263535379224725,0.989318798253219,132,0.14252170410065232,118.58461538461539,132,12.252854177477944,0.00060051285736761884,0.00030839035006601667
1785732720,2310.73547,2312.54158,2310.40547,2312.27158,133,26,12.397797214123745,11.641622657524399,0.75617455659934585,133,0.14703051572571754,118.73076923076923,133,12.397797214123745,0.00060971384620778224,0.00031793522222358831
1785732780,2312.27158,2314.11279,2311.87158,2313.78279,134,27,12.542383848841723,11.941876387963507,0.60050746087821594,134,0.15263759353992629,118.87692307692308,134,12.542383848841723,0.00065564465892542501,0.00032984425806868039
1785732840,2313.78279,2315.49696,2313.52279,2315.10696,135,28,12.686615394558261,12.190122723495094,0.49649267106316763,135,0.15715123107033402,119.02307692307693,135,12.686615394558261,0.00062800107579263909,0.00033940382406853032
1785732900,2315.10696,2316.55408,2314.77696,2316.10408,136,29,12.830493157758843,12.403579534916343,0.42691362284250012,136,0.1586253966671573,119.16923076923077,136,12.830493157758843,0.00047631938050418654,0.00034244013046934681
1785732960,2316.10408,2316.95055,2315.70408,2316.68055,100,30,12.663915930629875,12.490358333487521,0.17355759714235397,100,0.15771635020203362,119.31538461538462,100,12.663915930629875,0.00027345346736318277,0.00034039296052715078
1785733020,2316.68055,2317.13522,2316.42055,2316.80522,101,31,12.527593106564256,12.5027699245131,0.024823182051155968,101,0.15575647072866339,119.17692307692307,101,12.527593106564256,0.00014760178773887134,0.00033614494085235048
1785733080,2316.80522,2317.19522,2316.18426,2316.51426,102,32,11.68529886914378,12.230279572723328,-0.54498070357954731,-102,0.15204212749355384,119.03846153846153,102,11.68529886914378,-6.7228983820832866e-05,0.00032817006594544732
1785733140,2316.51426,2316.96426,2315.50388,2315.90388,103,20,10.832632464255676,11.764397203234111,-0.93176473897843515,-103,0.14913172056952009,118.90000000000001,103,10.832632464255676,-0.00021897983998275805,0.00032197303579266015
1785733200,2315.90388,2316.17388,2314.85235,2315.11235,104,21,9.969557613835093,11.166117340101106,-1.1965597262660133,-104,0.14775669597397748,118.76153846153846,104,9.969557613835093,-0.00032148523737696166,0.0003191134459931879
1785733260,2315.11235,2315.44235,2313.96458,2314.29458,105,22,8.0591401335840729,10.130458271262096,-2.0713181376780234,-105,0.14620657400681264,118.62307692307692,105,8.0591401335840729,-0.00035091405073295334,0.00031587719054938248
1785733320,2314.29458,2314.68458,2313.19381,2313.59381,106,23,6.1273777835486598,8.796098108690952,-2.6687203251422922,-106,0.1447239312320307,118.48461538461538,106,6.1273777835486598,-0.00032110653646988396,0.0003127686688270287
1785733380,2313.59381,2314.04381,2312.85566,2313.11566,107,24,4.1741956451088722,7.2554639541635924,-3.0812683090547202,-107,0.14533099477545858,118.34615384615384,107,4.1741956451088722,-0.00020992995501334377,0.00031414554250058248
1785733440,2313.11566,2313.38566,2312.57924,2312.90924,108,25,2.1995184486236741,5.5701487856502867,-3.3706303370266126,-108,0.14737006156326635,118.20769230769231,108,2.1995184486236741,-0.00016442093893420662,0.00031858159199378344
1785733500,2312.90924,2313.2887,2312.50924,2312.9587,109,26,1.1264577496905335,4.0889184403303691,-2.9624606906398356,0,0.14867365917988498,118.06923076923077,109,1.1264577496905335,-1.6933726205259347e-05,0.0003213928099535131
1785733560,2312.9587,2313.57683,2312.6987,2313.18683,110,27,0.97514839214663107,3.0509950909357899,-2.0758466987891588,110,0.14865404493013407,117.93076923076923,110,0.97514839214663107,0.00010170181067259421,0.00032131871710970714
1785733620,2313.18683,2313.91997,2312.85683,2313.46997,111,28,0.82348331483053616,2.3084911655673723,-1.4850078507368361,111,0.14685582324288793,117.79230769230769,111,0.82348331483053616,0.00011302974629945339,0.00031739297494077248
1785733680,2313.46997,2313.93163,2313.06997,2313.66163,112,29,-0.28048381824125529,1.4454995042978298,-1.725983322539085,0,0.14331723441642299,117.65384615384616,112,-0.28048381824125529,6.0004711524896948e-05,0.00030971952112207303
1785733740,2313.66163,2313.99163,2313.3603,2313.6203,113,30,-1.3955619558813903,0.49847901757142327,-1.8940409734528136,0,0.13786406927248762,117.51538461538462,113,-1.3955619558813903,4.4519250046448633e-05,0.00029794013579602412
1785733800,2313.6203,2314.0103,2312.90659,2313.23659,114,31,-3.4930205124844353,-0.83202082578052949,-2.6609996867039056,-114,0.13559468001084762,117.37692307692308,114,-3.4930205124844353,-0.00011796593706492331,0.00029308433170436671
1785733860,2313.23659,2313.68659,2312.05462,2312.45462,115,32,-4.4780526212190805,-2.04736475759338,-2.4306878636257006,-115,0.1364912473451223,117.23846153846154,115,-4.4780526212190805,-0.00028211568526703701,0.00029512200188629498
1785733920,2312.45462,2312.72462,2311.02376,2311.28376,116,20,-4.3296327924850555,-2.8081207692239385,-1.521512023261117,-116,0.14215866483814721,117.09999999999999,116,-4.3296327924850555,-0.00045608564375765326,0.00030753182992586598
1785733980,2311.28376,2311.61376,2309.46858,2309.79858,117,21,-4.1808615586977966,-3.2657010323818914,-0.91516052631590528,-117,0.15238388769473249,116.96153846153847,117,-4.1808615586977966,-0.00059876621266230501,0.00032986401717922188
1785734040,2309.79858,2310.18858,2307.72701,2308.12701,118,22,-4.0317376703759793,-3.521046578379921,-0.51069109199605833,-118,0.16467347909743946,116.82307692307693,118,-4.0317376703759793,-0.00069832530859237352,0.00035672534133517948
1785734100,2308.12701,2308.57701,2306.16882,2306.42882,119,23,-4.1993539455468394,-3.7471490341022275,-0.45220491144461183,-119,0.1754136308957204,116.68461538461538,119,-4.1993539455468394,-0.00070309436367566036,0.00038027106966110572
1785734160,2306.42882,2306.69882,2304.53836,2304.86836,120,24,-4.3567289965762441,-3.9503423549269003,-0.40638664164934379,-120,0.18565434495582533,116.83076923076923,120,-4.3567289965762441,-0.00073267436333779301,0.00040274392277185264
1785734220,2304.86836,2305.19836,2303.1864,2303.5864,121,25,-5.3856776484513711,-4.4287874527683915,-0.95689019568297962,-121,0.19141088302401424,116.97692307692307,121,-5.3856776484513711,-0.00059796893131025541,0.00041546278234672296
1785734280,2303.5864,2303.9764,2302.41632,2302.67632,122,26,-6.4205963483515038,-5.0927237512960959,-1.3278725970554079,-122,0.19293473514688644,117.12307692307692,122,-6.4205963483515038,-0.00041995681955331321,0.00041893585622769253
1785734340,2302.67632,2303.12632,2301.83884,2302.16884,123,27,-8.3483109216136437,-6.1779194747352788,-2.1703914468783649,-123,0.19104527444967262,117.26923076923077,123,-8.3483109216136437,-0.00028011169306818573,0.00041492455099355926
1785734400,2302.16884,2302.43884,2301.62812,2302.02812,124,28,-10.288259958071279,-7.5480329691806132,-2.7402269888906661,-124,0.18562414770905639,117.41538461538461,124,-10.288259958071279,-0.00015042391550057488,0.00040317523946896091
1785734460,2302.02812,2302.4899,2301.76812,2302.1599,125,29,-11.177124910030754,-8.7577302827973273,-2.4193946272334266,0,0.1762754437316065,117.56153846153846,125,-11.177124910030754,4.6746019361165736e-05,0.0003828479588485719
1785734520,2302.1599,2302.82014,2301.8299,2302.43014,126,30,-11.001829826166514,-9.5057634639203901,-1.4960663622461237,126,0.16611898239612213,117.70769230769231,126,-11.001829826166514,9.5885921974847577e-05,0.00036074706352680509
1785734580,2302.43014,2303.14083,2302.03014,2302.69083,127,31,-9.9105802493309838,-9.6407023923905886,-0.26987785694039523,127,0.15344152916360526,117.85384615384615,127,-9.9105802493309838,0.00011315574136538942,0.00033317874715209871
1785734640,2302.69083,2303.07819,2302.43083,2302.80819,128,32,-7.8898305084745761,-9.0570784310852517,1.1672479226106756,128,0.13961930252782082,118,128,-7.8898305084745761,6.5924160338681759e-05,0.00030315009112378741
1785734700,2302.80819,2303.13819,2302.35811,2302.68811,129,20,-6.9490201184972973,-8.3543923268892666,1.4053722083919693,0,0.12893686519105985,118.14615384615385,129,-6.9490201184972973,-1.9223390066436252e-05,0.00027997031953897535
1785734760,2302.68811,2303.07811,2301.89423,2302.29423,130,21,-7.1010534529847833,-7.9366127022544388,0.83555924926965552,-130,0.12284854576126358,118.29230769230769,130,-7.1010534529847833,-0.00013287152228080856,0.00026679592938315183
1785734820,2302.29423,2302.74423,2301.39531,2301.65531,131,22,-7.2527115671884133,-7.7086456572324309,0.45593409004401764,-131,0.11911455337307253,118.43846153846154,131,-7.2527115671884133,-0.00021309106805755818,0.00025875845278733876
1785734880,2301.65531,2301.92531,2300.53058,2300.86058,132,23,-7.4039958484691226,-7.6070957209779948,0.20309987250887218,-132,0.1189662153128747,118.58461538461539,132,-7.4039958484691226,-0.00035894851872519951,0.00025852547596098737
1785734940,2300.86058,2301.19058,2299.64387,2300.04387,133,24,-7.554907677356657,-7.5896997064375498,0.034792029080892739,-133,0.11939869764204739,118.73076923076923,133,-7.554907677356657,-0.00035324769933264832,0.00025955743540241122
1785735000,2300.04387,2300.43387,2299.09943,2299.35943,134,25,-7.7054484275915618,-7.6282826134888877,-0.077165814102674091,-134,0.11921061827471731,118.87692307692308,134,-7.7054484275915618,-0.00028777144294789281,0.00025922571460416981
1785735060,2299.35943,2299.80943,2298.62383,2298.95383,135,26,-7.8556194661668712,-7.7040615643815498,-0.15155790178532147,-135,0.11872359888124723,119.02307692307693,135,-7.8556194661668712,-0.00021826753670151078,0.00025821222969329321
1785735120,2298.95383,2299.22383,2298.53906,2298.93906,136,27,-8.0054221533694818,-7.8045150940441941,-0.20090705932528774,-136,0.11884333978260346,119.16923076923077,136,-8.0054221533694818,-9.9338201830612149e-05,0.00025847431506645385
1785735180,2298.93906,2299.70177,2298.67906,2299.37177,100,28,-6.1685255625040289,-7.259185250197473,1.090659687693444,100,0.1226895752643334,119.31538461538462,100,-6.1685255625040289,0.00015232932889475137,0.00026678933973416004
1785735240,2299.37177,2300.6323,2299.04177,2300.2423,101,29,-5.3282127412379783,-6.615527747210975,1.2873150059729968,101,0.12995027595864736,119.17692307692307,101,-5.3282127412379783,0.00031364283669077508,0.00028247084222094202
1785735300,2300.2423,2301.92571,2299.8423,2301.47571,102,30,-4.4775444264943456,-5.9028666403054331,1.4253222138110875,102,0.14074438751663201,119.03846153846153,102,-4.4775444264943456,0.00048211424670174807,0.00030576987387938146
1785735360,2301.47571,2303.21443,2301.21571,2302.94443,103,31,-3.616484440706476,-5.1407392404391148,1.5242547997326388,103,0.15308378897511268,118.90000000000001,103,-3.616484440706476,0.00059821364061285465,0.00033236535580477003
1785735420,2302.94443,2304.82041,2302.61443,2304.49041,104,32,-2.7449964375931084,-4.3421583061571134,1.597161868564005,104,0.16604328568249893,118.76153846153846,104,-2.7449964375931084,0.00065859779059174173,0.00036026030952868865
1785735480,2304.49041,2306.34258,2304.09041,2305.95258,105,20,-0.82614616432137999,-3.1701542588785356,2.3440080945571555,105,0.17770838305961256,118.62307692307692,105,-0.82614616432137999,0.0006450997830089733,0.00038532531978522418
1785735540,2305.95258,2307.64482,2305.69258,2307.19482,106,21,1.114068687917938,-1.7420799432797114,2.8561486311976494,106,0.18707483300557701,118.48461538461538,106,1.114068687917938,0.00059936037592667191,0.00040541620365976936
1785735600,2307.19482,2308.3992,2306.86482,2308.1292,107,22,3.075723106922327,-0.13614559321236563,3.2118687001346924,107,0.19187272753970636,118.34615384615384,107,3.075723106922327,0.0004133220816777694,0.00041564555298660569
1785735660,2308.1292,2309.06038,2307.7292,2308.73038,108,23,5.0588924318344501,1.5955337484699064,3.463358683364544,108,0.19373147353966116,118.20769230769231,108,5.0588924318344501,0.00030713457281095202,0.00041956279351177669
1785735720,2308.73038,2309.42854,2308.47038,2309.03854,109,24,7.0636523552022936,3.4182399507140353,3.6454124044882583,109,0.19191164526060381,118.06923076923077,109,7.0636523552022936,0.00020465682903303417,0.00041556613702213
1785735780,2309.03854,2309.60028,2308.70854,2309.15028,110,25,8.1573282890874701,4.9979360635051808,3.1593922255822893,0,0.18598516788242034,117.93076923076923,110,8.1573282890874701,7.530317152237842e-05,0.00040271343423005872
1785735840,2309.15028,2309.46928,2308.75028,2309.19928,111,26,9.2620649121661334,6.4193123463921653,2.8427525657739681,0,0.17656003114026647,117.79230769230769,111,9.2620649121661334,-5.8116715528910845e-06,0.00038229708598442501
1785735900,2309.19928,2309.66012,2308.93928,2309.33012,112,27,11.329846355017979,8.0561570159341045,3.2736893390838748,112,0.16578396296995149,117.65384615384616,112,11.329846355017979,7.3715937983998003e-05,0.00035894383729328285
1785735960,2309.33012,2310.06018,2309.00012,2309.67018,113,28,12.304771879295673,9.4723619703879613,2.8324099089077119,113,0.15233603996501144,117.51538461538462,113,12.304771879295673,0.00011560650270592276,0.00032977877379230706
1785736020,2309.67018,2310.75467,2309.27018,2310.30467,114,29,12.165934858116522,10.370219599630815,1.795715258485707,114,0.1420326915758876,117.37692307692308,114,12.165934858116522,0.00023075735397615205,0.00030738952619588394
1785736080,2310.30467,2311.52938,2310.04467,2311.25938,115,30,12.026769896988387,10.92240303208334,1.1043668649050478,115,0.13687371682373553,117.23846153846154,115,12.026769896988387,0.00036123214251482239,0.0002961020256059178
1785736140,2311.25938,2312.82434,2310.92938,2312.49434,116,31,11.887275832621691,11.244027298929456,0.64324853369223511,116,0.1360921688678188,117.09999999999999,116,11.887275832621691,0.00049240897047919674,0.00029425405829927088
1785736200,2312.49434,2314.29955,2312.09434,2313.90955,117,32,11.747451496218348,11.411835364692422,0.33561613152592606,117,0.13864121364442292,116.96153846153847,117,11.747451496218348,0.00058449393791448756,0.00029958218039340156
1785736260,2313.90955,2315.8117,2313.64955,2315.3617,118,20,11.607295713439125,11.476988814274657,0.13030689916446825,118,0.14404626163948436,116.82307692307693,118,11.607295713439125,0.00065098581498901353,0.000311066434327484
1785736320,2315.3617,2316.95897,2315.0317,2316.68897,119,21,11.783901377810007,11.579293002119774,0.20460837569023305,119,0.14713123741808837,116.68461538461538,119,11.783901377810007,0.00055517895132251027,0.00031754637615011468
1785736380,2316.68897,2318.06927,2316.28897,2317.73927,120,22,11.931788253884646,11.696791419374733,0.23499683450991249,120,0.1489557735501518,116.83076923076923,120,11.931788253884646,0.00049175237211507294,0.00032133850316595747
1785736440,2317.73927,2318.78694,2317.47927,2318.39694,121,23,12.079305582955218,11.824296140568229,0.25500944238698864,121,0.14899256774028902,116.97692307692307,121,12.079305582955218,0.00036897737608843073,0.00032132670029380085
1785736500,2318.39694,2319.05292,2318.06694,2318.60292,122,24,12.226454748456588,11.958349009864349,0.2681057385922383,122,0.14768622120224939,117.12307692307692,122,12.226454748456588,0.00015235091353726915,0.00031848105582962306
1785736560,2318.60292,2318.87292,2317.96485,2318.36485,123,25,11.162348310921614,11.693015443550106,-0.53066713262849241,-123,0.14672823202104085,117.26923076923077,123,11.162348310921614,-7.4784384975323803e-05,0.00031644767220534946
1785736620,2318.36485,2318.69485,2317.49518,2317.75518,124,26,10.092374213836479,11.159468366978897,-1.0670941531424187,-124,0.14601328856034618,117.41538461538461,124,10.092374213836479,-0.00018080331286896012,0.00031498859288569506
1785736680,2317.75518,2318.14518,2316.56765,2316.89765,125,27,9.0165543414251133,10.445163691794303,-1.4286093503691895,-125,0.14530006991372588,117.56153846153846,125,9.0165543414251133,-0.00033579816211481983,0.00031356600908487666
1785736740,2316.89765,2317.34765,2315.54472,2315.94472,126,28,7.0258789700692716,9.3054021178859596,-2.279523147816688,-126,0.14660413929235103,117.70769230769231,126,7.0258789700692716,-0.00039903607748392744,0.00031651044609637972
1785736800,2315.94472,2316.21472,2314.78986,2315.04986,127,29,5.0231708113047455,7.8779916823588891,-2.8548208710541436,-127,0.14966550829094624,117.85384615384615,127,5.0231708113047455,-0.00040052850087946013,0.00032324467579922066
1785736860,2315.04986,2315.37986,2314.00995,2314.33995,128,30,3.0084745762711864,6.2548193136629893,-3.2463447373918028,-128,0.1523828111820266,118,128,3.0084745762711864,-0.00033473234547543029,0.00032921440772352089
1785736920,2314.33995,2314.72995,2313.49262,2313.89262,129,31,0.98183475486685323,4.497157794064278,-3.5153230391974248,-129,0.15474970994836806,118.14615384615385,129,0.98183475486685323,-0.00023254904733427395,0.00033439259153773533
1785736980,2313.89262,2314.34262,2313.46284,2313.72284,130,32,-1.0567043828846405,2.6458704017479722,-3.7025747846326125,-130,0.15670283863773776,118.29230769230769,130,-1.0567043828846405,-8.4544089708593617e-05,0.00033863787816032829
1785737040,2313.72284,2314.05102,2313.39284,2313.78102,131,20,-2.0010391634734037,1.0969005466741804,-3.0979397101475841,0,0.15784139636656341,118.43846153846154,131,-2.0010391634734037,-4.3711790610245771e-05,0.00034108974661431745
1785737100,2313.78102,2314.2931,2313.38102,2313.9631,132,21,-2.951478982874935,-0.252559296508858,-2.6989196863660769,0,0.15633932940201398,118.58461538461539,132,-2.951478982874935,5.9402736575897563e-05,0.00033781724825692768
1785737160,2313.9631,2314.52065,2313.7031,2314.13065,133,22,-2.7878198898607063,-1.0976461609594741,-1.6901737289012322,133,0.15236412664116372,118.73076923076923,133,-2.7878198898607063,0.00010331034766775105,0.00032920381276045006
1785737220,2314.13065,2314.5874,2313.80065,2314.1374,134,23,-3.7517794745696906,-1.9823572654962129,-1.7694222090734777,0,0.14680227423289263,118.87692307692308,134,-3.7517794745696906,2.463831186982901e-05,0.0003171857345914133
1785737280,2314.1374,2314.4074,2313.45737,2313.85737,135,24,-5.8560072384153035,-3.2735739231359098,-2.5824333152793937,-135,0.14188807281703855,119.02307692307693,135,-5.8560072384153035,-0.00011571530912135586,0.0003066050540899125
1785737340,2313.85737,2314.18737,2312.94931,2313.20931,136,25,-7.971856442034599,-4.8396680961021392,-3.1321883459324598,-136,0.13810992946740974,119.16923076923077,136,-7.971856442034599,-0.0001982629665295832,0.00029852449769755102
1785737400,2313.20931,2313.59931,2311.84319,2312.17319,100,26,-7.811230739475211,-5.8301889772264968,-1.9810417622487142,-100,0.14101267078907223,119.31538461538462,100,-7.811230739475211,-0.0003934727733332366,0.00030493535561899719
1785737460,2312.17319,2312.62319,2310.39556,2310.79556,101,27,-7.6692699929000199,-6.4432159824510045,-1.2260540104490154,-101,0.14828175994732121,119.17692307692307,101,-7.6692699929000199,-0.0005480877018682051,0.00032084569166153587
1785737520,2310.79556,2311.06556,2308.92283,2309.18283,102,28,-7.5269789983844912,-6.8044703210955007,-0.7225086772889906,-102,0.1586319277174093,119.03846153846153,102,-7.5269789983844912,-0.00066985429128063601,0.00034348065830155445
1785737580,2309.18283,2309.51283,2307.15371,2307.48371,103,29,-7.3843566021867115,-6.9977657481259055,-0.38659085406080607,-103,0.16966937539550023,118.90000000000001,103,-7.3843566021867115,-0.00072487601341286734,0.00036765021278416785
1785737640,2307.48371,2307.87371,2305.46396,2305.86396,104,30,-7.2414016451842738,-7.0789777138120282,-0.16242393137224553,-104,0.17914183552142282,118.76153846153846,104,-7.2414016451842738,-0.00071494537647964762,0.00038844840508592444
1785737700,2305.86396,2306.31396,2304.21796,2304.47796,105,31,-7.098112962842877,-7.0853561301556445,-0.012756832687232489,-105,0.18473004793218567,118.62307692307692,105,-7.098112962842877,-0.00060599769278457671,0.00040080671444604667
1785737760,2304.47796,2304.74796,2303.11239,2303.44239,106,32,-8.0010387586833733,-7.3905836729982219,-0.61045508568515139,-106,0.18804318653469315,118.48461538461538,106,-8.0010387586833733,-0.00053624421647668896,0.00040817861855597161
1785737820,2303.44239,2303.77239,2302.41666,2302.81666,107,20,-9.9707507312317194,-8.2506393590760538,-1.7201113721556656,-107,0.18708958371181686,118.34615384615384,107,-9.9707507312317194,-0.00033241371268388775,0.00040621901639320443
1785737880,2302.81666,2303.20666,2302.33373,2302.59373,108,21,-11.961996485976442,-9.4877584013761833,-2.474238084600259,-108,0.18281676481401621,118.20769230769231,108,-11.961996485976442,-0.00012616069778292882,0.0003969800717168117
1785737940,2302.59373,2303.15289,2302.26373,2302.70289,109,22,-13.051664603557235,-10.675727135436535,-2.3759374681206999,0,0.17556036121523161,118.06923076923077,109,-13.051664603557235,-2.1149003757159335e-06,0.00038120497867449936
1785738000,2302.70289,2303.29405,2302.30289,2303.02405,110,23,-13.219620377013893,-11.523691549295656,-1.6959288277182374,110,0.16555613679503708,117.93076923076923,110,-13.219620377013893,7.2590203198608094e-05,0.00035943206236825251
1785738060,2303.02405,2303.74085,2302.76405,2303.41085,111,24,-12.29282309149089,-11.780068730027402,-0.51275436146348774,111,0.15367976651837759,117.79230769230769,111,-12.29282309149089,0.0001873946609762811,0.00033359173965508056
1785738120,2303.41085,2304.10844,2303.08085,2303.71844,112,25,-10.25040863027133,-11.270182030108712,1.0197733998373817,112,0.14342274929542936,117.65384615384616,112,-10.25040863027133,0.00014354861027499055,0.00031128532637744863
1785738180,2303.71844,2304.28083,2303.31844,2303.83083,113,26,-8.1861622046213256,-10.242175421612917,2.056013216991591,113,0.13337965020523104,117.51538461538462,113,-8.1861622046213256,7.5583451463856477e-05,0.00028947362034657516
1785738240,2303.83083,2304.10083,2303.42272,2303.68272,114,27,-7.0712366472245884,-9.1851958301501408,2.1139591829255524,0,0.12523227993909275,117.37692307692308,114,-7.0712366472245884,-3.2386007130291716e-05,0.00027180887118668134
1785738300,2303.68272,2304.01272,2302.94207,2303.27207,115,28,-6.9260547208188443,-8.432148793706375,1.5060940728875307,-115,0.12151460882075849,117.23846153846154,115,-6.9260547208188443,-0.00014172336434725707,0.00026378691949483521
1785738360,2303.27207,2303.66207,2302.26081,2302.66081,116,29,-6.7805294619982925,-7.8816090164703478,1.1010795544720553,-116,0.12086257122215599,117.09999999999999,116,-6.7805294619982925,-0.00023781641723719105,0.00026244110877571237
1785738420,2302.66081,2303.11081,2301.70382,2301.96382,117,30,-6.6346596514304501,-7.4659592281237153,0.83129957669326515,-117,0.1208050364977329,116.96153846153847,117,-6.6346596514304501,-0.00026133806584027752,0.00026239560206843933
1785738480,2301.96382,2302.23382,2300.99799,2301.32799,118,31,-6.488444064002107,-7.1401208400831795,0.65167677608107244,-118,0.12068511819937847,116.82307692307693,118,-6.488444064002107,-0.00032127951382054931,0.0002622075573838096
1785738540,2301.32799,2301.65799,2300.50531,2300.90531,119,32,-6.6589755422242733,-6.9797390741302117,0.32076353190593831,-119,0.11975806027373664,116.68461538461538,119,-6.6589755422242733,-0.00021599509510483728,0.00026024117496981357
1785738600,2300.90531,2301.29531,2300.56483,2300.82483,120,20,-6.8132736370819069,-6.9242505951141098,0.11097695803220287,-120,0.1194785517584976,116.83076923076923,120,-6.8132736370819069,-5.5576828584591453e-05,0.00025964286850663378
1785738660,2300.82483,2301.61854,2300.49483,2301.16854,121,21,-4.8984020516867233,-6.2489677473049818,1.3505656956182586,121,0.12141300882613425,116.97692307692307,121,-4.8984020516867233,8.6475652963713401e-05,0.0002638072933722061
1785738720,2301.16854,2302.22574,2300.76854,2301.95574,122,22,-3.8506502035991068,-5.4495285660696915,1.5988783624705847,122,0.12662303785449236,117.12307692307692,122,-3.8506502035991068,0.00024161094868180299,0.00027503360654208836
1785738780,2301.95574,2303.46855,2301.69574,2303.13855,123,23,-2.7969826172515577,-4.5653465831303137,1.768363965878756,123,0.13795700915809042,117.26923076923077,123,-2.7969826172515577,0.00048544974885000869,0.00029949785078733194
1785738840,2303.13855,2304.99954,2302.80855,2304.60954,124,24,-1.7374213836477987,-3.6227048499694754,1.8852834663216766,124,0.15134460239279313,117.41538461538461,124,-1.7374213836477987,0.00059545233267854769,0.00032835193937623191
1785738900,2304.60954,2306.67006,2304.20954,2306.22006,125,25,-0.67198848393639987,-2.6391327279584509,1.967144244022051,125,0.16519012598313054,117.56153846153846,125,-0.67198848393639987,0.00067710681156896158,0.00035814042390891899
1785738960,2306.22006,2308.07588,2305.96006,2307.80588,126,26,0.39929420990720166,-1.6263237486699003,2.0256179585771017,126,0.17742725665472689,117.70769230769231,126,0.39929420990720166,0.0006853356801110877,0.00038440680429917029
1785739020,2307.80588,2309.54564,2307.47588,2309.21564,127,27,2.3927942040336792,-0.2866177644353739,2.6794119684690529,127,0.18747590894906008,117.85384615384615,127,2.3927942040336792,0.0006347942056006417,0.00040592984410295281
1785739080,2309.21564,2310.72674,2308.81564,2310.33674,128,28,4.398305084745763,1.2750231852916718,3.1232818994540912,128,0.19408753402926687,118,128,4.398305084745763,0.00052568266753372228,0.00042004165598229383
1785739140,2310.33674,2311.56421,2310.07674,2311.11421,129,29,6.4157822774920241,2.9886095493584559,3.4271727281335682,129,0.197609163854054,118.14615384615385,129,6.4157822774920241,0.00041493412913773398,0.00042751925240002304
1785739200,2311.11421,2311.82893,2310.78421,2311.55893,130,30,8.4451814280140471,4.8074668422436533,3.6377145857703939,130,0.19617540429637265,118.29230769230769,130,8.4451814280140471,0.00020435817992403571,0.00042433571939343254
1785739260,2311.55893,2312.07389,2311.15893,2311.74389,131,31,10.486458400987205,6.7004640284915045,3.7859943724957006,131,0.19104513746921475,118.43846153846154,131,10.486458400987205,0.00011603307653107464,0.00041320567190774481
1785739320,2311.74389,2312.17908,2311.48389,2311.78908,132,32,11.426440062272963,8.275789373085324,3.1506506891876391,0,0.18206440786626271,118.58461538461539,132,11.426440062272963,6.8540058625110589e-05,0.00039377382963125403
1785739380,2311.78908,2312.28784,2311.45908,2311.83784,133,20,12.3725299643667,9.6413695701791156,2.7311603941875848,0,0.17016267021151374,118.73076923076923,133,12.3725299643667,1.9134834954748214e-05,0.00036802466692800935
1785739440,2311.83784,2312.299,2311.43784,2312.029,134,21,12.357318493593892,10.546685877984043,1.8106326156098493,0,0.15687706525945955,118.87692307692308,134,12.357318493593892,2.6108488673237673e-05,0.00033926275418573806
1785739500,2312.029,2312.79984,2311.769,2312.46984,135,22,12.501777289471983,11.198383015146689,1.303394274325294,135,0.14558862389159183,119.02307692307693,135,12.501777289471983,0.0001835014688973402,0.00031479031936605017
1785739560,2312.46984,2313.60495,2312.13984,2313.21495,136,23,12.64588174541699,11.680882591903456,0.96499915351353316,136,0.13534297976679568,119.16923076923077,136,12.64588174541699,0.00027688962684013774,0.00029254302495061187
1785739620,2313.21495,2314.70466,2312.81495,2314.25466,100,24,12.479530655663723,11.947098613156879,0.53243204250684428,100,0.13109853950334638,119.31538461538462,100,12.479530655663723,0.00040553043326685412,0.00028324138602651961
1785739680,2314.25466,2315.78536,2313.99466,2315.51536,101,25,12.342993610017427,12.079063612110396,0.26392999790703087,101,0.13193379589985604,119.17692307692307,101,12.342993610017427,0.00050710627428252053,0.00028489078107401552
1785739740,2315.51536,2317.20155,2315.18536,2316.87155,102,26,12.206138933764136,12.121422052661643,0.084716881102492536,102,0.13495200741492247,119.03846153846153,102,12.206138933764136,0.00057045086198659334,0.0002912375686406147
1785739800,2316.87155,2318.55752,2316.47155,2318.16752,103,27,12.068965517241379,12.103936540854889,-0.0349710236135099,103,0.13796820732840007,118.90000000000001,103,12.068965517241379,0.00056653736209444361,0.00029758032182333413
1785739860,2318.16752,2319.69459,2317.90752,2319.24459,104,28,11.931472245611761,12.046448442440514,-0.11497619682875282,104,0.14039810881291775,118.76153846153846,104,11.931472245611761,0.00052481649520164098,0.00030268068624214785
1785739920,2319.24459,2320.23917,2318.91459,2319.96917,105,29,11.79365799883276,11.962184961237931,-0.16852696240517062,105,0.14050439195538378,118.62307692307692,105,11.79365799883276,0.00032713926241889624,0.00030281521360773898
1785739980,2319.96917,2320.58637,2319.56917,2320.25637,106,30,11.655521651626307,11.859963858034057,-0.20444220640774979,106,0.13994281204277498,118.48461538461538,106,11.655521651626307,0.00018520446530700951,0.00030156756350759414
1785740040,2320.25637,2320.64637,2319.82494,2320.08494,107,31,11.669158271043225,11.79636199570378,-0.1272037246605553,0,0.13927123784150286,118.34615384615384,107,11.669158271043225,2.0737063449516313e-05,0.00030014254099141485
1785740100,2320.08494,2320.53494,2319.17081,2319.50081,108,32,10.769180711915142,11.453968234440902,-0.68478752252575958,-108,0.14031882000265322,118.20769230769231,108,10.769180711915142,-0.00019392428199438427,0.00030247633326468466
1785740160,2319.50081,2319.77081,2318.20862,2318.60862,109,20,9.8586227115773006,10.922186393486369,-1.0635636819090681,-109,0.14403805011187779,118.06923076923077,109,9.8586227115773006,-0.00037633640108847288,0.00031061311699918931
1785740220,2318.60862,2318.93862,2317.29274,2317.55274,110,21,7.8520644445893941,9.898812410520712,-2.0467479659313179,-110,0.14787454315701287,117.93076923076923,110,7.8520644445893941,-0.00040314522253481755,0.00031903166776910732
1785740280,2317.55274,2317.94274,2316.16126,2316.49126,111,22,5.8238098347809055,8.5404782186074435,-2.716668383826538,-111,0.15183429715851873,117.79230769230769,111,5.8238098347809055,-0.00045868139430638166,0.00032772473563858547
1785740340,2316.49126,2316.94126,2315.16765,2315.56765,112,23,3.7737822817914348,6.9515795730021077,-3.1777972912106729,-112,0.15684111430579201,117.65384615384616,112,3.7737822817914348,-0.00042000906022110485,0.00033866666410241135
1785740400,2315.56765,2315.83765,2314.62535,2314.88535,113,24,1.7019048242455979,5.201687990083272,-3.4997831658376741,-113,0.16187767983261231,117.51538461538462,113,1.7019048242455979,-0.00033516243393716394,0.00034964513433162535
1785740460,2314.88535,2315.21535,2314.15969,2314.48969,114,25,-0.39189986237630253,3.3371587059300811,-3.7290585683063835,-114,0.16530903938478653,117.37692307692308,114,-0.39189986237630253,-0.00021363629416537577,0.00035711768364970884
1785740520,2314.48969,2314.87969,2313.96076,2314.36076,115,26,-2.5077094678826848,1.3888693146591593,-3.8965787825418441,-115,0.16699175438864911,117.23846153846154,115,-2.5077094678826848,-9.5559422469193578e-05,0.00036077295570084131
1785740580,2314.36076,2314.86807,2314.10076,2314.41807,116,27,-3.6549957301451754,-0.29241903360895216,-3.3625766965362232,0,0.16542702784242297,117.09999999999999,116,-3.6549957301451754,2.6743790273009438e-05,0.00035738363346433547
1785740640,2314.41807,2314.80664,2314.08807,2314.53664,117,28,-4.8135481749424534,-1.7994620807201192,-3.0140860942223342,0,0.16178667173532346,116.96153846153847,117,-4.8135481749424534,6.4017544119110426e-06,0.00034950121104007122
1785740700,2314.53664,2314.90111,2314.13664,2314.57111,118,29,-5.9834068611312308,-3.1941103408571561,-2.7892965202740747,0,0.15554216792400272,116.82307692307693,118,-5.9834068611312308,2.5564842807135335e-05,0.00033600645763698898
1785740760,2314.57111,2314.96111,2314.12378,2314.38378,119,30,-6.8475179642692332,-4.4119128819945157,-2.4356050822747175,0,0.14833867464138226,116.68461538461538,119,-6.8475179642692332,-2.0189993136021656e-05,0.00032047121122103233
1785740820,2314.38378,2314.83378,2313.54135,2313.87135,120,31,-8.730576771135107,-5.8514675117080461,-2.8791092594270609,-120,0.1427814998331387,116.83076923076923,120,-8.730576771135107,-0.00017603558620571391,0.00030853379085474806
1785740880,2313.87135,2314.14135,2312.58541,2312.98541,121,32,-8.8820937726047227,-6.8616762653402716,-2.020417507264451,-121,0.14191563695378204,116.97692307692307,121,-8.8820937726047227,-0.00036512283202227991,0.00030678022511560513
1785740940,2312.98541,2313.31541,2311.48302,2311.74302,122,20,-9.0332326283987907,-7.585528386359778,-1.4477042420390127,-122,0.14417523527774787,117.12307692307692,122,-9.0332326283987907,-0.00045699943832300249,0.00031183231447098273
1785741000,2311.74302,2312.13302,2309.89546,2310.22546,123,21,-9.1839947523778278,-8.1183505083657952,-1.0656442440120326,-123,0.15243042275901936,117.26923076923077,123,-9.1839947523778278,-0.00061829596818174792,0.00032990378081760766
1785741060,2310.22546,2310.67546,2308.16515,2308.56515,124,22,-9.334381551362684,-8.5236941893647575,-0.81068736199792646,-124,0.16223298928383259,117.41538461538461,124,-9.334381551362684,-0.00069961027942788689,0.00035137191013178158
1785741120,2308.56515,2308.83515,2306.6634,2306.9234,125,23,-9.4843944251783032,-8.8439276013026067,-0.64046682387569653,-125,0.17137645039737939,117.56153846153846,125,-9.4843944251783032,-0.00071969273834682213,0.00037143940366069237
1785741180,2306.9234,2307.2534,2305.13279,2305.46279,126,24,-9.6340347666971642,-9.1072966564341264,-0.52673811026303774,-126,0.17807723262833605,117.70769230769231,126,-9.6340347666971642,-0.00066082090293484441,0.00038620712813225677
1785741240,2305.46279,2305.85279,2303.91924,2304.31924,127,25,-9.7833039618823836,-9.3326324249168788,-0.45067153696550477,-127,0.18166065576698279,117.85384615384615,127,-9.7833039618823836,-0.00054333810362461321,0.00039417423726189688
1785741300,2304.31924,2304.76924,2303.31894,2303.57894,128,26,-10.85593220338983,-9.8403990177411966,-1.0155331856486338,-128,0.18098419781881894,118,128,-10.85593220338983,-0.00035067154458534588,0.00039283263680735627
1785741360,2303.57894,2303.84894,2302.93412,2303.26412,129,27,-12.865420925841526,-10.84873965377464,-2.0166812720668865,-129,0.17789773960525304,118.14615384615385,129,-12.865420925841526,-0.00023440507772853891,0.00038618614786838481
1785741420,2303.26412,2303.6605,2302.86412,2303.3305,130,28,-13.787878787878789,-11.828452698476024,-1.9594260894027649,0,0.1720292424431884,118.29230769230769,130,-13.787878787878789,-2.7794697219363229e-05,0.00037343586264148454
1785741480,2303.3305,2304.06656,2303.0705,2303.67656,131,29,-12.664804832110152,-12.107236743020735,-0.55756808908941657,131,0.16457987340104008,118.43846153846154,131,-12.664804832110152,0.00013870529994886027,0.00035721132961703638
1785741540,2303.67656,2304.61321,2303.34656,2304.16321,132,30,-11.536066424494031,-11.916846636845168,0.38078021235113724,132,0.15530390804265914,118.58461538461539,132,-11.536066424494031,0.00018944744402826785,0.00033700717763534454
1785741600,2304.16321,2304.91007,2303.76321,2304.64007,133,31,-9.4415289925494008,-11.091740755413246,1.6502117628638455,133,0.14502417511866261,118.73076923076923,133,-9.4415289925494008,0.00017219999058681879,0.00031463519402980482
1785741660,2304.64007,2305.30364,2304.38007,2304.97364,134,32,-7.3353177170958972,-9.8395997426407966,2.5042820255448994,134,0.13576160008126653,118.87692307692308,134,-7.3353177170958972,0.00019438861035947497,0.00029449707737496408
1785741720,2304.97364,2305.46226,2304.64364,2305.07226,135,20,-5.2174756026627023,-8.2988916959814318,3.0814160933187296,135,0.13029331716488859,119.02307692307693,135,-5.2174756026627023,7.5316875586040055e-05,0.00028262306441727037
1785741780,2305.07226,2305.52226,2304.50318,2304.90318,136,21,-4.2292796281951981,-6.9423543400526881,2.7130747118574901,0,0.12675399152767297,119.16923076923077,136,-4.2292796281951981,-3.6086489279441025e-05,0.00027496597824051112
1785741840,2304.90318,2305.17318,2304.2388,2304.4988,100,22,-4.0732383469795632,-5.9859823423616465,1.9127439953820833,-100,0.12523944207444981,119.31538461538462,100,-4.0732383469795632,-0.00014720541216739491,0.00027172815640964928
1785741900,2304.4988,2304.8288,2303.62077,2303.95077,101,23,-3.9269347447234235,-5.2996331431489061,1.3726983984254826,-101,0.12518419852561163,119.17692307692307,101,-3.9269347447234235,-0.00021848777926347651,0.00027167290238066074
1785741960,2303.95077,2304.34077,2302.99318,2303.39318,102,24,-3.780290791599354,-4.793185692632389,1.012894901033035,-102,0.124495798996409,119.03846153846153,102,-3.780290791599354,-0.00024208848711015918,0.00027024435098051516
1785742020,2303.39318,2303.84318,2302.71775,2302.97775,103,25,-3.6333052985702268,-4.4065588946116687,0.77325359604144195,-103,0.1235381655197625,118.90000000000001,103,-3.6333052985702268,-0.00017198656223715858,0.00026821397974809461
1785742080,2302.97775,2303.24775,2302.51568,2302.84568,104,26,-3.4859770710538247,-4.0996982867590539,0.61372121570522919,-104,0.12186405310246626,118.76153846153846,104,-3.4859770710538247,-0.00013454335784057747,0.00026459448446946356
1785742140,2302.84568,2303.43118,2302.44568,2303.10118,105,27,-1.5679916996303742,-3.2557960910494943,1.6878043914191201,105,0.12217311177318273,118.62307692307692,105,-1.5679916996303742,5.3400061252872888e-05,0.00026523609304299585
1785742200,2303.10118,2304.18161,2302.84118,2303.79161,106,28,0.37135622930597939,-2.04674531759767,2.4181015469036495,106,0.12703699575420835,118.48461538461538,106,0.37135622930597939,0.00026575797267280876,0.00027571286222847287
1785742260,2303.79161,2305.34776,2303.46161,2304.89776,107,29,1.2759181020474488,-0.93919084438263056,2.2151089464300795,107,0.135885169314578,118.34615384615384,107,1.2759181020474488,0.00041849260908488617,0.00029477483052128524
1785742320,2304.89776,2306.60613,2304.49776,2306.33613,108,30,1.1251382833344179,-0.25108113514361452,1.3762194184780325,108,0.14731445833359252,118.20769230769231,108,1.1251382833344179,0.00053978025830492271,0.00031936901221244043
1785742380,2306.33613,2308.30273,2306.07613,2307.97273,109,31,0.97400482116098763,0.15728085029125283,0.81672397086973481,109,0.16247154648519813,118.06923076923077,109,0.97400482116098763,0.00070977516780601491,0.00035197891286436068
1785742440,2307.97273,2310.03602,2307.64273,2309.64602,110,32,0.82251646989759308,0.3790260568266996,0.44349041307089349,110,0.17608899278449097,117.93076923076923,110,0.82251646989759308,0.00071816554906778407,0.00038120342091315566
1785742500,2309.64602,2311.64473,2309.24602,2311.19473,111,20,1.7658198915953764,0.84129066841625844,0.92452922317911801,111,0.18716627439539424,117.79230769230769,111,1.7658198915953764,0.00068700039920432943,0.0004049123857153183
1785742560,2311.19473,2312.75549,2310.93473,2312.48549,112,21,3.8247793396534813,1.8357868921619993,1.988992447491482,112,0.1947858779821964,117.65384615384616,112,3.8247793396534813,0.00058986920747461369,0.00042116129771304289
1785742620,2312.48549,2313.76545,2312.15549,2313.43545,113,22,5.9056097401322249,3.1923945081520744,2.7132152319801506,113,0.19867788969131586,117.51538461538462,113,5.9056097401322249,0.00045845882273720662,0.0004294001150784558
1785742680,2313.43545,2314.41551,2313.03545,2314.02551,114,23,8.0083884920374864,4.7977258361138784,3.210662655923608,114,0.19807401779973072,117.37692307692308,114,8.0083884920374864,0.00030546870463332709,0.00042798581291294998
1785742740,2314.02551,2314.75204,2313.76551,2314.30204,115,24,10.133193360015747,6.576215010747835,3.5569783492679123,115,0.19452277778740498,117.23846153846154,115,10.133193360015747,0.00019347325905272328,0.00042026229598666592
1785742800,2314.30204,2314.6366,2313.97204,2314.3666,116,25,11.289496157130658,8.1473087262087773,3.1421874309218811,0,0.18638911641299094,117.09999999999999,116,11.289496157130658,2.2418594241457868e-05,0.00040267846159936578
1785742860,2314.3666,2314.6966,2313.9557,2314.3557,117,26,12.457086484708977,9.5839013123755112,2.873185172333466,0,0.17495398434249151,116.96153846153847,117,12.457086484708977,4.7184271263489563e-06,0.0003779755729477787
1785742920,2314.3557,2314.80419,2314.0957,2314.41419,118,27,13.636004477513662,10.934602367421562,2.7014021100921006,0,0.16114605465949891,116.82307692307693,118,13.636004477513662,4.4083667120276004e-05,0.00034813572988743843
1785742980,2314.41419,2315.1172,2314.08419,2314.6672,119,28,13.815017469839805,11.894740734894309,1.9202767349454959,119,0.14733018617008106,116.68461538461538,119,13.815017469839805,7.9859250572411611e-05,0.00031825349702557901
1785743040,2314.6672,2315.4658,2314.2672,2315.1958,120,29,13.960363444824861,12.583281638204493,1.3770818066203674,120,0.13569252519259598,116.83076923076923,120,13.960363444824861,0.00015267124608264737,0.00029304762299714774
1785743100,2315.1958,2316.35076,2314.9358,2316.02076,121,30,14.105346222134544,13.090636499514511,1.014709722620033,121,0.1296130857372014,116.97692307692307,121,14.105346222134544,0.00034242435885722955,0.00027981848862443143
1785743160,2316.02076,2317.48738,2315.69076,2317.09738,122,31,14.249967161434389,13.477080053487805,0.772887107946584,122,0.12648999392826921,117.12307692307692,122,14.249967161434389,0.00042715342362775743,0.00027294924032987599
1785743220,2317.09738,2318.77243,2316.69738,2318.32243,123,32,14.394227615611676,13.782795907529097,0.61143170808257885,123,0.12765927415711037,117.26923076923077,123,14.394227615611676,0.0005058548527951956,0.00027532683224979702
1785743280,2318.32243,2319.82187,2318.06243,2319.55187,124,20,14.53812893081761,14.034573581958604,0.5035553488590061,124,0.13016116101666769,117.41538461538461,124,14.53812893081761,0.00052388329426289459,0.00028057393908735421
1785743340,2319.55187,2320.95618,2319.22187,2320.62618,125,21,14.681672446509193,14.250273203475469,0.43139924303372368,125,0.13195865177662511,117.56153846153846,125,14.681672446509193,0.00048397785480780442,0.00028431690746638281
1785743400,2320.62618,2321.78868,2320.22618,2321.39868,126,22,14.824859495490784,14.441801967480576,0.38305752801020887,126,0.1324009154883517,117.70769230769231,126,14.824859495490784,0.0003747873056347828,0.00028517487458972732
1785743460,2321.39868,2322.21169,2321.13868,2321.76169,127,23,14.967691403955357,14.617098446305503,0.35059295764985343,127,0.13236148016667321,117.85384615384615,127,14.967691403955357,0.00024389085495357676,0.00028504536175431774
1785743520,2321.76169,2322.03169,2321.33582,2321.66582,128,24,14.025423728813559,14.419873540474857,-0.394449811661298,0,0.13333490601562692,118,128,14.025423728813559,-1.130354318501503e-05,0.00028715352758138744
1785743580,2321.66582,2321.99582,2320.72878,2321.12878,129,25,12.916205482127742,13.918650854359152,-1.0024453722314099,-129,0.13572502466106712,118.14615384615385,129,12.916205482127742,-0.00016942488332194472,0.00029236857909509684
1785743640,2321.12878,2321.51878,2319.97222,2320.23222,130,26,11.801274548055664,13.21285875225799,-1.4115842042023257,-130,0.13947342297598861,118.29230769230769,130,11.801274548055664,-0.00030593491067598677,0.00030055918923492194
1785743700,2320.23222,2320.68222,2318.77713,2319.10713,131,27,9.7350133142820034,12.053576939599328,-2.3185636253173243,-131,0.14604101086704199,118.43846153846154,131,9.7350133142820034,-0.00045354516639317666,0.00031486473603968871
1785743760,2319.10713,2319.37713,2317.51041,2317.91041,132,28,7.6569797612869746,10.588044546828545,-2.9310647855415706,-132,0.15465895191207188,118.58461538461539,132,7.6569797612869746,-0.00054171370427535948,0.00033361719082160708
1785743820,2317.91041,2318.24041,2316.53696,2316.79696,133,29,5.5672173631357307,8.9144354855976076,-3.3472181224618769,-133,0.1615154022010496,118.73076923076923,133,5.5672173631357307,-0.00046361768444480589,0.00034857478879169802
1785743880,2316.79696,2317.18696,2315.56229,2315.89229,134,30,3.4657693800957681,7.098213450430328,-3.63244407033456,-134,0.16739838954430825,118.87692307692308,134,3.4657693800957681,-0.00042197762552032003,0.00036141229509492482
1785743940,2315.89229,2316.34229,2314.87063,2315.27063,135,31,1.3526788599495896,5.1830352536034159,-3.8303563936538261,-135,0.1721828790239272,119.02307692307693,135,1.3526788599495896,-0.00031061109610330817,0.00037184179851995787
1785744000,2315.27063,2315.54063,2314.68261,2314.94261,136,32,-0.77201136070229803,3.1980197155015118,-3.97003107620381,-136,0.1746890037289611,119.16923076923077,136,-0.77201136070229803,-0.00018971109419929633,0.00037730741784773895
1785744060,2314.94261,2315.27261,2314.52458,2314.85458,100,20,-1.7600412610405518,1.5453327233208243,-3.3053739843613759,0,0.17437660795472359,119.31538461538462,100,-1.7600412610405518,-7.4022570244913766e-05,0.0003766470029290643
1785744120,2314.85458,2315.28983,2314.45458,2314.89983,101,21,-2.76060156199574,0.11002129488196966,-2.8706228568777097,0,0.17148610280448801,119.17692307692307,101,-2.76060156199574,-1.0842882165462697e-06,0.00037039637867286894
1785744180,2314.89983,2315.38952,2314.63983,2314.93952,102,22,-3.7718901453957998,-1.1839491852106201,-2.5879409601851799,0,0.16419319349718606,119.03846153846153,102,-3.7718901453957998,4.6744282578004004e-05,0.00035463819265823854
1785744240,2314.93952,2315.20952,2314.49966,2314.82966,103,23,-4.7939444911690492,-2.3872809538634296,-2.4066635373056195,0,0.15609748763142134,118.90000000000001,103,-4.7939444911690492,-6.1921561097300071e-05,0.00033716841098239026
1785744300,2314.82966,2315.15966,2314.04895,2314.44895,104,24,-6.7025066390310251,-3.8256895155859612,-2.8768171234450639,-104,0.14800894714023183,118.76153846153846,104,-6.7025066390310251,-0.00012691064783343364,0.00031974986343991693
1785744360,2314.44895,2314.83895,2313.46269,2313.72269,105,25,-6.5585889371636084,-4.7366559894451772,-1.8219329477184312,-105,0.14246840219991785,118.62307692307692,105,-6.5585889371636084,-0.00023523943879322218,0.00030787700448215306
1785744420,2313.72269,2314.17269,2312.30816,2312.63816,106,26,-6.4143348698305527,-5.2958822829069696,-1.1184525869235831,-106,0.14211795141337091,118.48461538461538,106,-6.4143348698305527,-0.00041859953049439014,0.00030726369968177579
1785744480,2312.63816,2312.90816,2310.84873,2311.24873,107,27,-6.2697432564185895,-5.6205026074108435,-0.64924064900774603,-107,0.14767085174075684,118.34615384615384,107,-6.2697432564185895,-0.00059295850804552686,0.00031946118525451138
1785744540,2311.24873,2311.57873,2309.40595,2309.66595,108,28,-6.124812910782846,-5.788606041868178,-0.336206868914668,-108,0.15425246302776296,118.20769230769231,108,-6.124812910782846,-0.00062816935090292958,0.00033392807957307192
1785744600,2309.66595,2310.05595,2307.71101,2308.04101,109,29,-5.9795426412144117,-5.8522515749835895,-0.1272910662308222,-109,0.16280198236911622,118.06923076923077,109,-5.9795426412144117,-0.00069897516197503506,0.00035268433633489947
1785744660,2308.04101,2308.49101,2306.1389,2306.5389,110,30,-5.8339312504076712,-5.8461448001249501,0.012213549717278838,-110,0.1695789905055399,117.93076923076923,110,-5.8339312504076712,-0.0006700610894752046,0.00036760487868975431
1785744720,2306.5389,2306.8089,2305.05005,2305.31005,111,31,-5.6879775354274145,-5.7934223785591055,0.105444843131691,-111,0.17338740416835308,117.79230769230769,111,-5.6879775354274145,-0.00057807666878861852,0.00037606092110766855
1785744780,2305.31005,2305.64005,2304.13445,2304.46445,112,32,-5.5416802876757103,-5.7095083482646407,0.16782806058893041,-112,0.1740989263907303,117.65384615384616,112,-5.5416802876757103,-0.00042368066279596661,0.0003777427037130694
1785744840,2304.46445,2304.85445,2303.65305,2304.05305,113,20,-6.5097859527394117,-5.9762675497562316,-0.5335184029831801,-113,0.17238613374373435,117.51538461538462,113,-6.5097859527394117,-0.0002427749108884214,0.00037409323918070019
1785744900,2304.05305,2304.50981,2303.79305,2304.05981,114,21,-6.5174651025624222,-6.1566667340249621,-0.36079836853746006,0,0.16745909759330666,117.37692307692308,114,-6.5174651025624222,-2.862656043234324e-05,0.00036340006640996579
1785744960,2304.05981,2304.67576,2303.72981,2304.40576,115,22,-7.6596023882947311,-6.6576452854482193,-1.0019571028465117,0,0.16092139545286013,117.23846153846154,115,-7.6596023882947311,6.4904788924735612e-05,0.00034916028732036352
1785745020,2304.40576,2305.29437,2304.00576,2304.96437,116,23,-6.6780529461998297,-6.66444783903209,-0.013605107167739661,116,0.15373103584239306,117.09999999999999,116,-6.6780529461998297,0.00021019194849536404,0.0003334781175866789
1785745080,2304.96437,2305.97542,2304.70437,2305.58542,117,24,-4.5314041433738899,-5.9534332738126903,1.4220291304388004,117,0.14713665373489848,116.96153846153847,117,-4.5314041433738899,0.00028931791564090759,0.00031908740500037185
1785745140,2305.58542,2306.57298,2305.25542,2306.12298,118,25,-2.3625469151247778,-4.7564711542500531,2.3939242391252753,118,0.14047104927913937,116.82307692307693,118,-2.3625469151247778,0.00024376805110470912,0.00030456105441336733
1785745200,2306.12298,2306.73245,2305.72298,2306.46245,119,26,-0.48849627529830575,-3.3338128612661375,2.845316585967832,119,0.13483498816136599,116.68461538461538,119,-0.48849627529830575,0.00013969923158363429,0.00029229825129250642
1785745260,2306.46245,2306.87165,2306.20245,2306.54165,120,27,1.4037397945746641,-1.7546286426525373,3.1583684372272014,120,0.13188442734599753,116.83076923076923,120,1.4037397945746641,0.00010085895214739793,0.00028589214364717309
1785745320,2306.54165,2306.93165,2306.03224,2306.36224,121,28,2.2739527849016903,-0.41176816680112815,2.6857209517028187,0,0.13155768310297505,116.97692307692307,121,2.2739527849016903,-4.1855801195644915e-05,0.00028520602883043872
1785745380,2306.36224,2306.81224,2305.58924,2305.98924,122,29,2.1088926835675816,0.42845211665510841,1.6804405669124733,-122,0.13165919644161417,117.12307692307692,122,2.1088926835675816,-0.00013519715883258954,0.00028547226968330124
1785745440,2305.98924,2306.25924,2305.2789,2305.5389,123,30,1.944244014430961,0.93371608258039263,1.0105279318505684,-123,0.13143638191087806,117.26923076923077,123,1.944244014430961,-0.00018990033828014674,0.00028504481514252057
1785745500,2305.5389,2305.8689,2304.82696,2305.15696,124,31,1.7800052410901468,1.2158124687503107,0.56419277233983611,-124,0.12983328435134497,117.41538461538461,124,1.7800052410901468,-0.00017700082565141884,0.0002816148457659581
1785745560,2305.15696,2305.54696,2304.59142,2304.99142,125,32,1.6161748347837466,1.3492665907614558,0.26690824402229074,-125,0.12680277319115876,117.56153846153846,125,1.6161748347837466,-0.00010455077857063344,0.00027506126940628428
1785745620,2304.99142,2305.61471,2304.73142,2305.16471,126,20,3.5936478891648149,2.097393690229242,1.4962541989355729,126,0.12616624566712759,117.70769230769231,126,3.5936478891648149,5.5100846014788374e-05,0.00027365993657591517
1785745680,2305.16471,2306.02032,2304.83471,2305.75032,127,21,5.583186476078585,3.2593246188456897,2.3238618572328953,127,0.12723199674298713,117.85384615384615,127,5.583186476078585,0.00015825633435273545,0.00027590150511827127
1785745740,2305.75032,2307.08823,2305.35032,2306.75823,128,22,6.6610169491525424,4.393222062281307,2.2677948868712354,128,0.13379030595518063,118,128,6.6610169491525424,0.00037459772927572743,0.00028999637719983473
1785745800,2306.75823,2308.52171,2306.49823,2308.13171,129,23,6.8135946350673873,5.2000129198766674,1.6135817151907199,129,0.14582975152344144,118.14615384615385,129,6.8135946350673873,0.00057141606102639741,0.00031590431103136965
1785745860,2308.13171,2310.20617,2307.80171,2309.75617,130,24,6.9657952919755495,5.7886070439096287,1.1771882480659208,130,0.15936366302057978,118.29230769230769,130,6.9657952919755495,0.00066600653276527311,0.00034497940754625144
1785745920,2309.75617,2311.74849,2309.35617,2311.47849,131,25,7.1176203156459055,6.2316114678217218,0.88600884782418365,131,0.17195810670919354,118.43846153846154,131,7.1176203156459055,0.00069537943381270395,0.00037196562168569764
1785745980,2311.47849,2313.46316,2311.21849,2313.13316,132,26,7.2690710949662689,6.5774313435365714,0.69163975142969747,132,0.18472155937118315,118.58461538461539,132,7.2690710949662689,0.00075436339507817252,0.000399288641409609
1785746040,2313.13316,2314.96073,2312.80316,2314.57073,133,27,8.3803045027534822,7.1783890632755423,1.2019154394779399,133,0.19337956115489191,118.73076923076923,133,8.3803045027534822,0.00065126246407487542,0.00041774390094981436
1785746100,2314.57073,2316.13323,2314.17073,2315.68323,134,28,10.464604633104697,8.2737942532185933,2.1908103798861038,134,0.19822155017451309,118.87692307692308,134,10.464604633104697,0.00052599156819344017,0.00042799798263969179
1785746160,2315.68323,2316.692,2315.42323,2316.422,135,29,12.560589413817617,9.7027259734182678,2.857863440399349,135,0.19925358824029329,119.02307692307693,135,12.560589413817617,0.00036705682779114568,0.00043008913799017032
1785746220,2316.422,2317.13476,2316.092,2316.80476,136,30,14.668215853343662,11.357889266726733,3.3103265866169291,136,0.19599157878110501,119.16923076923077,136,14.668215853343662,0.00021502789713601089,0.00042297819428924389
1785746280,2316.80476,2317.30063,2316.40476,2316.91063,100,31,16.477338662884403,13.064372398779291,3.4129662641051119,100,0.18797142019783133,119.31538461538462,100,16.477338662884403,8.4096801773014818e-05,0.00040565099439729218
1785746340,2316.91063,2317.36063,2316.60391,2316.86391,101,32,17.494997740915252,14.541247512824613,2.9537502280906391,0,0.17805646603036868,119.17692307692307,101,17.494997740915252,3.0562291634339545e-05,0.00038426181456287749
